[INFO] File logging enabled: /home/dae/Work/VZ/Ljod/.kls/logs/2026-09-02_082825_1543958.log
[INFO] async     Database has version 0 != 5 (the required version), therefore it will be rebuilt...
[INFO] async     JarIndex table created
[INFO] async     Adding workspace folder workspace
[INFO] async     Searching /home/dae/Work/VZ/Ljod using exclusions: [.git, .hg, .svn, .idea, .idea_modules, .vs, .vscode, .code-workspace, .settings, bazel-*, bin, build, node_modules, target, *.kts]
[INFO] async     Adding 52 files under /home/dae/Work/VZ/Ljod to source path
[INFO] async     Updated exclusions: [.git, .hg, .svn, .idea, .idea_modules, .vs, .vscode, .code-workspace, .settings, bazel-*, bin, build, node_modules, target, *.kts]
[INFO] async     Searching for dependencies and Java sources in workspace root /home/dae/Work/VZ/Ljod
[INFO] async     Cached classpath is outdated or not found. Resolving again
[ERROR] async     TOOLING API: Error fetching model: Could not fetch model of type 'EclipseProject' using connection to Gradle distribution 'https://services.gradle.org/distributions/gradle-9.7.1-bin.zip'.
[ERROR] async     TOOLING API: EXCEPTION during resolution for /home/dae/Work/VZ/Ljod: Could not fetch model of type 'EclipseProject' using connection to Gradle distribution 'https://services.gradle.org/distributions/gradle-9.7.1-bin.zip'.
[WARN] async     TOOLING API: Falling back to CLI for /home/dae/Work/VZ/Ljod
[ERROR] async     CLI: Gradle task FAILED: 
FAILURE: Build failed with an exception.

* Where:
Initialization script '/tmp/classpath1724045521665495007.gradle' line: 9

* What went wrong:
Execution failed for task ':app:kotlinLSPProjectDeps' (registered in initialization script '/tmp/classpath1724045521665495007.gradle').
> Could not find method getBootClasspath() for arguments [] on object of type com.android.build.gradle.internal.dsl.ApplicationExtensionImpl$AgpDecorated.

* Try:
> Run with --stacktrace option to get the stack trace.
> Run with --info or --debug option to get more log output.
> Run with --scan to get full insights from a Build Scan (powered by Develocity).
> Get more help at https://help.gradle.org.

BUILD FAILED in 5s
[INFO]           Found kotlinc at /usr/bin/kotlinc
[INFO]           Could not resolve kotlin-stdlib using Maven: Cannot invoke "java.nio.file.Path.getFileSystem()" because "path" is null
[INFO]           Successfully resolved kotlin-stdlib using Gradle to /home/dae/.gradle/caches/modules-2/files-2.1/org.jetbrains.kotlin/kotlin-stdlib/2.4.0/4e9f4b531dce5c7dee58ed2de9a8b9a763c8dc6c/kotlin-stdlib-2.4.0.jar
[INFO] async     Adding [/home/dae/.gradle/caches/modules-2/files-2.1/org.jetbrains.kotlin/kotlin-stdlib/2.4.0/4e9f4b531dce5c7dee58ed2de9a8b9a763c8dc6c/kotlin-stdlib-2.4.0.jar] to class path
[INFO] async     Update build script path
[INFO] async     Cached build script classpath is outdated or not found. Resolving again
[INFO] async     Cached classpath with sources is outdated or not found. Resolving again
[INFO]           Found kotlinc at /usr/bin/kotlinc
[INFO]           Could not resolve kotlin-stdlib using Maven: Cannot invoke "java.nio.file.Path.getFileSystem()" because "path" is null
[INFO]           Successfully resolved kotlin-stdlib using Gradle to /home/dae/.gradle/caches/modules-2/files-2.1/org.jetbrains.kotlin/kotlin-stdlib/2.4.0/4e9f4b531dce5c7dee58ed2de9a8b9a763c8dc6c/kotlin-stdlib-2.4.0.jar
[ERROR] async     CLI: Gradle task FAILED: e: file:///home/dae/Work/VZ/Ljod/app/build.gradle.kts:69:1: Unexpected symbol
e: file:///home/dae/Work/VZ/Ljod/app/build.gradle.kts:71:1: Unexpected symbol
e: file:///home/dae/Work/VZ/Ljod/app/build.gradle.kts:71:14: Unexpected symbol
e: file:///home/dae/Work/VZ/Ljod/app/build.gradle.kts:73:5: Unexpected symbol
e: file:///home/dae/Work/VZ/Ljod/app/build.gradle.kts:73:9: Unexpected symbol
e: file:///home/dae/Work/VZ/Ljod/app/build.gradle.kts:73:20: Unexpected symbol
e: file:///home/dae/Work/VZ/Ljod/app/build.gradle.kts:73:22: Unexpected symbol
e: file:///home/dae/Work/VZ/Ljod/app/build.gradle.kts:73:30: Unexpected symbol
e: file:///home/dae/Work/VZ/Ljod/app/build.gradle.kts:73:31: Unexpected symbol
e: file:///home/dae/Work/VZ/Ljod/app/build.gradle.kts:73:35: Unexpected symbol
e: file:///home/dae/Work/VZ/Ljod/app/build.gradle.kts:73:36: Unexpected symbol
e: file:///home/dae/Work/VZ/Ljod/app/build.gradle.kts:73:43: Unexpected symbol
e: file:///home/dae/Work/VZ/Ljod/app/build.gradle.kts:73:44: Unexpected symbol
e: file:///home/dae/Work/VZ/Ljod/app/build.gradle.kts:73:47: Unexpected symbol
e: file:///home/dae/Work/VZ/Ljod/app/build.gradle.kts:74:5: Unexpected symbol
e: file:///home/dae/Work/VZ/Ljod/app/build.gradle.kts:74:19: Unexpected symbol
e: file:///home/dae/Work/VZ/Ljod/app/build.gradle.kts:74:20: Unexpected symbol
e: file:///home/dae/Work/VZ/Ljod/app/build.gradle.kts:74:30: Unexpected symbol
e: file:///home/dae/Work/VZ/Ljod/app/build.gradle.kts:75:5: Unexpected symbol
e: file:///home/dae/Work/VZ/Ljod/app/build.gradle.kts:75:19: Unexpected symbol
e: file:///home/dae/Work/VZ/Ljod/app/build.gradle.kts:75:20: Unexpected symbol
e: file:///home/dae/Work/VZ/Ljod/app/build.gradle.kts:75:24: Unexpected symbol
e: file:///home/dae/Work/VZ/Ljod/app/build.gradle.kts:75:25: Unexpected symbol
e: file:///home/dae/Work/VZ/Ljod/app/build.gradle.kts:75:32: Unexpected symbol
e: file:///home/dae/Work/VZ/Ljod/app/build.gradle.kts:75:33: Unexpected symbol
e: file:///home/dae/Work/VZ/Ljod/app/build.gradle.kts:75:35: Unexpected symbol
e: file:///home/dae/Work/VZ/Ljod/app/build.gradle.kts:76:5: Unexpected symbol
e: file:///home/dae/Work/VZ/Ljod/app/build.gradle.kts:76:19: Unexpected symbol
e: file:///home/dae/Work/VZ/Ljod/app/build.gradle.kts:76:20: Unexpected symbol
e: file:///home/dae/Work/VZ/Ljod/app/build.gradle.kts:76:24: Unexpected symbol
e: file:///home/dae/Work/VZ/Ljod/app/build.gradle.kts:76:25: Unexpected symbol
e: file:///home/dae/Work/VZ/Ljod/app/build.gradle.kts:76:32: Unexpected symbol
e: file:///home/dae/Work/VZ/Ljod/app/build.gradle.kts:76:33: Unexpected symbol
e: file:///home/dae/Work/VZ/Ljod/app/build.gradle.kts:76:35: Unexpected symbol
e: file:///home/dae/Work/VZ/Ljod/app/build.gradle.kts:76:36: Unexpected symbol
e: file:///home/dae/Work/VZ/Ljod/app/build.gradle.kts:76:44: Unexpected symbol
e: file:///home/dae/Work/VZ/Ljod/app/build.gradle.kts:77:5: Unexpected symbol
e: file:///home/dae/Work/VZ/Ljod/app/build.gradle.kts:77:19: Unexpected symbol
e: file:///home/dae/Work/VZ/Ljod/app/build.gradle.kts:77:20: Unexpected symbol
e: file:///home/dae/Work/VZ/Ljod/app/build.gradle.kts:77:24: Unexpected symbol
e: file:///home/dae/Work/VZ/Ljod/app/build.gradle.kts:77:25: Unexpected symbol
e: file:///home/dae/Work/VZ/Ljod/app/build.gradle.kts:77:32: Unexpected symbol
e: file:///home/dae/Work/VZ/Ljod/app/build.gradle.kts:77:33: Unexpected symbol
e: file:///home/dae/Work/VZ/Ljod/app/build.gradle.kts:77:42: Unexpected symbol
e: file:///home/dae/Work/VZ/Ljod/app/build.gradle.kts:78:5: Unexpected symbol
e: file:///home/dae/Work/VZ/Ljod/app/build.gradle.kts:78:19: Unexpected symbol
e: file:///home/dae/Work/VZ/Ljod/app/build.gradle.kts:78:20: Unexpected symbol
e: file:///home/dae/Work/VZ/Ljod/app/build.gradle.kts:78:24: Unexpected symbol
e: file:///home/dae/Work/VZ/Ljod/app/build.gradle.kts:78:25: Unexpected symbol
e: file:///home/dae/Work/VZ/Ljod/app/build.gradle.kts:78:32: Unexpected symbol
e: file:///home/dae/Work/VZ/Ljod/app/build.gradle.kts:78:33: Unexpected symbol
e: file:///home/dae/Work/VZ/Ljod/app/build.gradle.kts:78:41: Unexpected symbol
e: file:///home/dae/Work/VZ/Ljod/app/build.gradle.kts:78:42: Unexpected symbol
e: file:///home/dae/Work/VZ/Ljod/app/build.gradle.kts:78:47: Unexpected symbol
e: file:///home/dae/Work/VZ/Ljod/app/build.gradle.kts:79:5: Unexpected symbol
e: file:///home/dae/Work/VZ/Ljod/app/build.gradle.kts:79:19: Unexpected symbol
e: file:///home/dae/Work/VZ/Ljod/app/build.gradle.kts:79:20: Unexpected symbol
e: file:///home/dae/Work/VZ/Ljod/app/build.gradle.kts:79:24: Unexpected symbol
e: file:///home/dae/Work/VZ/Ljod/app/build.gradle.kts:79:25: Unexpected symbol
e: file:///home/dae/Work/VZ/Ljod/app/build.gradle.kts:79:32: Unexpected symbol
e: file:///home/dae/Work/VZ/Ljod/app/build.gradle.kts:79:33: Unexpected symbol
e: file:///home/dae/Work/VZ/Ljod/app/build.gradle.kts:79:42: Unexpected symbol
e: file:///home/dae/Work/VZ/Ljod/app/build.gradle.kts:80:5: Unexpected symbol
e: file:///home/dae/Work/VZ/Ljod/app/build.gradle.kts:80:19: Unexpected symbol
e: file:///home/dae/Work/VZ/Ljod/app/build.gradle.kts:80:20: Unexpected symbol
e: file:///home/dae/Work/VZ/Ljod/app/build.gradle.kts:80:24: Unexpected symbol
e: file:///home/dae/Work/VZ/Ljod/app/build.gradle.kts:80:25: Unexpected symbol
e: file:///home/dae/Work/VZ/Ljod/app/build.gradle.kts:80:32: Unexpected symbol
e: file:///home/dae/Work/VZ/Ljod/app/build.gradle.kts:80:33: Unexpected symbol
e: file:///home/dae/Work/VZ/Ljod/app/build.gradle.kts:80:43: Unexpected symbol
e: file:///home/dae/Work/VZ/Ljod/app/build.gradle.kts:81:5: Unexpected symbol
e: file:///home/dae/Work/VZ/Ljod/app/build.gradle.kts:81:24: Unexpected symbol
e: file:///home/dae/Work/VZ/Ljod/app/build.gradle.kts:81:25: Unexpected symbol
e: file:///home/dae/Work/VZ/Ljod/app/build.gradle.kts:81:29: Unexpected symbol
e: file:///home/dae/Work/VZ/Ljod/app/build.gradle.kts:81:30: Unexpected symbol
e: file:///home/dae/Work/VZ/Ljod/app/build.gradle.kts:81:37: Unexpected symbol
e: file:///home/dae/Work/VZ/Ljod/app/build.gradle.kts:81:38: Unexpected symbol
e: file:///home/dae/Work/VZ/Ljod/app/build.gradle.kts:81:40: Unexpected symbol
e: file:///home/dae/Work/VZ/Ljod/app/build.gradle.kts:81:41: Unexpected symbol
e: file:///home/dae/Work/VZ/Ljod/app/build.gradle.kts:81:48: Unexpected symbol
e: file:///home/dae/Work/VZ/Ljod/app/build.gradle.kts:84:5: Unexpected symbol
e: file:///home/dae/Work/VZ/Ljod/app/build.gradle.kts:84:19: Unexpected symbol
e: file:///home/dae/Work/VZ/Ljod/app/build.gradle.kts:84:20: Unexpected symbol
e: file:///home/dae/Work/VZ/Ljod/app/build.gradle.kts:84:24: Unexpected symbol
e: file:///home/dae/Work/VZ/Ljod/app/build.gradle.kts:84:25: Unexpected symbol
e: file:///home/dae/Work/VZ/Ljod/app/build.gradle.kts:84:29: Unexpected symbol
e: file:///home/dae/Work/VZ/Ljod/app/build.gradle.kts:84:30: Unexpected symbol
e: file:///home/dae/Work/VZ/Ljod/app/build.gradle.kts:84:33: Unexpected symbol
e: file:///home/dae/Work/VZ/Ljod/app/build.gradle.kts:85:5: Unexpected symbol
e: file:///home/dae/Work/VZ/Ljod/app/build.gradle.kts:85:19: Unexpected symbol
e: file:///home/dae/Work/VZ/Ljod/app/build.gradle.kts:85:20: Unexpected symbol
e: file:///home/dae/Work/VZ/Ljod/app/build.gradle.kts:85:24: Unexpected symbol
e: file:///home/dae/Work/VZ/Ljod/app/build.gradle.kts:85:25: Unexpected symbol
e: file:///home/dae/Work/VZ/Ljod/app/build.gradle.kts:85:33: Unexpected symbol
e: file:///home/dae/Work/VZ/Ljod/app/build.gradle.kts:85:34: Unexpected symbol
e: file:///home/dae/Work/VZ/Ljod/app/build.gradle.kts:85:41: Unexpected symbol
e: file:///home/dae/Work/VZ/Ljod/app/build.gradle.kts:86:5: Unexpected symbol
e: file:///home/dae/Work/VZ/Ljod/app/build.gradle.kts:86:19: Unexpected symbol
e: file:///home/dae/Work/VZ/Ljod/app/build.gradle.kts:86:20: Unexpected symbol
e: file:///home/dae/Work/VZ/Ljod/app/build.gradle.kts:86:24: Unexpected symbol
e: file:///home/dae/Work/VZ/Ljod/app/build.gradle.kts:86:25: Unexpected symbol
e: file:///home/dae/Work/VZ/Ljod/app/build.gradle.kts:86:34: Unexpected symbol
e: file:///home/dae/Work/VZ/Ljod/app/build.gradle.kts:86:35: Unexpected symbol
e: file:///home/dae/Work/VZ/Ljod/app/build.gradle.kts:86:42: Unexpected symbol
e: file:///home/dae/Work/VZ/Ljod/app/build.gradle.kts:87:5: Unexpected symbol
e: file:///home/dae/Work/VZ/Ljod/app/build.gradle.kts:87:19: Unexpected symbol
e: file:///home/dae/Work/VZ/Ljod/app/build.gradle.kts:87:20: Unexpected symbol
e: file:///home/dae/Work/VZ/Ljod/app/build.gradle.kts:87:24: Unexpected symbol
e: file:///home/dae/Work/VZ/Ljod/app/build.gradle.kts:87:25: Unexpected symbol
e: file:///home/dae/Work/VZ/Ljod/app/build.gradle.kts:87:34: Unexpected symbol
e: file:///home/dae/Work/VZ/Ljod/app/build.gradle.kts:87:35: Unexpected symbol
e: file:///home/dae/Work/VZ/Ljod/app/build.gradle.kts:87:44: Unexpected symbol
e: file:///home/dae/Work/VZ/Ljod/app/build.gradle.kts:90:5: Unexpected symbol
e: file:///home/dae/Work/VZ/Ljod/app/build.gradle.kts:90:19: Unexpected symbol
e: file:///home/dae/Work/VZ/Ljod/app/build.gradle.kts:90:20: Unexpected symbol
e: file:///home/dae/Work/VZ/Ljod/app/build.gradle.kts:90:24: Unexpected symbol
e: file:///home/dae/Work/VZ/Ljod/app/build.gradle.kts:90:25: Unexpected symbol
e: file:///home/dae/Work/VZ/Ljod/app/build.gradle.kts:90:31: Unexpected symbol
e: file:///home/dae/Work/VZ/Ljod/app/build.gradle.kts:90:32: Unexpected symbol
e: file:///home/dae/Work/VZ/Ljod/app/build.gradle.kts:90:41: Unexpected symbol
e: file:///home/dae/Work/VZ/Ljod/app/build.gradle.kts:91:5: Unexpected symbol
e: file:///home/dae/Work/VZ/Ljod/app/build.gradle.kts:91:19: Unexpected symbol
e: file:///home/dae/Work/VZ/Ljod/app/build.gradle.kts:91:20: Unexpected symbol
e: file:///home/dae/Work/VZ/Ljod/app/build.gradle.kts:91:24: Unexpected symbol
e: file:///home/dae/Work/VZ/Ljod/app/build.gradle.kts:91:25: Unexpected symbol
e: file:///home/dae/Work/VZ/Ljod/app/build.gradle.kts:91:31: Unexpected symbol
e: file:///home/dae/Work/VZ/Ljod/app/build.gradle.kts:91:32: Unexpected symbol
e: file:///home/dae/Work/VZ/Ljod/app/build.gradle.kts:91:39: Unexpected symbol
e: file:///home/dae/Work/VZ/Ljod/app/build.gradle.kts:92:5: Unexpected symbol
e: file:///home/dae/Work/VZ/Ljod/app/build.gradle.kts:92:19: Unexpected symbol
e: file:///home/dae/Work/VZ/Ljod/app/build.gradle.kts:92:20: Unexpected symbol
e: file:///home/dae/Work/VZ/Ljod/app/build.gradle.kts:92:24: Unexpected symbol
e: file:///home/dae/Work/VZ/Ljod/app/build.gradle.kts:92:25: Unexpected symbol
e: file:///home/dae/Work/VZ/Ljod/app/build.gradle.kts:92:31: Unexpected symbol
e: file:///home/dae/Work/VZ/Ljod/app/build.gradle.kts:92:32: Unexpected symbol
e: file:///home/dae/Work/VZ/Ljod/app/build.gradle.kts:92:38: Unexpected symbol
e: file:///home/dae/Work/VZ/Ljod/app/build.gradle.kts:95:5: Unexpected symbol
e: file:///home/dae/Work/VZ/Ljod/app/build.gradle.kts:95:19: Unexpected symbol
e: file:///home/dae/Work/VZ/Ljod/app/build.gradle.kts:95:20: Unexpected symbol
e: file:///home/dae/Work/VZ/Ljod/app/build.gradle.kts:95:24: Unexpected symbol
e: file:///home/dae/Work/VZ/Ljod/app/build.gradle.kts:95:25: Unexpected symbol
e: file:///home/dae/Work/VZ/Ljod/app/build.gradle.kts:95:29: Unexpected symbol
e: file:///home/dae/Work/VZ/Ljod/app/build.gradle.kts:95:30: Unexpected symbol
e: file:///home/dae/Work/VZ/Ljod/app/build.gradle.kts:95:37: Unexpected symbol
e: file:///home/dae/Work/VZ/Ljod/app/build.gradle.kts:96:5: Unexpected symbol
e: file:///home/dae/Work/VZ/Ljod/app/build.gradle.kts:96:8: Unexpected symbol
e: file:///home/dae/Work/VZ/Ljod/app/build.gradle.kts:96:9: Unexpected symbol
e: file:///home/dae/Work/VZ/Ljod/app/build.gradle.kts:96:13: Unexpected symbol
e: file:///home/dae/Work/VZ/Ljod/app/build.gradle.kts:96:14: Unexpected symbol
e: file:///home/dae/Work/VZ/Ljod/app/build.gradle.kts:96:18: Unexpected symbol
e: file:///home/dae/Work/VZ/Ljod/app/build.gradle.kts:96:19: Unexpected symbol
e: file:///home/dae/Work/VZ/Ljod/app/build.gradle.kts:96:27: Unexpected symbol
e: file:///home/dae/Work/VZ/Ljod/app/build.gradle.kts:97:5: Unexpected symbol
e: file:///home/dae/Work/VZ/Ljod/app/build.gradle.kts:97:19: Unexpected symbol
e: file:///home/dae/Work/VZ/Ljod/app/build.gradle.kts:97:20: Unexpected symbol
e: file:///home/dae/Work/VZ/Ljod/app/build.gradle.kts:97:24: Unexpected symbol
e: file:///home/dae/Work/VZ/Ljod/app/build.gradle.kts:97:25: Unexpected symbol
e: file:///home/dae/Work/VZ/Ljod/app/build.gradle.kts:97:29: Unexpected symbol
e: file:///home/dae/Work/VZ/Ljod/app/build.gradle.kts:97:30: Unexpected symbol
e: file:///home/dae/Work/VZ/Ljod/app/build.gradle.kts:97:40: Unexpected symbol
e: file:///home/dae/Work/VZ/Ljod/app/build.gradle.kts:100:5: Unexpected symbol
e: file:///home/dae/Work/VZ/Ljod/app/build.gradle.kts:100:19: Unexpected symbol
e: file:///home/dae/Work/VZ/Ljod/app/build.gradle.kts:100:20: Unexpected symbol
e: file:///home/dae/Work/VZ/Ljod/app/build.gradle.kts:100:24: Unexpected symbol
e: file:///home/dae/Work/VZ/Ljod/app/build.gradle.kts:100:25: Unexpected symbol
e: file:///home/dae/Work/VZ/Ljod/app/build.gradle.kts:100:29: Unexpected symbol
e: file:///home/dae/Work/VZ/Ljod/app/build.gradle.kts:100:30: Unexpected symbol
e: file:///home/dae/Work/VZ/Ljod/app/build.gradle.kts:100:37: Unexpected symbol
e: file:///home/dae/Work/VZ/Ljod/app/build.gradle.kts:101:5: Unexpected symbol
e: file:///home/dae/Work/VZ/Ljod/app/build.gradle.kts:101:19: Unexpected symbol
e: file:///home/dae/Work/VZ/Ljod/app/build.gradle.kts:101:20: Unexpected symbol
e: file:///home/dae/Work/VZ/Ljod/app/build.gradle.kts:101:24: Unexpected symbol
e: file:///home/dae/Work/VZ/Ljod/app/build.gradle.kts:101:25: Unexpected symbol
e: file:///home/dae/Work/VZ/Ljod/app/build.gradle.kts:101:29: Unexpected symbol
e: file:///home/dae/Work/VZ/Ljod/app/build.gradle.kts:101:30: Unexpected symbol
e: file:///home/dae/Work/VZ/Ljod/app/build.gradle.kts:101:33: Unexpected symbol
e: file:///home/dae/Work/VZ/Ljod/app/build.gradle.kts:102:5: Unexpected symbol
e: file:///home/dae/Work/VZ/Ljod/app/build.gradle.kts:102:8: Unexpected symbol
e: file:///home/dae/Work/VZ/Ljod/app/build.gradle.kts:102:9: Unexpected symbol
e: file:///home/dae/Work/VZ/Ljod/app/build.gradle.kts:102:13: Unexpected symbol
e: file:///home/dae/Work/VZ/Ljod/app/build.gradle.kts:102:14: Unexpected symbol
e: file:///home/dae/Work/VZ/Ljod/app/build.gradle.kts:102:18: Unexpected symbol
e: file:///home/dae/Work/VZ/Ljod/app/build.gradle.kts:102:19: Unexpected symbol
e: file:///home/dae/Work/VZ/Ljod/app/build.gradle.kts:102:27: Unexpected symbol
e: file:///home/dae/Work/VZ/Ljod/app/build.gradle.kts:103:5: Unexpected symbol
e: file:///home/dae/Work/VZ/Ljod/app/build.gradle.kts:103:19: Unexpected symbol
e: file:///home/dae/Work/VZ/Ljod/app/build.gradle.kts:103:20: Unexpected symbol
e: file:///home/dae/Work/VZ/Ljod/app/build.gradle.kts:103:24: Unexpected symbol
e: file:///home/dae/Work/VZ/Ljod/app/build.gradle.kts:103:25: Unexpected symbol
e: file:///home/dae/Work/VZ/Ljod/app/build.gradle.kts:103:34: Unexpected symbol
e: file:///home/dae/Work/VZ/Ljod/app/build.gradle.kts:103:35: Unexpected symbol
e: file:///home/dae/Work/VZ/Ljod/app/build.gradle.kts:103:46: Unexpected symbol
e: file:///home/dae/Work/VZ/Ljod/app/build.gradle.kts:106:5: Unexpected symbol
e: file:///home/dae/Work/VZ/Ljod/app/build.gradle.kts:106:19: Unexpected symbol
e: file:///home/dae/Work/VZ/Ljod/app/build.gradle.kts:106:20: Unexpected symbol
e: file:///home/dae/Work/VZ/Ljod/app/build.gradle.kts:106:24: Unexpected symbol
e: file:///home/dae/Work/VZ/Ljod/app/build.gradle.kts:106:25: Unexpected symbol
e: file:///home/dae/Work/VZ/Ljod/app/build.gradle.kts:106:31: Unexpected symbol
e: file:///home/dae/Work/VZ/Ljod/app/build.gradle.kts:109:5: Unexpected symbol
e: file:///home/dae/Work/VZ/Ljod/app/build.gradle.kts:109:19: Unexpected symbol
e: file:///home/dae/Work/VZ/Ljod/app/build.gradle.kts:109:20: Unexpected symbol
e: file:///home/dae/Work/VZ/Ljod/app/build.gradle.kts:109:24: Unexpected symbol
e: file:///home/dae/Work/VZ/Ljod/app/build.gradle.kts:109:25: Unexpected symbol
e: file:///home/dae/Work/VZ/Ljod/app/build.gradle.kts:109:32: Unexpected symbol
e: file:///home/dae/Work/VZ/Ljod/app/build.gradle.kts:109:33: Unexpected symbol
e: file:///home/dae/Work/VZ/Ljod/app/build.gradle.kts:109:46: Unexpected symbol
e: file:///home/dae/Work/VZ/Ljod/app/build.gradle.kts:109:47: Unexpected symbol
e: file:///home/dae/Work/VZ/Ljod/app/build.gradle.kts:109:51: Unexpected symbol
e: file:///home/dae/Work/VZ/Ljod/app/build.gradle.kts:110:5: Unexpected symbol
e: file:///home/dae/Work/VZ/Ljod/app/build.gradle.kts:110:19: Unexpected symbol
e: file:///home/dae/Work/VZ/Ljod/app/build.gradle.kts:110:20: Unexpected symbol
e: file:///home/dae/Work/VZ/Ljod/app/build.gradle.kts:110:24: Unexpected symbol
e: file:///home/dae/Work/VZ/Ljod/app/build.gradle.kts:110:25: Unexpected symbol
e: file:///home/dae/Work/VZ/Ljod/app/build.gradle.kts:110:32: Unexpected symbol
e: file:///home/dae/Work/VZ/Ljod/app/build.gradle.kts:110:33: Unexpected symbol
e: file:///home/dae/Work/VZ/Ljod/app/build.gradle.kts:110:43: Unexpected symbol
e: file:///home/dae/Work/VZ/Ljod/app/build.gradle.kts:113:5: Unexpected symbol
e: file:///home/dae/Work/VZ/Ljod/app/build.gradle.kts:113:19: Unexpected symbol
e: file:///home/dae/Work/VZ/Ljod/app/build.gradle.kts:113:20: Unexpected symbol
e: file:///home/dae/Work/VZ/Ljod/app/build.gradle.kts:113:24: Unexpected symbol
e: file:///home/dae/Work/VZ/Ljod/app/build.gradle.kts:113:25: Unexpected symbol
e: file:///home/dae/Work/VZ/Ljod/app/build.gradle.kts:113:29: Unexpected symbol
e: file:///home/dae/Work/VZ/Ljod/app/build.gradle.kts:113:30: Unexpected symbol
e: file:///home/dae/Work/VZ/Ljod/app/build.gradle.kts:113:37: Unexpected symbol
e: file:///home/dae/Work/VZ/Ljod/app/build.gradle.kts:114:5: Unexpected symbol
e: file:///home/dae/Work/VZ/Ljod/app/build.gradle.kts:114:19: Unexpected symbol
e: file:///home/dae/Work/VZ/Ljod/app/build.gradle.kts:114:20: Unexpected symbol
e: file:///home/dae/Work/VZ/Ljod/app/build.gradle.kts:114:24: Unexpected symbol
e: file:///home/dae/Work/VZ/Ljod/app/build.gradle.kts:114:25: Unexpected symbol
e: file:///home/dae/Work/VZ/Ljod/app/build.gradle.kts:114:29: Unexpected symbol
e: file:///home/dae/Work/VZ/Ljod/app/build.gradle.kts:114:30: Unexpected symbol
e: file:///home/dae/Work/VZ/Ljod/app/build.gradle.kts:114:37: Unexpected symbol
e: file:///home/dae/Work/VZ/Ljod/app/build.gradle.kts:114:38: Unexpected symbol
e: file:///home/dae/Work/VZ/Ljod/app/build.gradle.kts:114:44: Unexpected symbol
e: file:///home/dae/Work/VZ/Ljod/app/build.gradle.kts:117:5: Unexpected symbol
e: file:///home/dae/Work/VZ/Ljod/app/build.gradle.kts:117:19: Unexpected symbol
e: file:///home/dae/Work/VZ/Ljod/app/build.gradle.kts:117:20: Unexpected symbol
e: file:///home/dae/Work/VZ/Ljod/app/build.gradle.kts:117:24: Unexpected symbol
e: file:///home/dae/Work/VZ/Ljod/app/build.gradle.kts:117:25: Unexpected symbol
e: file:///home/dae/Work/VZ/Ljod/app/build.gradle.kts:117:31: Unexpected symbol
e: file:///home/dae/Work/VZ/Ljod/app/build.gradle.kts:118:5: Unexpected symbol
e: file:///home/dae/Work/VZ/Ljod/app/build.gradle.kts:118:19: Unexpected symbol
e: file:///home/dae/Work/VZ/Ljod/app/build.gradle.kts:118:20: Unexpected symbol
e: file:///home/dae/Work/VZ/Ljod/app/build.gradle.kts:118:24: Unexpected symbol
e: file:///home/dae/Work/VZ/Ljod/app/build.gradle.kts:118:25: Unexpected symbol
e: file:///home/dae/Work/VZ/Ljod/app/build.gradle.kts:118:33: Unexpected symbol
e: file:///home/dae/Work/VZ/Ljod/app/build.gradle.kts:119:5: Unexpected symbol
e: file:///home/dae/Work/VZ/Ljod/app/build.gradle.kts:119:19: Unexpected symbol
e: file:///home/dae/Work/VZ/Ljod/app/build.gradle.kts:119:20: Unexpected symbol
e: file:///home/dae/Work/VZ/Ljod/app/build.gradle.kts:119:24: Unexpected symbol
e: file:///home/dae/Work/VZ/Ljod/app/build.gradle.kts:119:25: Unexpected symbol
e: file:///home/dae/Work/VZ/Ljod/app/build.gradle.kts:119:33: Unexpected symbol
e: file:///home/dae/Work/VZ/Ljod/app/build.gradle.kts:119:34: Unexpected symbol
e: file:///home/dae/Work/VZ/Ljod/app/build.gradle.kts:119:41: Unexpected symbol
e: file:///home/dae/Work/VZ/Ljod/app/build.gradle.kts:120:1: Unexpected symbol

FAILURE: Build failed with an exception.

* Where:
Build file '/home/dae/Work/VZ/Ljod/app/build.gradle.kts' line: 69

* What went wrong:
Script compilation errors:

  Line 069: }
            ^ Unexpected symbol

  Line 071: dependencies {
            ^ Unexpected symbol

  Line 071: dependencies {
                         ^ Unexpected symbol

  Line 073:     val composeBom = platform(libs.compose.bom)
                ^ Unexpected symbol

  Line 073:     val composeBom = platform(libs.compose.bom)
                    ^ Unexpected symbol

  Line 073:     val composeBom = platform(libs.compose.bom)
                               ^ Unexpected symbol

  Line 073:     val composeBom = platform(libs.compose.bom)
                                 ^ Unexpected symbol

  Line 073:     val composeBom = platform(libs.compose.bom)
                                         ^ Unexpected symbol

  Line 073:     val composeBom = platform(libs.compose.bom)
                                          ^ Unexpected symbol

  Line 073:     val composeBom = platform(libs.compose.bom)
                                              ^ Unexpected symbol

  Line 073:     val composeBom = platform(libs.compose.bom)
                                               ^ Unexpected symbol

  Line 073:     val composeBom = platform(libs.compose.bom)
                                                      ^ Unexpected symbol

  Line 073:     val composeBom = platform(libs.compose.bom)
                                                       ^ Unexpected symbol

  Line 073:     val composeBom = platform(libs.compose.bom)
                                                          ^ Unexpected symbol

  Line 074:     implementation(composeBom)
                ^ Unexpected symbol

  Line 074:     implementation(composeBom)
                              ^ Unexpected symbol

  Line 074:     implementation(composeBom)
                               ^ Unexpected symbol

  Line 074:     implementation(composeBom)
                                         ^ Unexpected symbol

  Line 075:     implementation(libs.compose.ui)
                ^ Unexpected symbol

  Line 075:     implementation(libs.compose.ui)
                              ^ Unexpected symbol

  Line 075:     implementation(libs.compose.ui)
                               ^ Unexpected symbol

  Line 075:     implementation(libs.compose.ui)
                                   ^ Unexpected symbol

  Line 075:     implementation(libs.compose.ui)
                                    ^ Unexpected symbol

  Line 075:     implementation(libs.compose.ui)
                                           ^ Unexpected symbol

  Line 075:     implementation(libs.compose.ui)
                                            ^ Unexpected symbol

  Line 075:     implementation(libs.compose.ui)
                                              ^ Unexpected symbol

  Line 076:     implementation(libs.compose.ui.graphics)
                ^ Unexpected symbol

  Line 076:     implementation(libs.compose.ui.graphics)
                              ^ Unexpected symbol

  Line 076:     implementation(libs.compose.ui.graphics)
                               ^ Unexpected symbol

  Line 076:     implementation(libs.compose.ui.graphics)
                                   ^ Unexpected symbol

  Line 076:     implementation(libs.compose.ui.graphics)
                                    ^ Unexpected symbol

  Line 076:     implementation(libs.compose.ui.graphics)
                                           ^ Unexpected symbol

  Line 076:     implementation(libs.compose.ui.graphics)
                                            ^ Unexpected symbol

  Line 076:     implementation(libs.compose.ui.graphics)
                                              ^ Unexpected symbol

  Line 076:     implementation(libs.compose.ui.graphics)
                                               ^ Unexpected symbol

  Line 076:     implementation(libs.compose.ui.graphics)
                                                       ^ Unexpected symbol

  Line 077:     implementation(libs.compose.material3)
                ^ Unexpected symbol

  Line 077:     implementation(libs.compose.material3)
                              ^ Unexpected symbol

  Line 077:     implementation(libs.compose.material3)
                               ^ Unexpected symbol

  Line 077:     implementation(libs.compose.material3)
                                   ^ Unexpected symbol

  Line 077:     implementation(libs.compose.material3)
                                    ^ Unexpected symbol

  Line 077:     implementation(libs.compose.material3)
                                           ^ Unexpected symbol

  Line 077:     implementation(libs.compose.material3)
                                            ^ Unexpected symbol

  Line 077:     implementation(libs.compose.material3)
                                                     ^ Unexpected symbol

  Line 078:     implementation(libs.compose.material.icons)
                ^ Unexpected symbol

  Line 078:     implementation(libs.compose.material.icons)
                              ^ Unexpected symbol

  Line 078:     implementation(libs.compose.material.icons)
                               ^ Unexpected symbol

  Line 078:     implementation(libs.compose.material.icons)
                                   ^ Unexpected symbol

  Line 078:     implementation(libs.compose.material.icons)
                                    ^ Unexpected symbol

  Line 078:     implementation(libs.compose.material.icons)
                                           ^ Unexpected symbol

  Line 078:     implementation(libs.compose.material.icons)
                                            ^ Unexpected symbol

  Line 078:     implementation(libs.compose.material.icons)
                                                    ^ Unexpected symbol

  Line 078:     implementation(libs.compose.material.icons)
                                                     ^ Unexpected symbol

  Line 078:     implementation(libs.compose.material.icons)
                                                          ^ Unexpected symbol

  Line 079:     implementation(libs.compose.animation)
                ^ Unexpected symbol

  Line 079:     implementation(libs.compose.animation)
                              ^ Unexpected symbol

  Line 079:     implementation(libs.compose.animation)
                               ^ Unexpected symbol

  Line 079:     implementation(libs.compose.animation)
                                   ^ Unexpected symbol

  Line 079:     implementation(libs.compose.animation)
                                    ^ Unexpected symbol

  Line 079:     implementation(libs.compose.animation)
                                           ^ Unexpected symbol

  Line 079:     implementation(libs.compose.animation)
                                            ^ Unexpected symbol

  Line 079:     implementation(libs.compose.animation)
                                                     ^ Unexpected symbol

  Line 080:     implementation(libs.compose.foundation)
                ^ Unexpected symbol

  Line 080:     implementation(libs.compose.foundation)
                              ^ Unexpected symbol

  Line 080:     implementation(libs.compose.foundation)
                               ^ Unexpected symbol

  Line 080:     implementation(libs.compose.foundation)
                                   ^ Unexpected symbol

  Line 080:     implementation(libs.compose.foundation)
                                    ^ Unexpected symbol

  Line 080:     implementation(libs.compose.foundation)
                                           ^ Unexpected symbol

  Line 080:     implementation(libs.compose.foundation)
                                            ^ Unexpected symbol

  Line 080:     implementation(libs.compose.foundation)
                                                      ^ Unexpected symbol

  Line 081:     debugImplementation(libs.compose.ui.tooling)
                ^ Unexpected symbol

  Line 081:     debugImplementation(libs.compose.ui.tooling)
                                   ^ Unexpected symbol

  Line 081:     debugImplementation(libs.compose.ui.tooling)
                                    ^ Unexpected symbol

  Line 081:     debugImplementation(libs.compose.ui.tooling)
                                        ^ Unexpected symbol

  Line 081:     debugImplementation(libs.compose.ui.tooling)
                                         ^ Unexpected symbol

  Line 081:     debugImplementation(libs.compose.ui.tooling)
                                                ^ Unexpected symbol

  Line 081:     debugImplementation(libs.compose.ui.tooling)
                                                 ^ Unexpected symbol

  Line 081:     debugImplementation(libs.compose.ui.tooling)
                                                   ^ Unexpected symbol

  Line 081:     debugImplementation(libs.compose.ui.tooling)
                                                    ^ Unexpected symbol

  Line 081:     debugImplementation(libs.compose.ui.tooling)
                                                           ^ Unexpected symbol

  Line 084:     implementation(libs.core.ktx)
                ^ Unexpected symbol

  Line 084:     implementation(libs.core.ktx)
                              ^ Unexpected symbol

  Line 084:     implementation(libs.core.ktx)
                               ^ Unexpected symbol

  Line 084:     implementation(libs.core.ktx)
                                   ^ Unexpected symbol

  Line 084:     implementation(libs.core.ktx)
                                    ^ Unexpected symbol

  Line 084:     implementation(libs.core.ktx)
                                        ^ Unexpected symbol

  Line 084:     implementation(libs.core.ktx)
                                         ^ Unexpected symbol

  Line 084:     implementation(libs.core.ktx)
                                            ^ Unexpected symbol

  Line 085:     implementation(libs.activity.compose)
                ^ Unexpected symbol

  Line 085:     implementation(libs.activity.compose)
                              ^ Unexpected symbol

  Line 085:     implementation(libs.activity.compose)
                               ^ Unexpected symbol

  Line 085:     implementation(libs.activity.compose)
                                   ^ Unexpected symbol

  Line 085:     implementation(libs.activity.compose)
                                    ^ Unexpected symbol

  Line 085:     implementation(libs.activity.compose)
                                            ^ Unexpected symbol

  Line 085:     implementation(libs.activity.compose)
                                             ^ Unexpected symbol

  Line 085:     implementation(libs.activity.compose)
                                                    ^ Unexpected symbol

  Line 086:     implementation(libs.lifecycle.runtime)
                ^ Unexpected symbol

  Line 086:     implementation(libs.lifecycle.runtime)
                              ^ Unexpected symbol

  Line 086:     implementation(libs.lifecycle.runtime)
                               ^ Unexpected symbol

  Line 086:     implementation(libs.lifecycle.runtime)
                                   ^ Unexpected symbol

  Line 086:     implementation(libs.lifecycle.runtime)
                                    ^ Unexpected symbol

  Line 086:     implementation(libs.lifecycle.runtime)
                                             ^ Unexpected symbol

  Line 086:     implementation(libs.lifecycle.runtime)
                                              ^ Unexpected symbol

  Line 086:     implementation(libs.lifecycle.runtime)
                                                     ^ Unexpected symbol

  Line 087:     implementation(libs.lifecycle.viewmodel)
                ^ Unexpected symbol

  Line 087:     implementation(libs.lifecycle.viewmodel)
                              ^ Unexpected symbol

  Line 087:     implementation(libs.lifecycle.viewmodel)
                               ^ Unexpected symbol

  Line 087:     implementation(libs.lifecycle.viewmodel)
                                   ^ Unexpected symbol

  Line 087:     implementation(libs.lifecycle.viewmodel)
                                    ^ Unexpected symbol

  Line 087:     implementation(libs.lifecycle.viewmodel)
                                             ^ Unexpected symbol

  Line 087:     implementation(libs.lifecycle.viewmodel)
                                              ^ Unexpected symbol

  Line 087:     implementation(libs.lifecycle.viewmodel)
                                                       ^ Unexpected symbol

  Line 090:     implementation(libs.media3.exoplayer)
                ^ Unexpected symbol

  Line 090:     implementation(libs.media3.exoplayer)
                              ^ Unexpected symbol

  Line 090:     implementation(libs.media3.exoplayer)
                               ^ Unexpected symbol

  Line 090:     implementation(libs.media3.exoplayer)
                                   ^ Unexpected symbol

  Line 090:     implementation(libs.media3.exoplayer)
                                    ^ Unexpected symbol

  Line 090:     implementation(libs.media3.exoplayer)
                                          ^ Unexpected symbol

  Line 090:     implementation(libs.media3.exoplayer)
                                           ^ Unexpected symbol

  Line 090:     implementation(libs.media3.exoplayer)
                                                    ^ Unexpected symbol

  Line 091:     implementation(libs.media3.session)
                ^ Unexpected symbol

  Line 091:     implementation(libs.media3.session)
                              ^ Unexpected symbol

  Line 091:     implementation(libs.media3.session)
                               ^ Unexpected symbol

  Line 091:     implementation(libs.media3.session)
                                   ^ Unexpected symbol

  Line 091:     implementation(libs.media3.session)
                                    ^ Unexpected symbol

  Line 091:     implementation(libs.media3.session)
                                          ^ Unexpected symbol

  Line 091:     implementation(libs.media3.session)
                                           ^ Unexpected symbol

  Line 091:     implementation(libs.media3.session)
                                                  ^ Unexpected symbol

  Line 092:     implementation(libs.media3.common)
                ^ Unexpected symbol

  Line 092:     implementation(libs.media3.common)
                              ^ Unexpected symbol

  Line 092:     implementation(libs.media3.common)
                               ^ Unexpected symbol

  Line 092:     implementation(libs.media3.common)
                                   ^ Unexpected symbol

  Line 092:     implementation(libs.media3.common)
                                    ^ Unexpected symbol

  Line 092:     implementation(libs.media3.common)
                                          ^ Unexpected symbol

  Line 092:     implementation(libs.media3.common)
                                           ^ Unexpected symbol

  Line 092:     implementation(libs.media3.common)
                                                 ^ Unexpected symbol

  Line 095:     implementation(libs.hilt.android)
                ^ Unexpected symbol

  Line 095:     implementation(libs.hilt.android)
                              ^ Unexpected symbol

  Line 095:     implementation(libs.hilt.android)
                               ^ Unexpected symbol

  Line 095:     implementation(libs.hilt.android)
                                   ^ Unexpected symbol

  Line 095:     implementation(libs.hilt.android)
                                    ^ Unexpected symbol

  Line 095:     implementation(libs.hilt.android)
                                        ^ Unexpected symbol

  Line 095:     implementation(libs.hilt.android)
                                         ^ Unexpected symbol

  Line 095:     implementation(libs.hilt.android)
                                                ^ Unexpected symbol

  Line 096:     ksp(libs.hilt.compiler)
                ^ Unexpected symbol

  Line 096:     ksp(libs.hilt.compiler)
                   ^ Unexpected symbol

  Line 096:     ksp(libs.hilt.compiler)
                    ^ Unexpected symbol

  Line 096:     ksp(libs.hilt.compiler)
                        ^ Unexpected symbol

  Line 096:     ksp(libs.hilt.compiler)
                         ^ Unexpected symbol

  Line 096:     ksp(libs.hilt.compiler)
                             ^ Unexpected symbol

  Line 096:     ksp(libs.hilt.compiler)
                              ^ Unexpected symbol

  Line 096:     ksp(libs.hilt.compiler)
                                      ^ Unexpected symbol

  Line 097:     implementation(libs.hilt.navigation)
                ^ Unexpected symbol

  Line 097:     implementation(libs.hilt.navigation)
                              ^ Unexpected symbol

  Line 097:     implementation(libs.hilt.navigation)
                               ^ Unexpected symbol

  Line 097:     implementation(libs.hilt.navigation)
                                   ^ Unexpected symbol

  Line 097:     implementation(libs.hilt.navigation)
                                    ^ Unexpected symbol

  Line 097:     implementation(libs.hilt.navigation)
                                        ^ Unexpected symbol

  Line 097:     implementation(libs.hilt.navigation)
                                         ^ Unexpected symbol

  Line 097:     implementation(libs.hilt.navigation)
                                                   ^ Unexpected symbol

  Line 100:     implementation(libs.room.runtime)
                ^ Unexpected symbol

  Line 100:     implementation(libs.room.runtime)
                              ^ Unexpected symbol

  Line 100:     implementation(libs.room.runtime)
                               ^ Unexpected symbol

  Line 100:     implementation(libs.room.runtime)
                                   ^ Unexpected symbol

  Line 100:     implementation(libs.room.runtime)
                                    ^ Unexpected symbol

  Line 100:     implementation(libs.room.runtime)
                                        ^ Unexpected symbol

  Line 100:     implementation(libs.room.runtime)
                                         ^ Unexpected symbol

  Line 100:     implementation(libs.room.runtime)
                                                ^ Unexpected symbol

  Line 101:     implementation(libs.room.ktx)
                ^ Unexpected symbol

  Line 101:     implementation(libs.room.ktx)
                              ^ Unexpected symbol

  Line 101:     implementation(libs.room.ktx)
                               ^ Unexpected symbol

  Line 101:     implementation(libs.room.ktx)
                                   ^ Unexpected symbol

  Line 101:     implementation(libs.room.ktx)
                                    ^ Unexpected symbol

  Line 101:     implementation(libs.room.ktx)
                                        ^ Unexpected symbol

  Line 101:     implementation(libs.room.ktx)
                                         ^ Unexpected symbol

  Line 101:     implementation(libs.room.ktx)
                                            ^ Unexpected symbol

  Line 102:     ksp(libs.room.compiler)
                ^ Unexpected symbol

  Line 102:     ksp(libs.room.compiler)
                   ^ Unexpected symbol

  Line 102:     ksp(libs.room.compiler)
                    ^ Unexpected symbol

  Line 102:     ksp(libs.room.compiler)
                        ^ Unexpected symbol

  Line 102:     ksp(libs.room.compiler)
                         ^ Unexpected symbol

  Line 102:     ksp(libs.room.compiler)
                             ^ Unexpected symbol

  Line 102:     ksp(libs.room.compiler)
                              ^ Unexpected symbol

  Line 102:     ksp(libs.room.compiler)
                                      ^ Unexpected symbol

  Line 103:     implementation(libs.datastore.preferences)
                ^ Unexpected symbol

  Line 103:     implementation(libs.datastore.preferences)
                              ^ Unexpected symbol

  Line 103:     implementation(libs.datastore.preferences)
                               ^ Unexpected symbol

  Line 103:     implementation(libs.datastore.preferences)
                                   ^ Unexpected symbol

  Line 103:     implementation(libs.datastore.preferences)
                                    ^ Unexpected symbol

  Line 103:     implementation(libs.datastore.preferences)
                                             ^ Unexpected symbol

  Line 103:     implementation(libs.datastore.preferences)
                                              ^ Unexpected symbol

  Line 103:     implementation(libs.datastore.preferences)
                                                         ^ Unexpected symbol

  Line 106:     implementation(libs.timber)
                ^ Unexpected symbol

  Line 106:     implementation(libs.timber)
                              ^ Unexpected symbol

  Line 106:     implementation(libs.timber)
                               ^ Unexpected symbol

  Line 106:     implementation(libs.timber)
                                   ^ Unexpected symbol

  Line 106:     implementation(libs.timber)
                                    ^ Unexpected symbol

  Line 106:     implementation(libs.timber)
                                          ^ Unexpected symbol

  Line 109:     implementation(libs.kotlinx.serialization.json)
                ^ Unexpected symbol

  Line 109:     implementation(libs.kotlinx.serialization.json)
                              ^ Unexpected symbol

  Line 109:     implementation(libs.kotlinx.serialization.json)
                               ^ Unexpected symbol

  Line 109:     implementation(libs.kotlinx.serialization.json)
                                   ^ Unexpected symbol

  Line 109:     implementation(libs.kotlinx.serialization.json)
                                    ^ Unexpected symbol

  Line 109:     implementation(libs.kotlinx.serialization.json)
                                           ^ Unexpected symbol

  Line 109:     implementation(libs.kotlinx.serialization.json)
                                            ^ Unexpected symbol

  Line 109:     implementation(libs.kotlinx.serialization.json)
                                                         ^ Unexpected symbol

  Line 109:     implementation(libs.kotlinx.serialization.json)
                                                          ^ Unexpected symbol

  Line 109:     implementation(libs.kotlinx.serialization.json)
                                                              ^ Unexpected symbol

  Line 110:     implementation(libs.kotlinx.coroutines)
                ^ Unexpected symbol

  Line 110:     implementation(libs.kotlinx.coroutines)
                              ^ Unexpected symbol

  Line 110:     implementation(libs.kotlinx.coroutines)
                               ^ Unexpected symbol

  Line 110:     implementation(libs.kotlinx.coroutines)
                                   ^ Unexpected symbol

  Line 110:     implementation(libs.kotlinx.coroutines)
                                    ^ Unexpected symbol

  Line 110:     implementation(libs.kotlinx.coroutines)
                                           ^ Unexpected symbol

  Line 110:     implementation(libs.kotlinx.coroutines)
                                            ^ Unexpected symbol

  Line 110:     implementation(libs.kotlinx.coroutines)
                                                      ^ Unexpected symbol

  Line 113:     implementation(libs.coil.compose)
                ^ Unexpected symbol

  Line 113:     implementation(libs.coil.compose)
                              ^ Unexpected symbol

  Line 113:     implementation(libs.coil.compose)
                               ^ Unexpected symbol

  Line 113:     implementation(libs.coil.compose)
                                   ^ Unexpected symbol

  Line 113:     implementation(libs.coil.compose)
                                    ^ Unexpected symbol

  Line 113:     implementation(libs.coil.compose)
                                        ^ Unexpected symbol

  Line 113:     implementation(libs.coil.compose)
                                         ^ Unexpected symbol

  Line 113:     implementation(libs.coil.compose)
                                                ^ Unexpected symbol

  Line 114:     implementation(libs.coil.network.okhttp)
                ^ Unexpected symbol

  Line 114:     implementation(libs.coil.network.okhttp)
                              ^ Unexpected symbol

  Line 114:     implementation(libs.coil.network.okhttp)
                               ^ Unexpected symbol

  Line 114:     implementation(libs.coil.network.okhttp)
                                   ^ Unexpected symbol

  Line 114:     implementation(libs.coil.network.okhttp)
                                    ^ Unexpected symbol

  Line 114:     implementation(libs.coil.network.okhttp)
                                        ^ Unexpected symbol

  Line 114:     implementation(libs.coil.network.okhttp)
                                         ^ Unexpected symbol

  Line 114:     implementation(libs.coil.network.okhttp)
                                                ^ Unexpected symbol

  Line 114:     implementation(libs.coil.network.okhttp)
                                                 ^ Unexpected symbol

  Line 114:     implementation(libs.coil.network.okhttp)
                                                       ^ Unexpected symbol

  Line 117:     implementation(libs.okhttp)
                ^ Unexpected symbol

  Line 117:     implementation(libs.okhttp)
                              ^ Unexpected symbol

  Line 117:     implementation(libs.okhttp)
                               ^ Unexpected symbol

  Line 117:     implementation(libs.okhttp)
                                   ^ Unexpected symbol

  Line 117:     implementation(libs.okhttp)
                                    ^ Unexpected symbol

  Line 117:     implementation(libs.okhttp)
                                          ^ Unexpected symbol

  Line 118:     implementation(libs.retrofit)
                ^ Unexpected symbol

  Line 118:     implementation(libs.retrofit)
                              ^ Unexpected symbol

  Line 118:     implementation(libs.retrofit)
                               ^ Unexpected symbol

  Line 118:     implementation(libs.retrofit)
                                   ^ Unexpected symbol

  Line 118:     implementation(libs.retrofit)
                                    ^ Unexpected symbol

  Line 118:     implementation(libs.retrofit)
                                            ^ Unexpected symbol

  Line 119:     implementation(libs.retrofit.kotlinx)
                ^ Unexpected symbol

  Line 119:     implementation(libs.retrofit.kotlinx)
                              ^ Unexpected symbol

  Line 119:     implementation(libs.retrofit.kotlinx)
                               ^ Unexpected symbol

  Line 119:     implementation(libs.retrofit.kotlinx)
                                   ^ Unexpected symbol

  Line 119:     implementation(libs.retrofit.kotlinx)
                                    ^ Unexpected symbol

  Line 119:     implementation(libs.retrofit.kotlinx)
                                            ^ Unexpected symbol

  Line 119:     implementation(libs.retrofit.kotlinx)
                                             ^ Unexpected symbol

  Line 119:     implementation(libs.retrofit.kotlinx)
                                                    ^ Unexpected symbol

  Line 120: }
            ^ Unexpected symbol

255 errors

* Try:
> Run with --stacktrace option to get the stack trace.
> Run with --info or --debug option to get more log output.
> Run with --scan to get full insights from a Build Scan (powered by Develocity).
> Get more help at https://help.gradle.org.

BUILD FAILED in 15s
[ERROR] async     CLI: Gradle task FAILED: e: file:///home/dae/Work/VZ/Ljod/app/build.gradle.kts:69:1: Unexpected symbol
e: file:///home/dae/Work/VZ/Ljod/app/build.gradle.kts:71:1: Unexpected symbol
e: file:///home/dae/Work/VZ/Ljod/app/build.gradle.kts:71:14: Unexpected symbol
e: file:///home/dae/Work/VZ/Ljod/app/build.gradle.kts:73:5: Unexpected symbol
e: file:///home/dae/Work/VZ/Ljod/app/build.gradle.kts:73:9: Unexpected symbol
e: file:///home/dae/Work/VZ/Ljod/app/build.gradle.kts:73:20: Unexpected symbol
e: file:///home/dae/Work/VZ/Ljod/app/build.gradle.kts:73:22: Unexpected symbol
e: file:///home/dae/Work/VZ/Ljod/app/build.gradle.kts:73:30: Unexpected symbol
e: file:///home/dae/Work/VZ/Ljod/app/build.gradle.kts:73:31: Unexpected symbol
e: file:///home/dae/Work/VZ/Ljod/app/build.gradle.kts:73:35: Unexpected symbol
e: file:///home/dae/Work/VZ/Ljod/app/build.gradle.kts:73:36: Unexpected symbol
e: file:///home/dae/Work/VZ/Ljod/app/build.gradle.kts:73:43: Unexpected symbol
e: file:///home/dae/Work/VZ/Ljod/app/build.gradle.kts:73:44: Unexpected symbol
e: file:///home/dae/Work/VZ/Ljod/app/build.gradle.kts:73:47: Unexpected symbol
e: file:///home/dae/Work/VZ/Ljod/app/build.gradle.kts:74:5: Unexpected symbol
e: file:///home/dae/Work/VZ/Ljod/app/build.gradle.kts:74:19: Unexpected symbol
e: file:///home/dae/Work/VZ/Ljod/app/build.gradle.kts:74:20: Unexpected symbol
e: file:///home/dae/Work/VZ/Ljod/app/build.gradle.kts:74:30: Unexpected symbol
e: file:///home/dae/Work/VZ/Ljod/app/build.gradle.kts:75:5: Unexpected symbol
e: file:///home/dae/Work/VZ/Ljod/app/build.gradle.kts:75:19: Unexpected symbol
e: file:///home/dae/Work/VZ/Ljod/app/build.gradle.kts:75:20: Unexpected symbol
e: file:///home/dae/Work/VZ/Ljod/app/build.gradle.kts:75:24: Unexpected symbol
e: file:///home/dae/Work/VZ/Ljod/app/build.gradle.kts:75:25: Unexpected symbol
e: file:///home/dae/Work/VZ/Ljod/app/build.gradle.kts:75:32: Unexpected symbol
e: file:///home/dae/Work/VZ/Ljod/app/build.gradle.kts:75:33: Unexpected symbol
e: file:///home/dae/Work/VZ/Ljod/app/build.gradle.kts:75:35: Unexpected symbol
e: file:///home/dae/Work/VZ/Ljod/app/build.gradle.kts:76:5: Unexpected symbol
e: file:///home/dae/Work/VZ/Ljod/app/build.gradle.kts:76:19: Unexpected symbol
e: file:///home/dae/Work/VZ/Ljod/app/build.gradle.kts:76:20: Unexpected symbol
e: file:///home/dae/Work/VZ/Ljod/app/build.gradle.kts:76:24: Unexpected symbol
e: file:///home/dae/Work/VZ/Ljod/app/build.gradle.kts:76:25: Unexpected symbol
e: file:///home/dae/Work/VZ/Ljod/app/build.gradle.kts:76:32: Unexpected symbol
e: file:///home/dae/Work/VZ/Ljod/app/build.gradle.kts:76:33: Unexpected symbol
e: file:///home/dae/Work/VZ/Ljod/app/build.gradle.kts:76:35: Unexpected symbol
e: file:///home/dae/Work/VZ/Ljod/app/build.gradle.kts:76:36: Unexpected symbol
e: file:///home/dae/Work/VZ/Ljod/app/build.gradle.kts:76:44: Unexpected symbol
e: file:///home/dae/Work/VZ/Ljod/app/build.gradle.kts:77:5: Unexpected symbol
e: file:///home/dae/Work/VZ/Ljod/app/build.gradle.kts:77:19: Unexpected symbol
e: file:///home/dae/Work/VZ/Ljod/app/build.gradle.kts:77:20: Unexpected symbol
e: file:///home/dae/Work/VZ/Ljod/app/build.gradle.kts:77:24: Unexpected symbol
e: file:///home/dae/Work/VZ/Ljod/app/build.gradle.kts:77:25: Unexpected symbol
e: file:///home/dae/Work/VZ/Ljod/app/build.gradle.kts:77:32: Unexpected symbol
e: file:///home/dae/Work/VZ/Ljod/app/build.gradle.kts:77:33: Unexpected symbol
e: file:///home/dae/Work/VZ/Ljod/app/build.gradle.kts:77:42: Unexpected symbol
e: file:///home/dae/Work/VZ/Ljod/app/build.gradle.kts:78:5: Unexpected symbol
e: file:///home/dae/Work/VZ/Ljod/app/build.gradle.kts:78:19: Unexpected symbol
e: file:///home/dae/Work/VZ/Ljod/app/build.gradle.kts:78:20: Unexpected symbol
e: file:///home/dae/Work/VZ/Ljod/app/build.gradle.kts:78:24: Unexpected symbol
e: file:///home/dae/Work/VZ/Ljod/app/build.gradle.kts:78:25: Unexpected symbol
e: file:///home/dae/Work/VZ/Ljod/app/build.gradle.kts:78:32: Unexpected symbol
e: file:///home/dae/Work/VZ/Ljod/app/build.gradle.kts:78:33: Unexpected symbol
e: file:///home/dae/Work/VZ/Ljod/app/build.gradle.kts:78:41: Unexpected symbol
e: file:///home/dae/Work/VZ/Ljod/app/build.gradle.kts:78:42: Unexpected symbol
e: file:///home/dae/Work/VZ/Ljod/app/build.gradle.kts:78:47: Unexpected symbol
e: file:///home/dae/Work/VZ/Ljod/app/build.gradle.kts:79:5: Unexpected symbol
e: file:///home/dae/Work/VZ/Ljod/app/build.gradle.kts:79:19: Unexpected symbol
e: file:///home/dae/Work/VZ/Ljod/app/build.gradle.kts:79:20: Unexpected symbol
e: file:///home/dae/Work/VZ/Ljod/app/build.gradle.kts:79:24: Unexpected symbol
e: file:///home/dae/Work/VZ/Ljod/app/build.gradle.kts:79:25: Unexpected symbol
e: file:///home/dae/Work/VZ/Ljod/app/build.gradle.kts:79:32: Unexpected symbol
e: file:///home/dae/Work/VZ/Ljod/app/build.gradle.kts:79:33: Unexpected symbol
e: file:///home/dae/Work/VZ/Ljod/app/build.gradle.kts:79:42: Unexpected symbol
e: file:///home/dae/Work/VZ/Ljod/app/build.gradle.kts:80:5: Unexpected symbol
e: file:///home/dae/Work/VZ/Ljod/app/build.gradle.kts:80:19: Unexpected symbol
e: file:///home/dae/Work/VZ/Ljod/app/build.gradle.kts:80:20: Unexpected symbol
e: file:///home/dae/Work/VZ/Ljod/app/build.gradle.kts:80:24: Unexpected symbol
e: file:///home/dae/Work/VZ/Ljod/app/build.gradle.kts:80:25: Unexpected symbol
e: file:///home/dae/Work/VZ/Ljod/app/build.gradle.kts:80:32: Unexpected symbol
e: file:///home/dae/Work/VZ/Ljod/app/build.gradle.kts:80:33: Unexpected symbol
e: file:///home/dae/Work/VZ/Ljod/app/build.gradle.kts:80:43: Unexpected symbol
e: file:///home/dae/Work/VZ/Ljod/app/build.gradle.kts:81:5: Unexpected symbol
e: file:///home/dae/Work/VZ/Ljod/app/build.gradle.kts:81:24: Unexpected symbol
e: file:///home/dae/Work/VZ/Ljod/app/build.gradle.kts:81:25: Unexpected symbol
e: file:///home/dae/Work/VZ/Ljod/app/build.gradle.kts:81:29: Unexpected symbol
e: file:///home/dae/Work/VZ/Ljod/app/build.gradle.kts:81:30: Unexpected symbol
e: file:///home/dae/Work/VZ/Ljod/app/build.gradle.kts:81:37: Unexpected symbol
e: file:///home/dae/Work/VZ/Ljod/app/build.gradle.kts:81:38: Unexpected symbol
e: file:///home/dae/Work/VZ/Ljod/app/build.gradle.kts:81:40: Unexpected symbol
e: file:///home/dae/Work/VZ/Ljod/app/build.gradle.kts:81:41: Unexpected symbol
e: file:///home/dae/Work/VZ/Ljod/app/build.gradle.kts:81:48: Unexpected symbol
e: file:///home/dae/Work/VZ/Ljod/app/build.gradle.kts:84:5: Unexpected symbol
e: file:///home/dae/Work/VZ/Ljod/app/build.gradle.kts:84:19: Unexpected symbol
e: file:///home/dae/Work/VZ/Ljod/app/build.gradle.kts:84:20: Unexpected symbol
e: file:///home/dae/Work/VZ/Ljod/app/build.gradle.kts:84:24: Unexpected symbol
e: file:///home/dae/Work/VZ/Ljod/app/build.gradle.kts:84:25: Unexpected symbol
e: file:///home/dae/Work/VZ/Ljod/app/build.gradle.kts:84:29: Unexpected symbol
e: file:///home/dae/Work/VZ/Ljod/app/build.gradle.kts:84:30: Unexpected symbol
e: file:///home/dae/Work/VZ/Ljod/app/build.gradle.kts:84:33: Unexpected symbol
e: file:///home/dae/Work/VZ/Ljod/app/build.gradle.kts:85:5: Unexpected symbol
e: file:///home/dae/Work/VZ/Ljod/app/build.gradle.kts:85:19: Unexpected symbol
e: file:///home/dae/Work/VZ/Ljod/app/build.gradle.kts:85:20: Unexpected symbol
e: file:///home/dae/Work/VZ/Ljod/app/build.gradle.kts:85:24: Unexpected symbol
e: file:///home/dae/Work/VZ/Ljod/app/build.gradle.kts:85:25: Unexpected symbol
e: file:///home/dae/Work/VZ/Ljod/app/build.gradle.kts:85:33: Unexpected symbol
e: file:///home/dae/Work/VZ/Ljod/app/build.gradle.kts:85:34: Unexpected symbol
e: file:///home/dae/Work/VZ/Ljod/app/build.gradle.kts:85:41: Unexpected symbol
e: file:///home/dae/Work/VZ/Ljod/app/build.gradle.kts:86:5: Unexpected symbol
e: file:///home/dae/Work/VZ/Ljod/app/build.gradle.kts:86:19: Unexpected symbol
e: file:///home/dae/Work/VZ/Ljod/app/build.gradle.kts:86:20: Unexpected symbol
e: file:///home/dae/Work/VZ/Ljod/app/build.gradle.kts:86:24: Unexpected symbol
e: file:///home/dae/Work/VZ/Ljod/app/build.gradle.kts:86:25: Unexpected symbol
e: file:///home/dae/Work/VZ/Ljod/app/build.gradle.kts:86:34: Unexpected symbol
e: file:///home/dae/Work/VZ/Ljod/app/build.gradle.kts:86:35: Unexpected symbol
e: file:///home/dae/Work/VZ/Ljod/app/build.gradle.kts:86:42: Unexpected symbol
e: file:///home/dae/Work/VZ/Ljod/app/build.gradle.kts:87:5: Unexpected symbol
e: file:///home/dae/Work/VZ/Ljod/app/build.gradle.kts:87:19: Unexpected symbol
e: file:///home/dae/Work/VZ/Ljod/app/build.gradle.kts:87:20: Unexpected symbol
e: file:///home/dae/Work/VZ/Ljod/app/build.gradle.kts:87:24: Unexpected symbol
e: file:///home/dae/Work/VZ/Ljod/app/build.gradle.kts:87:25: Unexpected symbol
e: file:///home/dae/Work/VZ/Ljod/app/build.gradle.kts:87:34: Unexpected symbol
e: file:///home/dae/Work/VZ/Ljod/app/build.gradle.kts:87:35: Unexpected symbol
e: file:///home/dae/Work/VZ/Ljod/app/build.gradle.kts:87:44: Unexpected symbol
e: file:///home/dae/Work/VZ/Ljod/app/build.gradle.kts:90:5: Unexpected symbol
e: file:///home/dae/Work/VZ/Ljod/app/build.gradle.kts:90:19: Unexpected symbol
e: file:///home/dae/Work/VZ/Ljod/app/build.gradle.kts:90:20: Unexpected symbol
e: file:///home/dae/Work/VZ/Ljod/app/build.gradle.kts:90:24: Unexpected symbol
e: file:///home/dae/Work/VZ/Ljod/app/build.gradle.kts:90:25: Unexpected symbol
e: file:///home/dae/Work/VZ/Ljod/app/build.gradle.kts:90:31: Unexpected symbol
e: file:///home/dae/Work/VZ/Ljod/app/build.gradle.kts:90:32: Unexpected symbol
e: file:///home/dae/Work/VZ/Ljod/app/build.gradle.kts:90:41: Unexpected symbol
e: file:///home/dae/Work/VZ/Ljod/app/build.gradle.kts:91:5: Unexpected symbol
e: file:///home/dae/Work/VZ/Ljod/app/build.gradle.kts:91:19: Unexpected symbol
e: file:///home/dae/Work/VZ/Ljod/app/build.gradle.kts:91:20: Unexpected symbol
e: file:///home/dae/Work/VZ/Ljod/app/build.gradle.kts:91:24: Unexpected symbol
e: file:///home/dae/Work/VZ/Ljod/app/build.gradle.kts:91:25: Unexpected symbol
e: file:///home/dae/Work/VZ/Ljod/app/build.gradle.kts:91:31: Unexpected symbol
e: file:///home/dae/Work/VZ/Ljod/app/build.gradle.kts:91:32: Unexpected symbol
e: file:///home/dae/Work/VZ/Ljod/app/build.gradle.kts:91:39: Unexpected symbol
e: file:///home/dae/Work/VZ/Ljod/app/build.gradle.kts:92:5: Unexpected symbol
e: file:///home/dae/Work/VZ/Ljod/app/build.gradle.kts:92:19: Unexpected symbol
e: file:///home/dae/Work/VZ/Ljod/app/build.gradle.kts:92:20: Unexpected symbol
e: file:///home/dae/Work/VZ/Ljod/app/build.gradle.kts:92:24: Unexpected symbol
e: file:///home/dae/Work/VZ/Ljod/app/build.gradle.kts:92:25: Unexpected symbol
e: file:///home/dae/Work/VZ/Ljod/app/build.gradle.kts:92:31: Unexpected symbol
e: file:///home/dae/Work/VZ/Ljod/app/build.gradle.kts:92:32: Unexpected symbol
e: file:///home/dae/Work/VZ/Ljod/app/build.gradle.kts:92:38: Unexpected symbol
e: file:///home/dae/Work/VZ/Ljod/app/build.gradle.kts:95:5: Unexpected symbol
e: file:///home/dae/Work/VZ/Ljod/app/build.gradle.kts:95:19: Unexpected symbol
e: file:///home/dae/Work/VZ/Ljod/app/build.gradle.kts:95:20: Unexpected symbol
e: file:///home/dae/Work/VZ/Ljod/app/build.gradle.kts:95:24: Unexpected symbol
e: file:///home/dae/Work/VZ/Ljod/app/build.gradle.kts:95:25: Unexpected symbol
e: file:///home/dae/Work/VZ/Ljod/app/build.gradle.kts:95:29: Unexpected symbol
e: file:///home/dae/Work/VZ/Ljod/app/build.gradle.kts:95:30: Unexpected symbol
e: file:///home/dae/Work/VZ/Ljod/app/build.gradle.kts:95:37: Unexpected symbol
e: file:///home/dae/Work/VZ/Ljod/app/build.gradle.kts:96:5: Unexpected symbol
e: file:///home/dae/Work/VZ/Ljod/app/build.gradle.kts:96:8: Unexpected symbol
e: file:///home/dae/Work/VZ/Ljod/app/build.gradle.kts:96:9: Unexpected symbol
e: file:///home/dae/Work/VZ/Ljod/app/build.gradle.kts:96:13: Unexpected symbol
e: file:///home/dae/Work/VZ/Ljod/app/build.gradle.kts:96:14: Unexpected symbol
e: file:///home/dae/Work/VZ/Ljod/app/build.gradle.kts:96:18: Unexpected symbol
e: file:///home/dae/Work/VZ/Ljod/app/build.gradle.kts:96:19: Unexpected symbol
e: file:///home/dae/Work/VZ/Ljod/app/build.gradle.kts:96:27: Unexpected symbol
e: file:///home/dae/Work/VZ/Ljod/app/build.gradle.kts:97:5: Unexpected symbol
e: file:///home/dae/Work/VZ/Ljod/app/build.gradle.kts:97:19: Unexpected symbol
e: file:///home/dae/Work/VZ/Ljod/app/build.gradle.kts:97:20: Unexpected symbol
e: file:///home/dae/Work/VZ/Ljod/app/build.gradle.kts:97:24: Unexpected symbol
e: file:///home/dae/Work/VZ/Ljod/app/build.gradle.kts:97:25: Unexpected symbol
e: file:///home/dae/Work/VZ/Ljod/app/build.gradle.kts:97:29: Unexpected symbol
e: file:///home/dae/Work/VZ/Ljod/app/build.gradle.kts:97:30: Unexpected symbol
e: file:///home/dae/Work/VZ/Ljod/app/build.gradle.kts:97:40: Unexpected symbol
e: file:///home/dae/Work/VZ/Ljod/app/build.gradle.kts:100:5: Unexpected symbol
e: file:///home/dae/Work/VZ/Ljod/app/build.gradle.kts:100:19: Unexpected symbol
e: file:///home/dae/Work/VZ/Ljod/app/build.gradle.kts:100:20: Unexpected symbol
e: file:///home/dae/Work/VZ/Ljod/app/build.gradle.kts:100:24: Unexpected symbol
e: file:///home/dae/Work/VZ/Ljod/app/build.gradle.kts:100:25: Unexpected symbol
e: file:///home/dae/Work/VZ/Ljod/app/build.gradle.kts:100:29: Unexpected symbol
e: file:///home/dae/Work/VZ/Ljod/app/build.gradle.kts:100:30: Unexpected symbol
e: file:///home/dae/Work/VZ/Ljod/app/build.gradle.kts:100:37: Unexpected symbol
e: file:///home/dae/Work/VZ/Ljod/app/build.gradle.kts:101:5: Unexpected symbol
e: file:///home/dae/Work/VZ/Ljod/app/build.gradle.kts:101:19: Unexpected symbol
e: file:///home/dae/Work/VZ/Ljod/app/build.gradle.kts:101:20: Unexpected symbol
e: file:///home/dae/Work/VZ/Ljod/app/build.gradle.kts:101:24: Unexpected symbol
e: file:///home/dae/Work/VZ/Ljod/app/build.gradle.kts:101:25: Unexpected symbol
e: file:///home/dae/Work/VZ/Ljod/app/build.gradle.kts:101:29: Unexpected symbol
e: file:///home/dae/Work/VZ/Ljod/app/build.gradle.kts:101:30: Unexpected symbol
e: file:///home/dae/Work/VZ/Ljod/app/build.gradle.kts:101:33: Unexpected symbol
e: file:///home/dae/Work/VZ/Ljod/app/build.gradle.kts:102:5: Unexpected symbol
e: file:///home/dae/Work/VZ/Ljod/app/build.gradle.kts:102:8: Unexpected symbol
e: file:///home/dae/Work/VZ/Ljod/app/build.gradle.kts:102:9: Unexpected symbol
e: file:///home/dae/Work/VZ/Ljod/app/build.gradle.kts:102:13: Unexpected symbol
e: file:///home/dae/Work/VZ/Ljod/app/build.gradle.kts:102:14: Unexpected symbol
e: file:///home/dae/Work/VZ/Ljod/app/build.gradle.kts:102:18: Unexpected symbol
e: file:///home/dae/Work/VZ/Ljod/app/build.gradle.kts:102:19: Unexpected symbol
e: file:///home/dae/Work/VZ/Ljod/app/build.gradle.kts:102:27: Unexpected symbol
e: file:///home/dae/Work/VZ/Ljod/app/build.gradle.kts:103:5: Unexpected symbol
e: file:///home/dae/Work/VZ/Ljod/app/build.gradle.kts:103:19: Unexpected symbol
e: file:///home/dae/Work/VZ/Ljod/app/build.gradle.kts:103:20: Unexpected symbol
e: file:///home/dae/Work/VZ/Ljod/app/build.gradle.kts:103:24: Unexpected symbol
e: file:///home/dae/Work/VZ/Ljod/app/build.gradle.kts:103:25: Unexpected symbol
e: file:///home/dae/Work/VZ/Ljod/app/build.gradle.kts:103:34: Unexpected symbol
e: file:///home/dae/Work/VZ/Ljod/app/build.gradle.kts:103:35: Unexpected symbol
e: file:///home/dae/Work/VZ/Ljod/app/build.gradle.kts:103:46: Unexpected symbol
e: file:///home/dae/Work/VZ/Ljod/app/build.gradle.kts:106:5: Unexpected symbol
e: file:///home/dae/Work/VZ/Ljod/app/build.gradle.kts:106:19: Unexpected symbol
e: file:///home/dae/Work/VZ/Ljod/app/build.gradle.kts:106:20: Unexpected symbol
e: file:///home/dae/Work/VZ/Ljod/app/build.gradle.kts:106:24: Unexpected symbol
e: file:///home/dae/Work/VZ/Ljod/app/build.gradle.kts:106:25: Unexpected symbol
e: file:///home/dae/Work/VZ/Ljod/app/build.gradle.kts:106:31: Unexpected symbol
e: file:///home/dae/Work/VZ/Ljod/app/build.gradle.kts:109:5: Unexpected symbol
e: file:///home/dae/Work/VZ/Ljod/app/build.gradle.kts:109:19: Unexpected symbol
e: file:///home/dae/Work/VZ/Ljod/app/build.gradle.kts:109:20: Unexpected symbol
e: file:///home/dae/Work/VZ/Ljod/app/build.gradle.kts:109:24: Unexpected symbol
e: file:///home/dae/Work/VZ/Ljod/app/build.gradle.kts:109:25: Unexpected symbol
e: file:///home/dae/Work/VZ/Ljod/app/build.gradle.kts:109:32: Unexpected symbol
e: file:///home/dae/Work/VZ/Ljod/app/build.gradle.kts:109:33: Unexpected symbol
e: file:///home/dae/Work/VZ/Ljod/app/build.gradle.kts:109:46: Unexpected symbol
e: file:///home/dae/Work/VZ/Ljod/app/build.gradle.kts:109:47: Unexpected symbol
e: file:///home/dae/Work/VZ/Ljod/app/build.gradle.kts:109:51: Unexpected symbol
e: file:///home/dae/Work/VZ/Ljod/app/build.gradle.kts:110:5: Unexpected symbol
e: file:///home/dae/Work/VZ/Ljod/app/build.gradle.kts:110:19: Unexpected symbol
e: file:///home/dae/Work/VZ/Ljod/app/build.gradle.kts:110:20: Unexpected symbol
e: file:///home/dae/Work/VZ/Ljod/app/build.gradle.kts:110:24: Unexpected symbol
e: file:///home/dae/Work/VZ/Ljod/app/build.gradle.kts:110:25: Unexpected symbol
e: file:///home/dae/Work/VZ/Ljod/app/build.gradle.kts:110:32: Unexpected symbol
e: file:///home/dae/Work/VZ/Ljod/app/build.gradle.kts:110:33: Unexpected symbol
e: file:///home/dae/Work/VZ/Ljod/app/build.gradle.kts:110:43: Unexpected symbol
e: file:///home/dae/Work/VZ/Ljod/app/build.gradle.kts:113:5: Unexpected symbol
e: file:///home/dae/Work/VZ/Ljod/app/build.gradle.kts:113:19: Unexpected symbol
e: file:///home/dae/Work/VZ/Ljod/app/build.gradle.kts:113:20: Unexpected symbol
e: file:///home/dae/Work/VZ/Ljod/app/build.gradle.kts:113:24: Unexpected symbol
e: file:///home/dae/Work/VZ/Ljod/app/build.gradle.kts:113:25: Unexpected symbol
e: file:///home/dae/Work/VZ/Ljod/app/build.gradle.kts:113:29: Unexpected symbol
e: file:///home/dae/Work/VZ/Ljod/app/build.gradle.kts:113:30: Unexpected symbol
e: file:///home/dae/Work/VZ/Ljod/app/build.gradle.kts:113:37: Unexpected symbol
e: file:///home/dae/Work/VZ/Ljod/app/build.gradle.kts:114:5: Unexpected symbol
e: file:///home/dae/Work/VZ/Ljod/app/build.gradle.kts:114:19: Unexpected symbol
e: file:///home/dae/Work/VZ/Ljod/app/build.gradle.kts:114:20: Unexpected symbol
e: file:///home/dae/Work/VZ/Ljod/app/build.gradle.kts:114:24: Unexpected symbol
e: file:///home/dae/Work/VZ/Ljod/app/build.gradle.kts:114:25: Unexpected symbol
e: file:///home/dae/Work/VZ/Ljod/app/build.gradle.kts:114:29: Unexpected symbol
e: file:///home/dae/Work/VZ/Ljod/app/build.gradle.kts:114:30: Unexpected symbol
e: file:///home/dae/Work/VZ/Ljod/app/build.gradle.kts:114:37: Unexpected symbol
e: file:///home/dae/Work/VZ/Ljod/app/build.gradle.kts:114:38: Unexpected symbol
e: file:///home/dae/Work/VZ/Ljod/app/build.gradle.kts:114:44: Unexpected symbol
e: file:///home/dae/Work/VZ/Ljod/app/build.gradle.kts:117:5: Unexpected symbol
e: file:///home/dae/Work/VZ/Ljod/app/build.gradle.kts:117:19: Unexpected symbol
e: file:///home/dae/Work/VZ/Ljod/app/build.gradle.kts:117:20: Unexpected symbol
e: file:///home/dae/Work/VZ/Ljod/app/build.gradle.kts:117:24: Unexpected symbol
e: file:///home/dae/Work/VZ/Ljod/app/build.gradle.kts:117:25: Unexpected symbol
e: file:///home/dae/Work/VZ/Ljod/app/build.gradle.kts:117:31: Unexpected symbol
e: file:///home/dae/Work/VZ/Ljod/app/build.gradle.kts:118:5: Unexpected symbol
e: file:///home/dae/Work/VZ/Ljod/app/build.gradle.kts:118:19: Unexpected symbol
e: file:///home/dae/Work/VZ/Ljod/app/build.gradle.kts:118:20: Unexpected symbol
e: file:///home/dae/Work/VZ/Ljod/app/build.gradle.kts:118:24: Unexpected symbol
e: file:///home/dae/Work/VZ/Ljod/app/build.gradle.kts:118:25: Unexpected symbol
e: file:///home/dae/Work/VZ/Ljod/app/build.gradle.kts:118:33: Unexpected symbol
e: file:///home/dae/Work/VZ/Ljod/app/build.gradle.kts:119:5: Unexpected symbol
e: file:///home/dae/Work/VZ/Ljod/app/build.gradle.kts:119:19: Unexpected symbol
e: file:///home/dae/Work/VZ/Ljod/app/build.gradle.kts:119:20: Unexpected symbol
e: file:///home/dae/Work/VZ/Ljod/app/build.gradle.kts:119:24: Unexpected symbol
e: file:///home/dae/Work/VZ/Ljod/app/build.gradle.kts:119:25: Unexpected symbol
e: file:///home/dae/Work/VZ/Ljod/app/build.gradle.kts:119:33: Unexpected symbol
e: file:///home/dae/Work/VZ/Ljod/app/build.gradle.kts:119:34: Unexpected symbol
e: file:///home/dae/Work/VZ/Ljod/app/build.gradle.kts:119:41: Unexpected symbol
e: file:///home/dae/Work/VZ/Ljod/app/build.gradle.kts:120:1: Unexpected symbol

FAILURE: Build failed with an exception.

* Where:
Build file '/home/dae/Work/VZ/Ljod/app/build.gradle.kts' line: 69

* What went wrong:
Script compilation errors:

  Line 069: }
            ^ Unexpected symbol

  Line 071: dependencies {
            ^ Unexpected symbol

  Line 071: dependencies {
                         ^ Unexpected symbol

  Line 073:     val composeBom = platform(libs.compose.bom)
                ^ Unexpected symbol

  Line 073:     val composeBom = platform(libs.compose.bom)
                    ^ Unexpected symbol

  Line 073:     val composeBom = platform(libs.compose.bom)
                               ^ Unexpected symbol

  Line 073:     val composeBom = platform(libs.compose.bom)
                                 ^ Unexpected symbol

  Line 073:     val composeBom = platform(libs.compose.bom)
                                         ^ Unexpected symbol

  Line 073:     val composeBom = platform(libs.compose.bom)
                                          ^ Unexpected symbol

  Line 073:     val composeBom = platform(libs.compose.bom)
                                              ^ Unexpected symbol

  Line 073:     val composeBom = platform(libs.compose.bom)
                                               ^ Unexpected symbol

  Line 073:     val composeBom = platform(libs.compose.bom)
                                                      ^ Unexpected symbol

  Line 073:     val composeBom = platform(libs.compose.bom)
                                                       ^ Unexpected symbol

  Line 073:     val composeBom = platform(libs.compose.bom)
                                                          ^ Unexpected symbol

  Line 074:     implementation(composeBom)
                ^ Unexpected symbol

  Line 074:     implementation(composeBom)
                              ^ Unexpected symbol

  Line 074:     implementation(composeBom)
                               ^ Unexpected symbol

  Line 074:     implementation(composeBom)
                                         ^ Unexpected symbol

  Line 075:     implementation(libs.compose.ui)
                ^ Unexpected symbol

  Line 075:     implementation(libs.compose.ui)
                              ^ Unexpected symbol

  Line 075:     implementation(libs.compose.ui)
                               ^ Unexpected symbol

  Line 075:     implementation(libs.compose.ui)
                                   ^ Unexpected symbol

  Line 075:     implementation(libs.compose.ui)
                                    ^ Unexpected symbol

  Line 075:     implementation(libs.compose.ui)
                                           ^ Unexpected symbol

  Line 075:     implementation(libs.compose.ui)
                                            ^ Unexpected symbol

  Line 075:     implementation(libs.compose.ui)
                                              ^ Unexpected symbol

  Line 076:     implementation(libs.compose.ui.graphics)
                ^ Unexpected symbol

  Line 076:     implementation(libs.compose.ui.graphics)
                              ^ Unexpected symbol

  Line 076:     implementation(libs.compose.ui.graphics)
                               ^ Unexpected symbol

  Line 076:     implementation(libs.compose.ui.graphics)
                                   ^ Unexpected symbol

  Line 076:     implementation(libs.compose.ui.graphics)
                                    ^ Unexpected symbol

  Line 076:     implementation(libs.compose.ui.graphics)
                                           ^ Unexpected symbol

  Line 076:     implementation(libs.compose.ui.graphics)
                                            ^ Unexpected symbol

  Line 076:     implementation(libs.compose.ui.graphics)
                                              ^ Unexpected symbol

  Line 076:     implementation(libs.compose.ui.graphics)
                                               ^ Unexpected symbol

  Line 076:     implementation(libs.compose.ui.graphics)
                                                       ^ Unexpected symbol

  Line 077:     implementation(libs.compose.material3)
                ^ Unexpected symbol

  Line 077:     implementation(libs.compose.material3)
                              ^ Unexpected symbol

  Line 077:     implementation(libs.compose.material3)
                               ^ Unexpected symbol

  Line 077:     implementation(libs.compose.material3)
                                   ^ Unexpected symbol

  Line 077:     implementation(libs.compose.material3)
                                    ^ Unexpected symbol

  Line 077:     implementation(libs.compose.material3)
                                           ^ Unexpected symbol

  Line 077:     implementation(libs.compose.material3)
                                            ^ Unexpected symbol

  Line 077:     implementation(libs.compose.material3)
                                                     ^ Unexpected symbol

  Line 078:     implementation(libs.compose.material.icons)
                ^ Unexpected symbol

  Line 078:     implementation(libs.compose.material.icons)
                              ^ Unexpected symbol

  Line 078:     implementation(libs.compose.material.icons)
                               ^ Unexpected symbol

  Line 078:     implementation(libs.compose.material.icons)
                                   ^ Unexpected symbol

  Line 078:     implementation(libs.compose.material.icons)
                                    ^ Unexpected symbol

  Line 078:     implementation(libs.compose.material.icons)
                                           ^ Unexpected symbol

  Line 078:     implementation(libs.compose.material.icons)
                                            ^ Unexpected symbol

  Line 078:     implementation(libs.compose.material.icons)
                                                    ^ Unexpected symbol

  Line 078:     implementation(libs.compose.material.icons)
                                                     ^ Unexpected symbol

  Line 078:     implementation(libs.compose.material.icons)
                                                          ^ Unexpected symbol

  Line 079:     implementation(libs.compose.animation)
                ^ Unexpected symbol

  Line 079:     implementation(libs.compose.animation)
                              ^ Unexpected symbol

  Line 079:     implementation(libs.compose.animation)
                               ^ Unexpected symbol

  Line 079:     implementation(libs.compose.animation)
                                   ^ Unexpected symbol

  Line 079:     implementation(libs.compose.animation)
                                    ^ Unexpected symbol

  Line 079:     implementation(libs.compose.animation)
                                           ^ Unexpected symbol

  Line 079:     implementation(libs.compose.animation)
                                            ^ Unexpected symbol

  Line 079:     implementation(libs.compose.animation)
                                                     ^ Unexpected symbol

  Line 080:     implementation(libs.compose.foundation)
                ^ Unexpected symbol

  Line 080:     implementation(libs.compose.foundation)
                              ^ Unexpected symbol

  Line 080:     implementation(libs.compose.foundation)
                               ^ Unexpected symbol

  Line 080:     implementation(libs.compose.foundation)
                                   ^ Unexpected symbol

  Line 080:     implementation(libs.compose.foundation)
                                    ^ Unexpected symbol

  Line 080:     implementation(libs.compose.foundation)
                                           ^ Unexpected symbol

  Line 080:     implementation(libs.compose.foundation)
                                            ^ Unexpected symbol

  Line 080:     implementation(libs.compose.foundation)
                                                      ^ Unexpected symbol

  Line 081:     debugImplementation(libs.compose.ui.tooling)
                ^ Unexpected symbol

  Line 081:     debugImplementation(libs.compose.ui.tooling)
                                   ^ Unexpected symbol

  Line 081:     debugImplementation(libs.compose.ui.tooling)
                                    ^ Unexpected symbol

  Line 081:     debugImplementation(libs.compose.ui.tooling)
                                        ^ Unexpected symbol

  Line 081:     debugImplementation(libs.compose.ui.tooling)
                                         ^ Unexpected symbol

  Line 081:     debugImplementation(libs.compose.ui.tooling)
                                                ^ Unexpected symbol

  Line 081:     debugImplementation(libs.compose.ui.tooling)
                                                 ^ Unexpected symbol

  Line 081:     debugImplementation(libs.compose.ui.tooling)
                                                   ^ Unexpected symbol

  Line 081:     debugImplementation(libs.compose.ui.tooling)
                                                    ^ Unexpected symbol

  Line 081:     debugImplementation(libs.compose.ui.tooling)
                                                           ^ Unexpected symbol

  Line 084:     implementation(libs.core.ktx)
                ^ Unexpected symbol

  Line 084:     implementation(libs.core.ktx)
                              ^ Unexpected symbol

  Line 084:     implementation(libs.core.ktx)
                               ^ Unexpected symbol

  Line 084:     implementation(libs.core.ktx)
                                   ^ Unexpected symbol

  Line 084:     implementation(libs.core.ktx)
                                    ^ Unexpected symbol

  Line 084:     implementation(libs.core.ktx)
                                        ^ Unexpected symbol

  Line 084:     implementation(libs.core.ktx)
                                         ^ Unexpected symbol

  Line 084:     implementation(libs.core.ktx)
                                            ^ Unexpected symbol

  Line 085:     implementation(libs.activity.compose)
                ^ Unexpected symbol

  Line 085:     implementation(libs.activity.compose)
                              ^ Unexpected symbol

  Line 085:     implementation(libs.activity.compose)
                               ^ Unexpected symbol

  Line 085:     implementation(libs.activity.compose)
                                   ^ Unexpected symbol

  Line 085:     implementation(libs.activity.compose)
                                    ^ Unexpected symbol

  Line 085:     implementation(libs.activity.compose)
                                            ^ Unexpected symbol

  Line 085:     implementation(libs.activity.compose)
                                             ^ Unexpected symbol

  Line 085:     implementation(libs.activity.compose)
                                                    ^ Unexpected symbol

  Line 086:     implementation(libs.lifecycle.runtime)
                ^ Unexpected symbol

  Line 086:     implementation(libs.lifecycle.runtime)
                              ^ Unexpected symbol

  Line 086:     implementation(libs.lifecycle.runtime)
                               ^ Unexpected symbol

  Line 086:     implementation(libs.lifecycle.runtime)
                                   ^ Unexpected symbol

  Line 086:     implementation(libs.lifecycle.runtime)
                                    ^ Unexpected symbol

  Line 086:     implementation(libs.lifecycle.runtime)
                                             ^ Unexpected symbol

  Line 086:     implementation(libs.lifecycle.runtime)
                                              ^ Unexpected symbol

  Line 086:     implementation(libs.lifecycle.runtime)
                                                     ^ Unexpected symbol

  Line 087:     implementation(libs.lifecycle.viewmodel)
                ^ Unexpected symbol

  Line 087:     implementation(libs.lifecycle.viewmodel)
                              ^ Unexpected symbol

  Line 087:     implementation(libs.lifecycle.viewmodel)
                               ^ Unexpected symbol

  Line 087:     implementation(libs.lifecycle.viewmodel)
                                   ^ Unexpected symbol

  Line 087:     implementation(libs.lifecycle.viewmodel)
                                    ^ Unexpected symbol

  Line 087:     implementation(libs.lifecycle.viewmodel)
                                             ^ Unexpected symbol

  Line 087:     implementation(libs.lifecycle.viewmodel)
                                              ^ Unexpected symbol

  Line 087:     implementation(libs.lifecycle.viewmodel)
                                                       ^ Unexpected symbol

  Line 090:     implementation(libs.media3.exoplayer)
                ^ Unexpected symbol

  Line 090:     implementation(libs.media3.exoplayer)
                              ^ Unexpected symbol

  Line 090:     implementation(libs.media3.exoplayer)
                               ^ Unexpected symbol

  Line 090:     implementation(libs.media3.exoplayer)
                                   ^ Unexpected symbol

  Line 090:     implementation(libs.media3.exoplayer)
                                    ^ Unexpected symbol

  Line 090:     implementation(libs.media3.exoplayer)
                                          ^ Unexpected symbol

  Line 090:     implementation(libs.media3.exoplayer)
                                           ^ Unexpected symbol

  Line 090:     implementation(libs.media3.exoplayer)
                                                    ^ Unexpected symbol

  Line 091:     implementation(libs.media3.session)
                ^ Unexpected symbol

  Line 091:     implementation(libs.media3.session)
                              ^ Unexpected symbol

  Line 091:     implementation(libs.media3.session)
                               ^ Unexpected symbol

  Line 091:     implementation(libs.media3.session)
                                   ^ Unexpected symbol

  Line 091:     implementation(libs.media3.session)
                                    ^ Unexpected symbol

  Line 091:     implementation(libs.media3.session)
                                          ^ Unexpected symbol

  Line 091:     implementation(libs.media3.session)
                                           ^ Unexpected symbol

  Line 091:     implementation(libs.media3.session)
                                                  ^ Unexpected symbol

  Line 092:     implementation(libs.media3.common)
                ^ Unexpected symbol

  Line 092:     implementation(libs.media3.common)
                              ^ Unexpected symbol

  Line 092:     implementation(libs.media3.common)
                               ^ Unexpected symbol

  Line 092:     implementation(libs.media3.common)
                                   ^ Unexpected symbol

  Line 092:     implementation(libs.media3.common)
                                    ^ Unexpected symbol

  Line 092:     implementation(libs.media3.common)
                                          ^ Unexpected symbol

  Line 092:     implementation(libs.media3.common)
                                           ^ Unexpected symbol

  Line 092:     implementation(libs.media3.common)
                                                 ^ Unexpected symbol

  Line 095:     implementation(libs.hilt.android)
                ^ Unexpected symbol

  Line 095:     implementation(libs.hilt.android)
                              ^ Unexpected symbol

  Line 095:     implementation(libs.hilt.android)
                               ^ Unexpected symbol

  Line 095:     implementation(libs.hilt.android)
                                   ^ Unexpected symbol

  Line 095:     implementation(libs.hilt.android)
                                    ^ Unexpected symbol

  Line 095:     implementation(libs.hilt.android)
                                        ^ Unexpected symbol

  Line 095:     implementation(libs.hilt.android)
                                         ^ Unexpected symbol

  Line 095:     implementation(libs.hilt.android)
                                                ^ Unexpected symbol

  Line 096:     ksp(libs.hilt.compiler)
                ^ Unexpected symbol

  Line 096:     ksp(libs.hilt.compiler)
                   ^ Unexpected symbol

  Line 096:     ksp(libs.hilt.compiler)
                    ^ Unexpected symbol

  Line 096:     ksp(libs.hilt.compiler)
                        ^ Unexpected symbol

  Line 096:     ksp(libs.hilt.compiler)
                         ^ Unexpected symbol

  Line 096:     ksp(libs.hilt.compiler)
                             ^ Unexpected symbol

  Line 096:     ksp(libs.hilt.compiler)
                              ^ Unexpected symbol

  Line 096:     ksp(libs.hilt.compiler)
                                      ^ Unexpected symbol

  Line 097:     implementation(libs.hilt.navigation)
                ^ Unexpected symbol

  Line 097:     implementation(libs.hilt.navigation)
                              ^ Unexpected symbol

  Line 097:     implementation(libs.hilt.navigation)
                               ^ Unexpected symbol

  Line 097:     implementation(libs.hilt.navigation)
                                   ^ Unexpected symbol

  Line 097:     implementation(libs.hilt.navigation)
                                    ^ Unexpected symbol

  Line 097:     implementation(libs.hilt.navigation)
                                        ^ Unexpected symbol

  Line 097:     implementation(libs.hilt.navigation)
                                         ^ Unexpected symbol

  Line 097:     implementation(libs.hilt.navigation)
                                                   ^ Unexpected symbol

  Line 100:     implementation(libs.room.runtime)
                ^ Unexpected symbol

  Line 100:     implementation(libs.room.runtime)
                              ^ Unexpected symbol

  Line 100:     implementation(libs.room.runtime)
                               ^ Unexpected symbol

  Line 100:     implementation(libs.room.runtime)
                                   ^ Unexpected symbol

  Line 100:     implementation(libs.room.runtime)
                                    ^ Unexpected symbol

  Line 100:     implementation(libs.room.runtime)
                                        ^ Unexpected symbol

  Line 100:     implementation(libs.room.runtime)
                                         ^ Unexpected symbol

  Line 100:     implementation(libs.room.runtime)
                                                ^ Unexpected symbol

  Line 101:     implementation(libs.room.ktx)
                ^ Unexpected symbol

  Line 101:     implementation(libs.room.ktx)
                              ^ Unexpected symbol

  Line 101:     implementation(libs.room.ktx)
                               ^ Unexpected symbol

  Line 101:     implementation(libs.room.ktx)
                                   ^ Unexpected symbol

  Line 101:     implementation(libs.room.ktx)
                                    ^ Unexpected symbol

  Line 101:     implementation(libs.room.ktx)
                                        ^ Unexpected symbol

  Line 101:     implementation(libs.room.ktx)
                                         ^ Unexpected symbol

  Line 101:     implementation(libs.room.ktx)
                                            ^ Unexpected symbol

  Line 102:     ksp(libs.room.compiler)
                ^ Unexpected symbol

  Line 102:     ksp(libs.room.compiler)
                   ^ Unexpected symbol

  Line 102:     ksp(libs.room.compiler)
                    ^ Unexpected symbol

  Line 102:     ksp(libs.room.compiler)
                        ^ Unexpected symbol

  Line 102:     ksp(libs.room.compiler)
                         ^ Unexpected symbol

  Line 102:     ksp(libs.room.compiler)
                             ^ Unexpected symbol

  Line 102:     ksp(libs.room.compiler)
                              ^ Unexpected symbol

  Line 102:     ksp(libs.room.compiler)
                                      ^ Unexpected symbol

  Line 103:     implementation(libs.datastore.preferences)
                ^ Unexpected symbol

  Line 103:     implementation(libs.datastore.preferences)
                              ^ Unexpected symbol

  Line 103:     implementation(libs.datastore.preferences)
                               ^ Unexpected symbol

  Line 103:     implementation(libs.datastore.preferences)
                                   ^ Unexpected symbol

  Line 103:     implementation(libs.datastore.preferences)
                                    ^ Unexpected symbol

  Line 103:     implementation(libs.datastore.preferences)
                                             ^ Unexpected symbol

  Line 103:     implementation(libs.datastore.preferences)
                                              ^ Unexpected symbol

  Line 103:     implementation(libs.datastore.preferences)
                                                         ^ Unexpected symbol

  Line 106:     implementation(libs.timber)
                ^ Unexpected symbol

  Line 106:     implementation(libs.timber)
                              ^ Unexpected symbol

  Line 106:     implementation(libs.timber)
                               ^ Unexpected symbol

  Line 106:     implementation(libs.timber)
                                   ^ Unexpected symbol

  Line 106:     implementation(libs.timber)
                                    ^ Unexpected symbol

  Line 106:     implementation(libs.timber)
                                          ^ Unexpected symbol

  Line 109:     implementation(libs.kotlinx.serialization.json)
                ^ Unexpected symbol

  Line 109:     implementation(libs.kotlinx.serialization.json)
                              ^ Unexpected symbol

  Line 109:     implementation(libs.kotlinx.serialization.json)
                               ^ Unexpected symbol

  Line 109:     implementation(libs.kotlinx.serialization.json)
                                   ^ Unexpected symbol

  Line 109:     implementation(libs.kotlinx.serialization.json)
                                    ^ Unexpected symbol

  Line 109:     implementation(libs.kotlinx.serialization.json)
                                           ^ Unexpected symbol

  Line 109:     implementation(libs.kotlinx.serialization.json)
                                            ^ Unexpected symbol

  Line 109:     implementation(libs.kotlinx.serialization.json)
                                                         ^ Unexpected symbol

  Line 109:     implementation(libs.kotlinx.serialization.json)
                                                          ^ Unexpected symbol

  Line 109:     implementation(libs.kotlinx.serialization.json)
                                                              ^ Unexpected symbol

  Line 110:     implementation(libs.kotlinx.coroutines)
                ^ Unexpected symbol

  Line 110:     implementation(libs.kotlinx.coroutines)
                              ^ Unexpected symbol

  Line 110:     implementation(libs.kotlinx.coroutines)
                               ^ Unexpected symbol

  Line 110:     implementation(libs.kotlinx.coroutines)
                                   ^ Unexpected symbol

  Line 110:     implementation(libs.kotlinx.coroutines)
                                    ^ Unexpected symbol

  Line 110:     implementation(libs.kotlinx.coroutines)
                                           ^ Unexpected symbol

  Line 110:     implementation(libs.kotlinx.coroutines)
                                            ^ Unexpected symbol

  Line 110:     implementation(libs.kotlinx.coroutines)
                                                      ^ Unexpected symbol

  Line 113:     implementation(libs.coil.compose)
                ^ Unexpected symbol

  Line 113:     implementation(libs.coil.compose)
                              ^ Unexpected symbol

  Line 113:     implementation(libs.coil.compose)
                               ^ Unexpected symbol

  Line 113:     implementation(libs.coil.compose)
                                   ^ Unexpected symbol

  Line 113:     implementation(libs.coil.compose)
                                    ^ Unexpected symbol

  Line 113:     implementation(libs.coil.compose)
                                        ^ Unexpected symbol

  Line 113:     implementation(libs.coil.compose)
                                         ^ Unexpected symbol

  Line 113:     implementation(libs.coil.compose)
                                                ^ Unexpected symbol

  Line 114:     implementation(libs.coil.network.okhttp)
                ^ Unexpected symbol

  Line 114:     implementation(libs.coil.network.okhttp)
                              ^ Unexpected symbol

  Line 114:     implementation(libs.coil.network.okhttp)
                               ^ Unexpected symbol

  Line 114:     implementation(libs.coil.network.okhttp)
                                   ^ Unexpected symbol

  Line 114:     implementation(libs.coil.network.okhttp)
                                    ^ Unexpected symbol

  Line 114:     implementation(libs.coil.network.okhttp)
                                        ^ Unexpected symbol

  Line 114:     implementation(libs.coil.network.okhttp)
                                         ^ Unexpected symbol

  Line 114:     implementation(libs.coil.network.okhttp)
                                                ^ Unexpected symbol

  Line 114:     implementation(libs.coil.network.okhttp)
                                                 ^ Unexpected symbol

  Line 114:     implementation(libs.coil.network.okhttp)
                                                       ^ Unexpected symbol

  Line 117:     implementation(libs.okhttp)
                ^ Unexpected symbol

  Line 117:     implementation(libs.okhttp)
                              ^ Unexpected symbol

  Line 117:     implementation(libs.okhttp)
                               ^ Unexpected symbol

  Line 117:     implementation(libs.okhttp)
                                   ^ Unexpected symbol

  Line 117:     implementation(libs.okhttp)
                                    ^ Unexpected symbol

  Line 117:     implementation(libs.okhttp)
                                          ^ Unexpected symbol

  Line 118:     implementation(libs.retrofit)
                ^ Unexpected symbol

  Line 118:     implementation(libs.retrofit)
                              ^ Unexpected symbol

  Line 118:     implementation(libs.retrofit)
                               ^ Unexpected symbol

  Line 118:     implementation(libs.retrofit)
                                   ^ Unexpected symbol

  Line 118:     implementation(libs.retrofit)
                                    ^ Unexpected symbol

  Line 118:     implementation(libs.retrofit)
                                            ^ Unexpected symbol

  Line 119:     implementation(libs.retrofit.kotlinx)
                ^ Unexpected symbol

  Line 119:     implementation(libs.retrofit.kotlinx)
                              ^ Unexpected symbol

  Line 119:     implementation(libs.retrofit.kotlinx)
                               ^ Unexpected symbol

  Line 119:     implementation(libs.retrofit.kotlinx)
                                   ^ Unexpected symbol

  Line 119:     implementation(libs.retrofit.kotlinx)
                                    ^ Unexpected symbol

  Line 119:     implementation(libs.retrofit.kotlinx)
                                            ^ Unexpected symbol

  Line 119:     implementation(libs.retrofit.kotlinx)
                                             ^ Unexpected symbol

  Line 119:     implementation(libs.retrofit.kotlinx)
                                                    ^ Unexpected symbol

  Line 120: }
            ^ Unexpected symbol

255 errors

* Try:
> Run with --stacktrace option to get the stack trace.
> Run with --info or --debug option to get more log output.
> Run with --scan to get full insights from a Build Scan (powered by Develocity).
> Get more help at https://help.gradle.org.

BUILD FAILED in 1s
[INFO]           Could not resolve kotlin-stdlib using Maven: Cannot invoke "java.nio.file.Path.getFileSystem()" because "path" is null
[INFO]           Found kotlinc at /usr/bin/kotlinc
[INFO]           Successfully resolved kotlin-stdlib using Gradle to /home/dae/.gradle/caches/modules-2/files-2.1/org.jetbrains.kotlin/kotlin-stdlib/2.4.0/4e9f4b531dce5c7dee58ed2de9a8b9a763c8dc6c/kotlin-stdlib-2.4.0.jar
[INFO] async     Adding [/home/dae/.gradle/caches/modules-2/files-2.1/org.jetbrains.kotlin/kotlin-stdlib/2.4.0/4e9f4b531dce5c7dee58ed2de9a8b9a763c8dc6c/kotlin-stdlib-2.4.0.jar] to build script class path
[INFO] async     Reinstantiating compiler
[INFO] async     Workspace cache invalidated: no stored fingerprint (first run on this database)
[INFO] async     Workspace cache invalid or not found, running full initialization
[INFO] async     initialize: returning InitializeResult
[INFO] debounce0 compileFiles: 1 files in lint set, 1 detected as changed (forceFresh=false)
[INFO] debounce0 Rebuilding dependency index with 52 files
[INFO] debounce0 Building dependency index with 52 files
[INFO] client    Classpath has not changed. Fetching 1 entries from cache
[INFO] async     Classpath with sources has not changed. Fetching from cache
[INFO] client    Classpath has not changed. Fetching 1 entries from cache
[INFO] async     Classpath with sources has not changed. Fetching from cache
[INFO] client    Classpath has not changed. Fetching 1 entries from cache
[INFO] async     Classpath with sources has not changed. Fetching from cache
[INFO] client    Classpath has not changed. Fetching 1 entries from cache
[INFO] async     Classpath with sources has not changed. Fetching from cache
[INFO] debounce0 Dependency index built: 33 packages, 394 import relationships
[INFO] debounce0 filesInPackageOrImporting(<root>) -> 3 results (3 in package, 0 importing)
[INFO] debounce0 compileAndUpdate: compiling 3 files: [file:///home/dae/Work/VZ/Ljod/settings.gradle.kts, file:///home/dae/Work/VZ/Ljod/build.gradle.kts, file:///home/dae/Work/VZ/Ljod/app/build.gradle.kts]
[INFO] debounce0 compileAndUpdate: compilation complete
[INFO] debounce0 compileAndUpdate: compiling 2 files: [file:///home/dae/Work/VZ/Ljod/build.gradle.kts, file:///home/dae/Work/VZ/Ljod/app/build.gradle.kts]
[INFO] debounce0 compileAndUpdate: compilation complete
[INFO] debounce0 compileFiles: 1 files in lint set, 0 detected as changed (forceFresh=false)
[INFO] debounce0 compileFiles: 1 files in lint set, 0 detected as changed (forceFresh=false)
[INFO] debounce0 compileFiles: 1 files in lint set, 1 detected as changed (forceFresh=false)
[INFO] debounce0 Rebuilding dependency index with 52 files
[INFO] debounce0 Building dependency index with 52 files
[INFO] debounce0 Dependency index built: 33 packages, 394 import relationships
[INFO] debounce0 filesInPackageOrImporting(dev.vz.ljod.app) -> 2 results (2 in package, 0 importing)
[INFO] debounce0 compileAndUpdate: compiling 2 files: [file:///home/dae/Work/VZ/Ljod/app/src/main/java/dev/vz/ljod/app/LjodShell.kt, file:///home/dae/Work/VZ/Ljod/app/src/main/java/dev/vz/ljod/app/LjodViewModel.kt]
[INFO] debounce0 compileAndUpdate: compilation complete
[INFO] debounce0 compileFiles: 1 files in lint set, 0 detected as changed (forceFresh=false)
[INFO] debounce0 compileFiles: 1 files in lint set, 1 detected as changed (forceFresh=false)
[INFO] debounce0 Rebuilding dependency index with 52 files
[INFO] debounce0 Building dependency index with 52 files
[INFO] debounce0 Dependency index built: 33 packages, 394 import relationships
[INFO] debounce0 filesInPackageOrImporting(dev.vz.ljod.playback) -> 3 results (3 in package, 0 importing)
[INFO] debounce0 compileAndUpdate: compiling 3 files: [file:///home/dae/Work/VZ/Ljod/app/src/main/java/dev/vz/ljod/playback/PlaybackController.kt, file:///home/dae/Work/VZ/Ljod/app/src/main/java/dev/vz/ljod/playback/PlaybackService.kt, file:///home/dae/Work/VZ/Ljod/app/src/main/java/dev/vz/ljod/playback/EqualizerController.kt]
[INFO] debounce0 compileAndUpdate: compilation complete
[INFO] debounce0 compileFiles: 1 files in lint set, 0 detected as changed (forceFresh=false)
[INFO] debounce0 compileFiles: 1 files in lint set, 0 detected as changed (forceFresh=false)
[INFO] debounce0 compileFiles: 1 files in lint set, 1 detected as changed (forceFresh=false)
[INFO] debounce0 Rebuilding dependency index with 52 files
[INFO] debounce0 Building dependency index with 52 files
[INFO] debounce0 Dependency index built: 33 packages, 394 import relationships
[INFO] debounce0 filesInPackageOrImporting(dev.vz.ljod) -> 2 results (2 in package, 0 importing)
[INFO] debounce0 compileAndUpdate: compiling 2 files: [file:///home/dae/Work/VZ/Ljod/app/src/main/java/dev/vz/ljod/LjodApp.kt, file:///home/dae/Work/VZ/Ljod/app/src/main/java/dev/vz/ljod/MainActivity.kt]
[INFO] client    Cached classpath is outdated or not found. Resolving again
[INFO] debounce0 compileAndUpdate: compilation complete
[INFO] debounce0 compileFiles: 1 files in lint set, 0 detected as changed (forceFresh=false)
[INFO] debounce0 compileFiles: 1 files in lint set, 1 detected as changed (forceFresh=false)
[INFO] debounce0 Rebuilding dependency index with 52 files
[INFO] debounce0 Building dependency index with 52 files
[INFO] debounce0 Dependency index built: 33 packages, 394 import relationships
[INFO] debounce0 filesInPackageOrImporting(dev.vz.ljod.data.model) -> 2 results (2 in package, 0 importing)
[INFO] debounce0 compileAndUpdate: compiling 2 files: [file:///home/dae/Work/VZ/Ljod/app/src/main/java/dev/vz/ljod/data/model/Song.kt, file:///home/dae/Work/VZ/Ljod/app/src/main/java/dev/vz/ljod/data/model/Derived.kt]
[INFO] debounce0 compileAndUpdate: compilation complete
[INFO] debounce0 compileFiles: 1 files in lint set, 0 detected as changed (forceFresh=false)
[INFO] debounce0 compileFiles: 1 files in lint set, 1 detected as changed (forceFresh=false)
[INFO] debounce0 Rebuilding dependency index with 52 files
[INFO] debounce0 Building dependency index with 52 files
[INFO] debounce0 Dependency index built: 33 packages, 394 import relationships
[INFO] debounce0 filesInPackageOrImporting(dev.vz.ljod.data.database) -> 2 results (2 in package, 0 importing)
[INFO] debounce0 compileAndUpdate: compiling 2 files: [file:///home/dae/Work/VZ/Ljod/app/src/main/java/dev/vz/ljod/data/database/LjodDatabase.kt, file:///home/dae/Work/VZ/Ljod/app/src/main/java/dev/vz/ljod/data/database/Daos.kt]
[INFO] debounce0 compileAndUpdate: compilation complete
[INFO] debounce0 compileFiles: 1 files in lint set, 0 detected as changed (forceFresh=false)
[INFO] debounce0 compileFiles: 1 files in lint set, 1 detected as changed (forceFresh=false)
[INFO] debounce0 Rebuilding dependency index with 52 files
[INFO] debounce0 Building dependency index with 52 files
[INFO] debounce0 Dependency index built: 33 packages, 394 import relationships
[INFO] debounce0 filesInPackageOrImporting(dev.vz.ljod.data.lyrics) -> 3 results (3 in package, 0 importing)
[INFO] debounce0 compileAndUpdate: compiling 3 files: [file:///home/dae/Work/VZ/Ljod/app/src/main/java/dev/vz/ljod/data/lyrics/LocalLyrics.kt, file:///home/dae/Work/VZ/Ljod/app/src/main/java/dev/vz/ljod/data/lyrics/OnlineLyrics.kt, file:///home/dae/Work/VZ/Ljod/app/src/main/java/dev/vz/ljod/data/lyrics/LyricsRepository.kt]
[ERROR] client    TOOLING API: Error fetching model: Could not fetch model of type 'EclipseProject' using connection to Gradle distribution 'https://services.gradle.org/distributions/gradle-9.7.1-bin.zip'.
[ERROR] client    TOOLING API: EXCEPTION during resolution for /home/dae/Work/VZ/Ljod: Could not fetch model of type 'EclipseProject' using connection to Gradle distribution 'https://services.gradle.org/distributions/gradle-9.7.1-bin.zip'.
[WARN] client    TOOLING API: Falling back to CLI for /home/dae/Work/VZ/Ljod
[INFO] debounce0 compileAndUpdate: compilation complete
[INFO] debounce0 compileFiles: 1 files in lint set, 0 detected as changed (forceFresh=false)
[INFO] debounce0 compileFiles: 1 files in lint set, 0 detected as changed (forceFresh=false)
[INFO] debounce0 compileFiles: 1 files in lint set, 1 detected as changed (forceFresh=false)
[INFO] debounce0 Rebuilding dependency index with 52 files
[INFO] debounce0 Building dependency index with 52 files
[INFO] debounce0 Dependency index built: 33 packages, 394 import relationships
[INFO] debounce0 filesInPackageOrImporting(dev.vz.ljod.data.gemini) -> 1 results (1 in package, 0 importing)
[INFO] debounce0 compileAndUpdate: compiling 1 files: [file:///home/dae/Work/VZ/Ljod/app/src/main/java/dev/vz/ljod/data/gemini/GeminiClient.kt]
[ERROR] client    CLI: Gradle task FAILED: e: file:///home/dae/Work/VZ/Ljod/app/build.gradle.kts:69:1: Unexpected symbol
e: file:///home/dae/Work/VZ/Ljod/app/build.gradle.kts:71:1: Unexpected symbol
e: file:///home/dae/Work/VZ/Ljod/app/build.gradle.kts:71:14: Unexpected symbol
e: file:///home/dae/Work/VZ/Ljod/app/build.gradle.kts:73:5: Unexpected symbol
e: file:///home/dae/Work/VZ/Ljod/app/build.gradle.kts:73:9: Unexpected symbol
e: file:///home/dae/Work/VZ/Ljod/app/build.gradle.kts:73:20: Unexpected symbol
e: file:///home/dae/Work/VZ/Ljod/app/build.gradle.kts:73:22: Unexpected symbol
e: file:///home/dae/Work/VZ/Ljod/app/build.gradle.kts:73:30: Unexpected symbol
e: file:///home/dae/Work/VZ/Ljod/app/build.gradle.kts:73:31: Unexpected symbol
e: file:///home/dae/Work/VZ/Ljod/app/build.gradle.kts:73:35: Unexpected symbol
e: file:///home/dae/Work/VZ/Ljod/app/build.gradle.kts:73:36: Unexpected symbol
e: file:///home/dae/Work/VZ/Ljod/app/build.gradle.kts:73:43: Unexpected symbol
e: file:///home/dae/Work/VZ/Ljod/app/build.gradle.kts:73:44: Unexpected symbol
e: file:///home/dae/Work/VZ/Ljod/app/build.gradle.kts:73:47: Unexpected symbol
e: file:///home/dae/Work/VZ/Ljod/app/build.gradle.kts:74:5: Unexpected symbol
e: file:///home/dae/Work/VZ/Ljod/app/build.gradle.kts:74:19: Unexpected symbol
e: file:///home/dae/Work/VZ/Ljod/app/build.gradle.kts:74:20: Unexpected symbol
e: file:///home/dae/Work/VZ/Ljod/app/build.gradle.kts:74:30: Unexpected symbol
e: file:///home/dae/Work/VZ/Ljod/app/build.gradle.kts:75:5: Unexpected symbol
e: file:///home/dae/Work/VZ/Ljod/app/build.gradle.kts:75:19: Unexpected symbol
e: file:///home/dae/Work/VZ/Ljod/app/build.gradle.kts:75:20: Unexpected symbol
e: file:///home/dae/Work/VZ/Ljod/app/build.gradle.kts:75:24: Unexpected symbol
e: file:///home/dae/Work/VZ/Ljod/app/build.gradle.kts:75:25: Unexpected symbol
e: file:///home/dae/Work/VZ/Ljod/app/build.gradle.kts:75:32: Unexpected symbol
e: file:///home/dae/Work/VZ/Ljod/app/build.gradle.kts:75:33: Unexpected symbol
e: file:///home/dae/Work/VZ/Ljod/app/build.gradle.kts:75:35: Unexpected symbol
e: file:///home/dae/Work/VZ/Ljod/app/build.gradle.kts:76:5: Unexpected symbol
e: file:///home/dae/Work/VZ/Ljod/app/build.gradle.kts:76:19: Unexpected symbol
e: file:///home/dae/Work/VZ/Ljod/app/build.gradle.kts:76:20: Unexpected symbol
e: file:///home/dae/Work/VZ/Ljod/app/build.gradle.kts:76:24: Unexpected symbol
e: file:///home/dae/Work/VZ/Ljod/app/build.gradle.kts:76:25: Unexpected symbol
e: file:///home/dae/Work/VZ/Ljod/app/build.gradle.kts:76:32: Unexpected symbol
e: file:///home/dae/Work/VZ/Ljod/app/build.gradle.kts:76:33: Unexpected symbol
e: file:///home/dae/Work/VZ/Ljod/app/build.gradle.kts:76:35: Unexpected symbol
e: file:///home/dae/Work/VZ/Ljod/app/build.gradle.kts:76:36: Unexpected symbol
e: file:///home/dae/Work/VZ/Ljod/app/build.gradle.kts:76:44: Unexpected symbol
e: file:///home/dae/Work/VZ/Ljod/app/build.gradle.kts:77:5: Unexpected symbol
e: file:///home/dae/Work/VZ/Ljod/app/build.gradle.kts:77:19: Unexpected symbol
e: file:///home/dae/Work/VZ/Ljod/app/build.gradle.kts:77:20: Unexpected symbol
e: file:///home/dae/Work/VZ/Ljod/app/build.gradle.kts:77:24: Unexpected symbol
e: file:///home/dae/Work/VZ/Ljod/app/build.gradle.kts:77:25: Unexpected symbol
e: file:///home/dae/Work/VZ/Ljod/app/build.gradle.kts:77:32: Unexpected symbol
e: file:///home/dae/Work/VZ/Ljod/app/build.gradle.kts:77:33: Unexpected symbol
e: file:///home/dae/Work/VZ/Ljod/app/build.gradle.kts:77:42: Unexpected symbol
e: file:///home/dae/Work/VZ/Ljod/app/build.gradle.kts:78:5: Unexpected symbol
e: file:///home/dae/Work/VZ/Ljod/app/build.gradle.kts:78:19: Unexpected symbol
e: file:///home/dae/Work/VZ/Ljod/app/build.gradle.kts:78:20: Unexpected symbol
e: file:///home/dae/Work/VZ/Ljod/app/build.gradle.kts:78:24: Unexpected symbol
e: file:///home/dae/Work/VZ/Ljod/app/build.gradle.kts:78:25: Unexpected symbol
e: file:///home/dae/Work/VZ/Ljod/app/build.gradle.kts:78:32: Unexpected symbol
e: file:///home/dae/Work/VZ/Ljod/app/build.gradle.kts:78:33: Unexpected symbol
e: file:///home/dae/Work/VZ/Ljod/app/build.gradle.kts:78:41: Unexpected symbol
e: file:///home/dae/Work/VZ/Ljod/app/build.gradle.kts:78:42: Unexpected symbol
e: file:///home/dae/Work/VZ/Ljod/app/build.gradle.kts:78:47: Unexpected symbol
e: file:///home/dae/Work/VZ/Ljod/app/build.gradle.kts:79:5: Unexpected symbol
e: file:///home/dae/Work/VZ/Ljod/app/build.gradle.kts:79:19: Unexpected symbol
e: file:///home/dae/Work/VZ/Ljod/app/build.gradle.kts:79:20: Unexpected symbol
e: file:///home/dae/Work/VZ/Ljod/app/build.gradle.kts:79:24: Unexpected symbol
e: file:///home/dae/Work/VZ/Ljod/app/build.gradle.kts:79:25: Unexpected symbol
e: file:///home/dae/Work/VZ/Ljod/app/build.gradle.kts:79:32: Unexpected symbol
e: file:///home/dae/Work/VZ/Ljod/app/build.gradle.kts:79:33: Unexpected symbol
e: file:///home/dae/Work/VZ/Ljod/app/build.gradle.kts:79:42: Unexpected symbol
e: file:///home/dae/Work/VZ/Ljod/app/build.gradle.kts:80:5: Unexpected symbol
e: file:///home/dae/Work/VZ/Ljod/app/build.gradle.kts:80:19: Unexpected symbol
e: file:///home/dae/Work/VZ/Ljod/app/build.gradle.kts:80:20: Unexpected symbol
e: file:///home/dae/Work/VZ/Ljod/app/build.gradle.kts:80:24: Unexpected symbol
e: file:///home/dae/Work/VZ/Ljod/app/build.gradle.kts:80:25: Unexpected symbol
e: file:///home/dae/Work/VZ/Ljod/app/build.gradle.kts:80:32: Unexpected symbol
e: file:///home/dae/Work/VZ/Ljod/app/build.gradle.kts:80:33: Unexpected symbol
e: file:///home/dae/Work/VZ/Ljod/app/build.gradle.kts:80:43: Unexpected symbol
e: file:///home/dae/Work/VZ/Ljod/app/build.gradle.kts:81:5: Unexpected symbol
e: file:///home/dae/Work/VZ/Ljod/app/build.gradle.kts:81:24: Unexpected symbol
e: file:///home/dae/Work/VZ/Ljod/app/build.gradle.kts:81:25: Unexpected symbol
e: file:///home/dae/Work/VZ/Ljod/app/build.gradle.kts:81:29: Unexpected symbol
e: file:///home/dae/Work/VZ/Ljod/app/build.gradle.kts:81:30: Unexpected symbol
e: file:///home/dae/Work/VZ/Ljod/app/build.gradle.kts:81:37: Unexpected symbol
e: file:///home/dae/Work/VZ/Ljod/app/build.gradle.kts:81:38: Unexpected symbol
e: file:///home/dae/Work/VZ/Ljod/app/build.gradle.kts:81:40: Unexpected symbol
e: file:///home/dae/Work/VZ/Ljod/app/build.gradle.kts:81:41: Unexpected symbol
e: file:///home/dae/Work/VZ/Ljod/app/build.gradle.kts:81:48: Unexpected symbol
e: file:///home/dae/Work/VZ/Ljod/app/build.gradle.kts:84:5: Unexpected symbol
e: file:///home/dae/Work/VZ/Ljod/app/build.gradle.kts:84:19: Unexpected symbol
e: file:///home/dae/Work/VZ/Ljod/app/build.gradle.kts:84:20: Unexpected symbol
e: file:///home/dae/Work/VZ/Ljod/app/build.gradle.kts:84:24: Unexpected symbol
e: file:///home/dae/Work/VZ/Ljod/app/build.gradle.kts:84:25: Unexpected symbol
e: file:///home/dae/Work/VZ/Ljod/app/build.gradle.kts:84:29: Unexpected symbol
e: file:///home/dae/Work/VZ/Ljod/app/build.gradle.kts:84:30: Unexpected symbol
e: file:///home/dae/Work/VZ/Ljod/app/build.gradle.kts:84:33: Unexpected symbol
e: file:///home/dae/Work/VZ/Ljod/app/build.gradle.kts:85:5: Unexpected symbol
e: file:///home/dae/Work/VZ/Ljod/app/build.gradle.kts:85:19: Unexpected symbol
e: file:///home/dae/Work/VZ/Ljod/app/build.gradle.kts:85:20: Unexpected symbol
e: file:///home/dae/Work/VZ/Ljod/app/build.gradle.kts:85:24: Unexpected symbol
e: file:///home/dae/Work/VZ/Ljod/app/build.gradle.kts:85:25: Unexpected symbol
e: file:///home/dae/Work/VZ/Ljod/app/build.gradle.kts:85:33: Unexpected symbol
e: file:///home/dae/Work/VZ/Ljod/app/build.gradle.kts:85:34: Unexpected symbol
e: file:///home/dae/Work/VZ/Ljod/app/build.gradle.kts:85:41: Unexpected symbol
e: file:///home/dae/Work/VZ/Ljod/app/build.gradle.kts:86:5: Unexpected symbol
e: file:///home/dae/Work/VZ/Ljod/app/build.gradle.kts:86:19: Unexpected symbol
e: file:///home/dae/Work/VZ/Ljod/app/build.gradle.kts:86:20: Unexpected symbol
e: file:///home/dae/Work/VZ/Ljod/app/build.gradle.kts:86:24: Unexpected symbol
e: file:///home/dae/Work/VZ/Ljod/app/build.gradle.kts:86:25: Unexpected symbol
e: file:///home/dae/Work/VZ/Ljod/app/build.gradle.kts:86:34: Unexpected symbol
e: file:///home/dae/Work/VZ/Ljod/app/build.gradle.kts:86:35: Unexpected symbol
e: file:///home/dae/Work/VZ/Ljod/app/build.gradle.kts:86:42: Unexpected symbol
e: file:///home/dae/Work/VZ/Ljod/app/build.gradle.kts:87:5: Unexpected symbol
e: file:///home/dae/Work/VZ/Ljod/app/build.gradle.kts:87:19: Unexpected symbol
e: file:///home/dae/Work/VZ/Ljod/app/build.gradle.kts:87:20: Unexpected symbol
e: file:///home/dae/Work/VZ/Ljod/app/build.gradle.kts:87:24: Unexpected symbol
e: file:///home/dae/Work/VZ/Ljod/app/build.gradle.kts:87:25: Unexpected symbol
e: file:///home/dae/Work/VZ/Ljod/app/build.gradle.kts:87:34: Unexpected symbol
e: file:///home/dae/Work/VZ/Ljod/app/build.gradle.kts:87:35: Unexpected symbol
e: file:///home/dae/Work/VZ/Ljod/app/build.gradle.kts:87:44: Unexpected symbol
e: file:///home/dae/Work/VZ/Ljod/app/build.gradle.kts:90:5: Unexpected symbol
e: file:///home/dae/Work/VZ/Ljod/app/build.gradle.kts:90:19: Unexpected symbol
e: file:///home/dae/Work/VZ/Ljod/app/build.gradle.kts:90:20: Unexpected symbol
e: file:///home/dae/Work/VZ/Ljod/app/build.gradle.kts:90:24: Unexpected symbol
e: file:///home/dae/Work/VZ/Ljod/app/build.gradle.kts:90:25: Unexpected symbol
e: file:///home/dae/Work/VZ/Ljod/app/build.gradle.kts:90:31: Unexpected symbol
e: file:///home/dae/Work/VZ/Ljod/app/build.gradle.kts:90:32: Unexpected symbol
e: file:///home/dae/Work/VZ/Ljod/app/build.gradle.kts:90:41: Unexpected symbol
e: file:///home/dae/Work/VZ/Ljod/app/build.gradle.kts:91:5: Unexpected symbol
e: file:///home/dae/Work/VZ/Ljod/app/build.gradle.kts:91:19: Unexpected symbol
e: file:///home/dae/Work/VZ/Ljod/app/build.gradle.kts:91:20: Unexpected symbol
e: file:///home/dae/Work/VZ/Ljod/app/build.gradle.kts:91:24: Unexpected symbol
e: file:///home/dae/Work/VZ/Ljod/app/build.gradle.kts:91:25: Unexpected symbol
e: file:///home/dae/Work/VZ/Ljod/app/build.gradle.kts:91:31: Unexpected symbol
e: file:///home/dae/Work/VZ/Ljod/app/build.gradle.kts:91:32: Unexpected symbol
e: file:///home/dae/Work/VZ/Ljod/app/build.gradle.kts:91:39: Unexpected symbol
e: file:///home/dae/Work/VZ/Ljod/app/build.gradle.kts:92:5: Unexpected symbol
e: file:///home/dae/Work/VZ/Ljod/app/build.gradle.kts:92:19: Unexpected symbol
e: file:///home/dae/Work/VZ/Ljod/app/build.gradle.kts:92:20: Unexpected symbol
e: file:///home/dae/Work/VZ/Ljod/app/build.gradle.kts:92:24: Unexpected symbol
e: file:///home/dae/Work/VZ/Ljod/app/build.gradle.kts:92:25: Unexpected symbol
e: file:///home/dae/Work/VZ/Ljod/app/build.gradle.kts:92:31: Unexpected symbol
e: file:///home/dae/Work/VZ/Ljod/app/build.gradle.kts:92:32: Unexpected symbol
e: file:///home/dae/Work/VZ/Ljod/app/build.gradle.kts:92:38: Unexpected symbol
e: file:///home/dae/Work/VZ/Ljod/app/build.gradle.kts:95:5: Unexpected symbol
e: file:///home/dae/Work/VZ/Ljod/app/build.gradle.kts:95:19: Unexpected symbol
e: file:///home/dae/Work/VZ/Ljod/app/build.gradle.kts:95:20: Unexpected symbol
e: file:///home/dae/Work/VZ/Ljod/app/build.gradle.kts:95:24: Unexpected symbol
e: file:///home/dae/Work/VZ/Ljod/app/build.gradle.kts:95:25: Unexpected symbol
e: file:///home/dae/Work/VZ/Ljod/app/build.gradle.kts:95:29: Unexpected symbol
e: file:///home/dae/Work/VZ/Ljod/app/build.gradle.kts:95:30: Unexpected symbol
e: file:///home/dae/Work/VZ/Ljod/app/build.gradle.kts:95:37: Unexpected symbol
e: file:///home/dae/Work/VZ/Ljod/app/build.gradle.kts:96:5: Unexpected symbol
e: file:///home/dae/Work/VZ/Ljod/app/build.gradle.kts:96:8: Unexpected symbol
e: file:///home/dae/Work/VZ/Ljod/app/build.gradle.kts:96:9: Unexpected symbol
e: file:///home/dae/Work/VZ/Ljod/app/build.gradle.kts:96:13: Unexpected symbol
e: file:///home/dae/Work/VZ/Ljod/app/build.gradle.kts:96:14: Unexpected symbol
e: file:///home/dae/Work/VZ/Ljod/app/build.gradle.kts:96:18: Unexpected symbol
e: file:///home/dae/Work/VZ/Ljod/app/build.gradle.kts:96:19: Unexpected symbol
e: file:///home/dae/Work/VZ/Ljod/app/build.gradle.kts:96:27: Unexpected symbol
e: file:///home/dae/Work/VZ/Ljod/app/build.gradle.kts:97:5: Unexpected symbol
e: file:///home/dae/Work/VZ/Ljod/app/build.gradle.kts:97:19: Unexpected symbol
e: file:///home/dae/Work/VZ/Ljod/app/build.gradle.kts:97:20: Unexpected symbol
e: file:///home/dae/Work/VZ/Ljod/app/build.gradle.kts:97:24: Unexpected symbol
e: file:///home/dae/Work/VZ/Ljod/app/build.gradle.kts:97:25: Unexpected symbol
e: file:///home/dae/Work/VZ/Ljod/app/build.gradle.kts:97:29: Unexpected symbol
e: file:///home/dae/Work/VZ/Ljod/app/build.gradle.kts:97:30: Unexpected symbol
e: file:///home/dae/Work/VZ/Ljod/app/build.gradle.kts:97:40: Unexpected symbol
e: file:///home/dae/Work/VZ/Ljod/app/build.gradle.kts:100:5: Unexpected symbol
e: file:///home/dae/Work/VZ/Ljod/app/build.gradle.kts:100:19: Unexpected symbol
e: file:///home/dae/Work/VZ/Ljod/app/build.gradle.kts:100:20: Unexpected symbol
e: file:///home/dae/Work/VZ/Ljod/app/build.gradle.kts:100:24: Unexpected symbol
e: file:///home/dae/Work/VZ/Ljod/app/build.gradle.kts:100:25: Unexpected symbol
e: file:///home/dae/Work/VZ/Ljod/app/build.gradle.kts:100:29: Unexpected symbol
e: file:///home/dae/Work/VZ/Ljod/app/build.gradle.kts:100:30: Unexpected symbol
e: file:///home/dae/Work/VZ/Ljod/app/build.gradle.kts:100:37: Unexpected symbol
e: file:///home/dae/Work/VZ/Ljod/app/build.gradle.kts:101:5: Unexpected symbol
e: file:///home/dae/Work/VZ/Ljod/app/build.gradle.kts:101:19: Unexpected symbol
e: file:///home/dae/Work/VZ/Ljod/app/build.gradle.kts:101:20: Unexpected symbol
e: file:///home/dae/Work/VZ/Ljod/app/build.gradle.kts:101:24: Unexpected symbol
e: file:///home/dae/Work/VZ/Ljod/app/build.gradle.kts:101:25: Unexpected symbol
e: file:///home/dae/Work/VZ/Ljod/app/build.gradle.kts:101:29: Unexpected symbol
e: file:///home/dae/Work/VZ/Ljod/app/build.gradle.kts:101:30: Unexpected symbol
e: file:///home/dae/Work/VZ/Ljod/app/build.gradle.kts:101:33: Unexpected symbol
e: file:///home/dae/Work/VZ/Ljod/app/build.gradle.kts:102:5: Unexpected symbol
e: file:///home/dae/Work/VZ/Ljod/app/build.gradle.kts:102:8: Unexpected symbol
e: file:///home/dae/Work/VZ/Ljod/app/build.gradle.kts:102:9: Unexpected symbol
e: file:///home/dae/Work/VZ/Ljod/app/build.gradle.kts:102:13: Unexpected symbol
e: file:///home/dae/Work/VZ/Ljod/app/build.gradle.kts:102:14: Unexpected symbol
e: file:///home/dae/Work/VZ/Ljod/app/build.gradle.kts:102:18: Unexpected symbol
e: file:///home/dae/Work/VZ/Ljod/app/build.gradle.kts:102:19: Unexpected symbol
e: file:///home/dae/Work/VZ/Ljod/app/build.gradle.kts:102:27: Unexpected symbol
e: file:///home/dae/Work/VZ/Ljod/app/build.gradle.kts:103:5: Unexpected symbol
e: file:///home/dae/Work/VZ/Ljod/app/build.gradle.kts:103:19: Unexpected symbol
e: file:///home/dae/Work/VZ/Ljod/app/build.gradle.kts:103:20: Unexpected symbol
e: file:///home/dae/Work/VZ/Ljod/app/build.gradle.kts:103:24: Unexpected symbol
e: file:///home/dae/Work/VZ/Ljod/app/build.gradle.kts:103:25: Unexpected symbol
e: file:///home/dae/Work/VZ/Ljod/app/build.gradle.kts:103:34: Unexpected symbol
e: file:///home/dae/Work/VZ/Ljod/app/build.gradle.kts:103:35: Unexpected symbol
e: file:///home/dae/Work/VZ/Ljod/app/build.gradle.kts:103:46: Unexpected symbol
e: file:///home/dae/Work/VZ/Ljod/app/build.gradle.kts:106:5: Unexpected symbol
e: file:///home/dae/Work/VZ/Ljod/app/build.gradle.kts:106:19: Unexpected symbol
e: file:///home/dae/Work/VZ/Ljod/app/build.gradle.kts:106:20: Unexpected symbol
e: file:///home/dae/Work/VZ/Ljod/app/build.gradle.kts:106:24: Unexpected symbol
e: file:///home/dae/Work/VZ/Ljod/app/build.gradle.kts:106:25: Unexpected symbol
e: file:///home/dae/Work/VZ/Ljod/app/build.gradle.kts:106:31: Unexpected symbol
e: file:///home/dae/Work/VZ/Ljod/app/build.gradle.kts:109:5: Unexpected symbol
e: file:///home/dae/Work/VZ/Ljod/app/build.gradle.kts:109:19: Unexpected symbol
e: file:///home/dae/Work/VZ/Ljod/app/build.gradle.kts:109:20: Unexpected symbol
e: file:///home/dae/Work/VZ/Ljod/app/build.gradle.kts:109:24: Unexpected symbol
e: file:///home/dae/Work/VZ/Ljod/app/build.gradle.kts:109:25: Unexpected symbol
e: file:///home/dae/Work/VZ/Ljod/app/build.gradle.kts:109:32: Unexpected symbol
e: file:///home/dae/Work/VZ/Ljod/app/build.gradle.kts:109:33: Unexpected symbol
e: file:///home/dae/Work/VZ/Ljod/app/build.gradle.kts:109:46: Unexpected symbol
e: file:///home/dae/Work/VZ/Ljod/app/build.gradle.kts:109:47: Unexpected symbol
e: file:///home/dae/Work/VZ/Ljod/app/build.gradle.kts:109:51: Unexpected symbol
e: file:///home/dae/Work/VZ/Ljod/app/build.gradle.kts:110:5: Unexpected symbol
e: file:///home/dae/Work/VZ/Ljod/app/build.gradle.kts:110:19: Unexpected symbol
e: file:///home/dae/Work/VZ/Ljod/app/build.gradle.kts:110:20: Unexpected symbol
e: file:///home/dae/Work/VZ/Ljod/app/build.gradle.kts:110:24: Unexpected symbol
e: file:///home/dae/Work/VZ/Ljod/app/build.gradle.kts:110:25: Unexpected symbol
e: file:///home/dae/Work/VZ/Ljod/app/build.gradle.kts:110:32: Unexpected symbol
e: file:///home/dae/Work/VZ/Ljod/app/build.gradle.kts:110:33: Unexpected symbol
e: file:///home/dae/Work/VZ/Ljod/app/build.gradle.kts:110:43: Unexpected symbol
e: file:///home/dae/Work/VZ/Ljod/app/build.gradle.kts:113:5: Unexpected symbol
e: file:///home/dae/Work/VZ/Ljod/app/build.gradle.kts:113:19: Unexpected symbol
e: file:///home/dae/Work/VZ/Ljod/app/build.gradle.kts:113:20: Unexpected symbol
e: file:///home/dae/Work/VZ/Ljod/app/build.gradle.kts:113:24: Unexpected symbol
e: file:///home/dae/Work/VZ/Ljod/app/build.gradle.kts:113:25: Unexpected symbol
e: file:///home/dae/Work/VZ/Ljod/app/build.gradle.kts:113:29: Unexpected symbol
e: file:///home/dae/Work/VZ/Ljod/app/build.gradle.kts:113:30: Unexpected symbol
e: file:///home/dae/Work/VZ/Ljod/app/build.gradle.kts:113:37: Unexpected symbol
e: file:///home/dae/Work/VZ/Ljod/app/build.gradle.kts:114:5: Unexpected symbol
e: file:///home/dae/Work/VZ/Ljod/app/build.gradle.kts:114:19: Unexpected symbol
e: file:///home/dae/Work/VZ/Ljod/app/build.gradle.kts:114:20: Unexpected symbol
e: file:///home/dae/Work/VZ/Ljod/app/build.gradle.kts:114:24: Unexpected symbol
e: file:///home/dae/Work/VZ/Ljod/app/build.gradle.kts:114:25: Unexpected symbol
e: file:///home/dae/Work/VZ/Ljod/app/build.gradle.kts:114:29: Unexpected symbol
e: file:///home/dae/Work/VZ/Ljod/app/build.gradle.kts:114:30: Unexpected symbol
e: file:///home/dae/Work/VZ/Ljod/app/build.gradle.kts:114:37: Unexpected symbol
e: file:///home/dae/Work/VZ/Ljod/app/build.gradle.kts:114:38: Unexpected symbol
e: file:///home/dae/Work/VZ/Ljod/app/build.gradle.kts:114:44: Unexpected symbol
e: file:///home/dae/Work/VZ/Ljod/app/build.gradle.kts:117:5: Unexpected symbol
e: file:///home/dae/Work/VZ/Ljod/app/build.gradle.kts:117:19: Unexpected symbol
e: file:///home/dae/Work/VZ/Ljod/app/build.gradle.kts:117:20: Unexpected symbol
e: file:///home/dae/Work/VZ/Ljod/app/build.gradle.kts:117:24: Unexpected symbol
e: file:///home/dae/Work/VZ/Ljod/app/build.gradle.kts:117:25: Unexpected symbol
e: file:///home/dae/Work/VZ/Ljod/app/build.gradle.kts:117:31: Unexpected symbol
e: file:///home/dae/Work/VZ/Ljod/app/build.gradle.kts:118:5: Unexpected symbol
e: file:///home/dae/Work/VZ/Ljod/app/build.gradle.kts:118:19: Unexpected symbol
e: file:///home/dae/Work/VZ/Ljod/app/build.gradle.kts:118:20: Unexpected symbol
e: file:///home/dae/Work/VZ/Ljod/app/build.gradle.kts:118:24: Unexpected symbol
e: file:///home/dae/Work/VZ/Ljod/app/build.gradle.kts:118:25: Unexpected symbol
e: file:///home/dae/Work/VZ/Ljod/app/build.gradle.kts:118:33: Unexpected symbol
e: file:///home/dae/Work/VZ/Ljod/app/build.gradle.kts:119:5: Unexpected symbol
e: file:///home/dae/Work/VZ/Ljod/app/build.gradle.kts:119:19: Unexpected symbol
e: file:///home/dae/Work/VZ/Ljod/app/build.gradle.kts:119:20: Unexpected symbol
e: file:///home/dae/Work/VZ/Ljod/app/build.gradle.kts:119:24: Unexpected symbol
e: file:///home/dae/Work/VZ/Ljod/app/build.gradle.kts:119:25: Unexpected symbol
e: file:///home/dae/Work/VZ/Ljod/app/build.gradle.kts:119:33: Unexpected symbol
e: file:///home/dae/Work/VZ/Ljod/app/build.gradle.kts:119:34: Unexpected symbol
e: file:///home/dae/Work/VZ/Ljod/app/build.gradle.kts:119:41: Unexpected symbol
e: file:///home/dae/Work/VZ/Ljod/app/build.gradle.kts:120:1: Unexpected symbol

FAILURE: Build failed with an exception.

* Where:
Build file '/home/dae/Work/VZ/Ljod/app/build.gradle.kts' line: 69

* What went wrong:
Script compilation errors:

  Line 069: }
            ^ Unexpected symbol

  Line 071: dependencies {
            ^ Unexpected symbol

  Line 071: dependencies {
                         ^ Unexpected symbol

  Line 073:     val composeBom = platform(libs.compose.bom)
                ^ Unexpected symbol

  Line 073:     val composeBom = platform(libs.compose.bom)
                    ^ Unexpected symbol

  Line 073:     val composeBom = platform(libs.compose.bom)
                               ^ Unexpected symbol

  Line 073:     val composeBom = platform(libs.compose.bom)
                                 ^ Unexpected symbol

  Line 073:     val composeBom = platform(libs.compose.bom)
                                         ^ Unexpected symbol

  Line 073:     val composeBom = platform(libs.compose.bom)
                                          ^ Unexpected symbol

  Line 073:     val composeBom = platform(libs.compose.bom)
                                              ^ Unexpected symbol

  Line 073:     val composeBom = platform(libs.compose.bom)
                                               ^ Unexpected symbol

  Line 073:     val composeBom = platform(libs.compose.bom)
                                                      ^ Unexpected symbol

  Line 073:     val composeBom = platform(libs.compose.bom)
                                                       ^ Unexpected symbol

  Line 073:     val composeBom = platform(libs.compose.bom)
                                                          ^ Unexpected symbol

  Line 074:     implementation(composeBom)
                ^ Unexpected symbol

  Line 074:     implementation(composeBom)
                              ^ Unexpected symbol

  Line 074:     implementation(composeBom)
                               ^ Unexpected symbol

  Line 074:     implementation(composeBom)
                                         ^ Unexpected symbol

  Line 075:     implementation(libs.compose.ui)
                ^ Unexpected symbol

  Line 075:     implementation(libs.compose.ui)
                              ^ Unexpected symbol

  Line 075:     implementation(libs.compose.ui)
                               ^ Unexpected symbol

  Line 075:     implementation(libs.compose.ui)
                                   ^ Unexpected symbol

  Line 075:     implementation(libs.compose.ui)
                                    ^ Unexpected symbol

  Line 075:     implementation(libs.compose.ui)
                                           ^ Unexpected symbol

  Line 075:     implementation(libs.compose.ui)
                                            ^ Unexpected symbol

  Line 075:     implementation(libs.compose.ui)
                                              ^ Unexpected symbol

  Line 076:     implementation(libs.compose.ui.graphics)
                ^ Unexpected symbol

  Line 076:     implementation(libs.compose.ui.graphics)
                              ^ Unexpected symbol

  Line 076:     implementation(libs.compose.ui.graphics)
                               ^ Unexpected symbol

  Line 076:     implementation(libs.compose.ui.graphics)
                                   ^ Unexpected symbol

  Line 076:     implementation(libs.compose.ui.graphics)
                                    ^ Unexpected symbol

  Line 076:     implementation(libs.compose.ui.graphics)
                                           ^ Unexpected symbol

  Line 076:     implementation(libs.compose.ui.graphics)
                                            ^ Unexpected symbol

  Line 076:     implementation(libs.compose.ui.graphics)
                                              ^ Unexpected symbol

  Line 076:     implementation(libs.compose.ui.graphics)
                                               ^ Unexpected symbol

  Line 076:     implementation(libs.compose.ui.graphics)
                                                       ^ Unexpected symbol

  Line 077:     implementation(libs.compose.material3)
                ^ Unexpected symbol

  Line 077:     implementation(libs.compose.material3)
                              ^ Unexpected symbol

  Line 077:     implementation(libs.compose.material3)
                               ^ Unexpected symbol

  Line 077:     implementation(libs.compose.material3)
                                   ^ Unexpected symbol

  Line 077:     implementation(libs.compose.material3)
                                    ^ Unexpected symbol

  Line 077:     implementation(libs.compose.material3)
                                           ^ Unexpected symbol

  Line 077:     implementation(libs.compose.material3)
                                            ^ Unexpected symbol

  Line 077:     implementation(libs.compose.material3)
                                                     ^ Unexpected symbol

  Line 078:     implementation(libs.compose.material.icons)
                ^ Unexpected symbol

  Line 078:     implementation(libs.compose.material.icons)
                              ^ Unexpected symbol

  Line 078:     implementation(libs.compose.material.icons)
                               ^ Unexpected symbol

  Line 078:     implementation(libs.compose.material.icons)
                                   ^ Unexpected symbol

  Line 078:     implementation(libs.compose.material.icons)
                                    ^ Unexpected symbol

  Line 078:     implementation(libs.compose.material.icons)
                                           ^ Unexpected symbol

  Line 078:     implementation(libs.compose.material.icons)
                                            ^ Unexpected symbol

  Line 078:     implementation(libs.compose.material.icons)
                                                    ^ Unexpected symbol

  Line 078:     implementation(libs.compose.material.icons)
                                                     ^ Unexpected symbol

  Line 078:     implementation(libs.compose.material.icons)
                                                          ^ Unexpected symbol

  Line 079:     implementation(libs.compose.animation)
                ^ Unexpected symbol

  Line 079:     implementation(libs.compose.animation)
                              ^ Unexpected symbol

  Line 079:     implementation(libs.compose.animation)
                               ^ Unexpected symbol

  Line 079:     implementation(libs.compose.animation)
                                   ^ Unexpected symbol

  Line 079:     implementation(libs.compose.animation)
                                    ^ Unexpected symbol

  Line 079:     implementation(libs.compose.animation)
                                           ^ Unexpected symbol

  Line 079:     implementation(libs.compose.animation)
                                            ^ Unexpected symbol

  Line 079:     implementation(libs.compose.animation)
                                                     ^ Unexpected symbol

  Line 080:     implementation(libs.compose.foundation)
                ^ Unexpected symbol

  Line 080:     implementation(libs.compose.foundation)
                              ^ Unexpected symbol

  Line 080:     implementation(libs.compose.foundation)
                               ^ Unexpected symbol

  Line 080:     implementation(libs.compose.foundation)
                                   ^ Unexpected symbol

  Line 080:     implementation(libs.compose.foundation)
                                    ^ Unexpected symbol

  Line 080:     implementation(libs.compose.foundation)
                                           ^ Unexpected symbol

  Line 080:     implementation(libs.compose.foundation)
                                            ^ Unexpected symbol

  Line 080:     implementation(libs.compose.foundation)
                                                      ^ Unexpected symbol

  Line 081:     debugImplementation(libs.compose.ui.tooling)
                ^ Unexpected symbol

  Line 081:     debugImplementation(libs.compose.ui.tooling)
                                   ^ Unexpected symbol

  Line 081:     debugImplementation(libs.compose.ui.tooling)
                                    ^ Unexpected symbol

  Line 081:     debugImplementation(libs.compose.ui.tooling)
                                        ^ Unexpected symbol

  Line 081:     debugImplementation(libs.compose.ui.tooling)
                                         ^ Unexpected symbol

  Line 081:     debugImplementation(libs.compose.ui.tooling)
                                                ^ Unexpected symbol

  Line 081:     debugImplementation(libs.compose.ui.tooling)
                                                 ^ Unexpected symbol

  Line 081:     debugImplementation(libs.compose.ui.tooling)
                                                   ^ Unexpected symbol

  Line 081:     debugImplementation(libs.compose.ui.tooling)
                                                    ^ Unexpected symbol

  Line 081:     debugImplementation(libs.compose.ui.tooling)
                                                           ^ Unexpected symbol

  Line 084:     implementation(libs.core.ktx)
                ^ Unexpected symbol

  Line 084:     implementation(libs.core.ktx)
                              ^ Unexpected symbol

  Line 084:     implementation(libs.core.ktx)
                               ^ Unexpected symbol

  Line 084:     implementation(libs.core.ktx)
                                   ^ Unexpected symbol

  Line 084:     implementation(libs.core.ktx)
                                    ^ Unexpected symbol

  Line 084:     implementation(libs.core.ktx)
                                        ^ Unexpected symbol

  Line 084:     implementation(libs.core.ktx)
                                         ^ Unexpected symbol

  Line 084:     implementation(libs.core.ktx)
                                            ^ Unexpected symbol

  Line 085:     implementation(libs.activity.compose)
                ^ Unexpected symbol

  Line 085:     implementation(libs.activity.compose)
                              ^ Unexpected symbol

  Line 085:     implementation(libs.activity.compose)
                               ^ Unexpected symbol

  Line 085:     implementation(libs.activity.compose)
                                   ^ Unexpected symbol

  Line 085:     implementation(libs.activity.compose)
                                    ^ Unexpected symbol

  Line 085:     implementation(libs.activity.compose)
                                            ^ Unexpected symbol

  Line 085:     implementation(libs.activity.compose)
                                             ^ Unexpected symbol

  Line 085:     implementation(libs.activity.compose)
                                                    ^ Unexpected symbol

  Line 086:     implementation(libs.lifecycle.runtime)
                ^ Unexpected symbol

  Line 086:     implementation(libs.lifecycle.runtime)
                              ^ Unexpected symbol

  Line 086:     implementation(libs.lifecycle.runtime)
                               ^ Unexpected symbol

  Line 086:     implementation(libs.lifecycle.runtime)
                                   ^ Unexpected symbol

  Line 086:     implementation(libs.lifecycle.runtime)
                                    ^ Unexpected symbol

  Line 086:     implementation(libs.lifecycle.runtime)
                                             ^ Unexpected symbol

  Line 086:     implementation(libs.lifecycle.runtime)
                                              ^ Unexpected symbol

  Line 086:     implementation(libs.lifecycle.runtime)
                                                     ^ Unexpected symbol

  Line 087:     implementation(libs.lifecycle.viewmodel)
                ^ Unexpected symbol

  Line 087:     implementation(libs.lifecycle.viewmodel)
                              ^ Unexpected symbol

  Line 087:     implementation(libs.lifecycle.viewmodel)
                               ^ Unexpected symbol

  Line 087:     implementation(libs.lifecycle.viewmodel)
                                   ^ Unexpected symbol

  Line 087:     implementation(libs.lifecycle.viewmodel)
                                    ^ Unexpected symbol

  Line 087:     implementation(libs.lifecycle.viewmodel)
                                             ^ Unexpected symbol

  Line 087:     implementation(libs.lifecycle.viewmodel)
                                              ^ Unexpected symbol

  Line 087:     implementation(libs.lifecycle.viewmodel)
                                                       ^ Unexpected symbol

  Line 090:     implementation(libs.media3.exoplayer)
                ^ Unexpected symbol

  Line 090:     implementation(libs.media3.exoplayer)
                              ^ Unexpected symbol

  Line 090:     implementation(libs.media3.exoplayer)
                               ^ Unexpected symbol

  Line 090:     implementation(libs.media3.exoplayer)
                                   ^ Unexpected symbol

  Line 090:     implementation(libs.media3.exoplayer)
                                    ^ Unexpected symbol

  Line 090:     implementation(libs.media3.exoplayer)
                                          ^ Unexpected symbol

  Line 090:     implementation(libs.media3.exoplayer)
                                           ^ Unexpected symbol

  Line 090:     implementation(libs.media3.exoplayer)
                                                    ^ Unexpected symbol

  Line 091:     implementation(libs.media3.session)
                ^ Unexpected symbol

  Line 091:     implementation(libs.media3.session)
                              ^ Unexpected symbol

  Line 091:     implementation(libs.media3.session)
                               ^ Unexpected symbol

  Line 091:     implementation(libs.media3.session)
                                   ^ Unexpected symbol

  Line 091:     implementation(libs.media3.session)
                                    ^ Unexpected symbol

  Line 091:     implementation(libs.media3.session)
                                          ^ Unexpected symbol

  Line 091:     implementation(libs.media3.session)
                                           ^ Unexpected symbol

  Line 091:     implementation(libs.media3.session)
                                                  ^ Unexpected symbol

  Line 092:     implementation(libs.media3.common)
                ^ Unexpected symbol

  Line 092:     implementation(libs.media3.common)
                              ^ Unexpected symbol

  Line 092:     implementation(libs.media3.common)
                               ^ Unexpected symbol

  Line 092:     implementation(libs.media3.common)
                                   ^ Unexpected symbol

  Line 092:     implementation(libs.media3.common)
                                    ^ Unexpected symbol

  Line 092:     implementation(libs.media3.common)
                                          ^ Unexpected symbol

  Line 092:     implementation(libs.media3.common)
                                           ^ Unexpected symbol

  Line 092:     implementation(libs.media3.common)
                                                 ^ Unexpected symbol

  Line 095:     implementation(libs.hilt.android)
                ^ Unexpected symbol

  Line 095:     implementation(libs.hilt.android)
                              ^ Unexpected symbol

  Line 095:     implementation(libs.hilt.android)
                               ^ Unexpected symbol

  Line 095:     implementation(libs.hilt.android)
                                   ^ Unexpected symbol

  Line 095:     implementation(libs.hilt.android)
                                    ^ Unexpected symbol

  Line 095:     implementation(libs.hilt.android)
                                        ^ Unexpected symbol

  Line 095:     implementation(libs.hilt.android)
                                         ^ Unexpected symbol

  Line 095:     implementation(libs.hilt.android)
                                                ^ Unexpected symbol

  Line 096:     ksp(libs.hilt.compiler)
                ^ Unexpected symbol

  Line 096:     ksp(libs.hilt.compiler)
                   ^ Unexpected symbol

  Line 096:     ksp(libs.hilt.compiler)
                    ^ Unexpected symbol

  Line 096:     ksp(libs.hilt.compiler)
                        ^ Unexpected symbol

  Line 096:     ksp(libs.hilt.compiler)
                         ^ Unexpected symbol

  Line 096:     ksp(libs.hilt.compiler)
                             ^ Unexpected symbol

  Line 096:     ksp(libs.hilt.compiler)
                              ^ Unexpected symbol

  Line 096:     ksp(libs.hilt.compiler)
                                      ^ Unexpected symbol

  Line 097:     implementation(libs.hilt.navigation)
                ^ Unexpected symbol

  Line 097:     implementation(libs.hilt.navigation)
                              ^ Unexpected symbol

  Line 097:     implementation(libs.hilt.navigation)
                               ^ Unexpected symbol

  Line 097:     implementation(libs.hilt.navigation)
                                   ^ Unexpected symbol

  Line 097:     implementation(libs.hilt.navigation)
                                    ^ Unexpected symbol

  Line 097:     implementation(libs.hilt.navigation)
                                        ^ Unexpected symbol

  Line 097:     implementation(libs.hilt.navigation)
                                         ^ Unexpected symbol

  Line 097:     implementation(libs.hilt.navigation)
                                                   ^ Unexpected symbol

  Line 100:     implementation(libs.room.runtime)
                ^ Unexpected symbol

  Line 100:     implementation(libs.room.runtime)
                              ^ Unexpected symbol

  Line 100:     implementation(libs.room.runtime)
                               ^ Unexpected symbol

  Line 100:     implementation(libs.room.runtime)
                                   ^ Unexpected symbol

  Line 100:     implementation(libs.room.runtime)
                                    ^ Unexpected symbol

  Line 100:     implementation(libs.room.runtime)
                                        ^ Unexpected symbol

  Line 100:     implementation(libs.room.runtime)
                                         ^ Unexpected symbol

  Line 100:     implementation(libs.room.runtime)
                                                ^ Unexpected symbol

  Line 101:     implementation(libs.room.ktx)
                ^ Unexpected symbol

  Line 101:     implementation(libs.room.ktx)
                              ^ Unexpected symbol

  Line 101:     implementation(libs.room.ktx)
                               ^ Unexpected symbol

  Line 101:     implementation(libs.room.ktx)
                                   ^ Unexpected symbol

  Line 101:     implementation(libs.room.ktx)
                                    ^ Unexpected symbol

  Line 101:     implementation(libs.room.ktx)
                                        ^ Unexpected symbol

  Line 101:     implementation(libs.room.ktx)
                                         ^ Unexpected symbol

  Line 101:     implementation(libs.room.ktx)
                                            ^ Unexpected symbol

  Line 102:     ksp(libs.room.compiler)
                ^ Unexpected symbol

  Line 102:     ksp(libs.room.compiler)
                   ^ Unexpected symbol

  Line 102:     ksp(libs.room.compiler)
                    ^ Unexpected symbol

  Line 102:     ksp(libs.room.compiler)
                        ^ Unexpected symbol

  Line 102:     ksp(libs.room.compiler)
                         ^ Unexpected symbol

  Line 102:     ksp(libs.room.compiler)
                             ^ Unexpected symbol

  Line 102:     ksp(libs.room.compiler)
                              ^ Unexpected symbol

  Line 102:     ksp(libs.room.compiler)
                                      ^ Unexpected symbol

  Line 103:     implementation(libs.datastore.preferences)
                ^ Unexpected symbol

  Line 103:     implementation(libs.datastore.preferences)
                              ^ Unexpected symbol

  Line 103:     implementation(libs.datastore.preferences)
                               ^ Unexpected symbol

  Line 103:     implementation(libs.datastore.preferences)
                                   ^ Unexpected symbol

  Line 103:     implementation(libs.datastore.preferences)
                                    ^ Unexpected symbol

  Line 103:     implementation(libs.datastore.preferences)
                                             ^ Unexpected symbol

  Line 103:     implementation(libs.datastore.preferences)
                                              ^ Unexpected symbol

  Line 103:     implementation(libs.datastore.preferences)
                                                         ^ Unexpected symbol

  Line 106:     implementation(libs.timber)
                ^ Unexpected symbol

  Line 106:     implementation(libs.timber)
                              ^ Unexpected symbol

  Line 106:     implementation(libs.timber)
                               ^ Unexpected symbol

  Line 106:     implementation(libs.timber)
                                   ^ Unexpected symbol

  Line 106:     implementation(libs.timber)
                                    ^ Unexpected symbol

  Line 106:     implementation(libs.timber)
                                          ^ Unexpected symbol

  Line 109:     implementation(libs.kotlinx.serialization.json)
                ^ Unexpected symbol

  Line 109:     implementation(libs.kotlinx.serialization.json)
                              ^ Unexpected symbol

  Line 109:     implementation(libs.kotlinx.serialization.json)
                               ^ Unexpected symbol

  Line 109:     implementation(libs.kotlinx.serialization.json)
                                   ^ Unexpected symbol

  Line 109:     implementation(libs.kotlinx.serialization.json)
                                    ^ Unexpected symbol

  Line 109:     implementation(libs.kotlinx.serialization.json)
                                           ^ Unexpected symbol

  Line 109:     implementation(libs.kotlinx.serialization.json)
                                            ^ Unexpected symbol

  Line 109:     implementation(libs.kotlinx.serialization.json)
                                                         ^ Unexpected symbol

  Line 109:     implementation(libs.kotlinx.serialization.json)
                                                          ^ Unexpected symbol

  Line 109:     implementation(libs.kotlinx.serialization.json)
                                                              ^ Unexpected symbol

  Line 110:     implementation(libs.kotlinx.coroutines)
                ^ Unexpected symbol

  Line 110:     implementation(libs.kotlinx.coroutines)
                              ^ Unexpected symbol

  Line 110:     implementation(libs.kotlinx.coroutines)
                               ^ Unexpected symbol

  Line 110:     implementation(libs.kotlinx.coroutines)
                                   ^ Unexpected symbol

  Line 110:     implementation(libs.kotlinx.coroutines)
                                    ^ Unexpected symbol

  Line 110:     implementation(libs.kotlinx.coroutines)
                                           ^ Unexpected symbol

  Line 110:     implementation(libs.kotlinx.coroutines)
                                            ^ Unexpected symbol

  Line 110:     implementation(libs.kotlinx.coroutines)
                                                      ^ Unexpected symbol

  Line 113:     implementation(libs.coil.compose)
                ^ Unexpected symbol

  Line 113:     implementation(libs.coil.compose)
                              ^ Unexpected symbol

  Line 113:     implementation(libs.coil.compose)
                               ^ Unexpected symbol

  Line 113:     implementation(libs.coil.compose)
                                   ^ Unexpected symbol

  Line 113:     implementation(libs.coil.compose)
                                    ^ Unexpected symbol

  Line 113:     implementation(libs.coil.compose)
                                        ^ Unexpected symbol

  Line 113:     implementation(libs.coil.compose)
                                         ^ Unexpected symbol

  Line 113:     implementation(libs.coil.compose)
                                                ^ Unexpected symbol

  Line 114:     implementation(libs.coil.network.okhttp)
                ^ Unexpected symbol

  Line 114:     implementation(libs.coil.network.okhttp)
                              ^ Unexpected symbol

  Line 114:     implementation(libs.coil.network.okhttp)
                               ^ Unexpected symbol

  Line 114:     implementation(libs.coil.network.okhttp)
                                   ^ Unexpected symbol

  Line 114:     implementation(libs.coil.network.okhttp)
                                    ^ Unexpected symbol

  Line 114:     implementation(libs.coil.network.okhttp)
                                        ^ Unexpected symbol

  Line 114:     implementation(libs.coil.network.okhttp)
                                         ^ Unexpected symbol

  Line 114:     implementation(libs.coil.network.okhttp)
                                                ^ Unexpected symbol

  Line 114:     implementation(libs.coil.network.okhttp)
                                                 ^ Unexpected symbol

  Line 114:     implementation(libs.coil.network.okhttp)
                                                       ^ Unexpected symbol

  Line 117:     implementation(libs.okhttp)
                ^ Unexpected symbol

  Line 117:     implementation(libs.okhttp)
                              ^ Unexpected symbol

  Line 117:     implementation(libs.okhttp)
                               ^ Unexpected symbol

  Line 117:     implementation(libs.okhttp)
                                   ^ Unexpected symbol

  Line 117:     implementation(libs.okhttp)
                                    ^ Unexpected symbol

  Line 117:     implementation(libs.okhttp)
                                          ^ Unexpected symbol

  Line 118:     implementation(libs.retrofit)
                ^ Unexpected symbol

  Line 118:     implementation(libs.retrofit)
                              ^ Unexpected symbol

  Line 118:     implementation(libs.retrofit)
                               ^ Unexpected symbol

  Line 118:     implementation(libs.retrofit)
                                   ^ Unexpected symbol

  Line 118:     implementation(libs.retrofit)
                                    ^ Unexpected symbol

  Line 118:     implementation(libs.retrofit)
                                            ^ Unexpected symbol

  Line 119:     implementation(libs.retrofit.kotlinx)
                ^ Unexpected symbol

  Line 119:     implementation(libs.retrofit.kotlinx)
                              ^ Unexpected symbol

  Line 119:     implementation(libs.retrofit.kotlinx)
                               ^ Unexpected symbol

  Line 119:     implementation(libs.retrofit.kotlinx)
                                   ^ Unexpected symbol

  Line 119:     implementation(libs.retrofit.kotlinx)
                                    ^ Unexpected symbol

  Line 119:     implementation(libs.retrofit.kotlinx)
                                            ^ Unexpected symbol

  Line 119:     implementation(libs.retrofit.kotlinx)
                                             ^ Unexpected symbol

  Line 119:     implementation(libs.retrofit.kotlinx)
                                                    ^ Unexpected symbol

  Line 120: }
            ^ Unexpected symbol

255 errors

* Try:
> Run with --stacktrace option to get the stack trace.
> Run with --info or --debug option to get more log output.
> Run with --scan to get full insights from a Build Scan (powered by Develocity).
> Get more help at https://help.gradle.org.

BUILD FAILED in 2s
[INFO] debounce0 compileAndUpdate: compilation complete
[INFO] debounce0 compileFiles: 1 files in lint set, 1 detected as changed (forceFresh=false)
[INFO] debounce0 Rebuilding dependency index with 52 files
[INFO] debounce0 Building dependency index with 52 files
[INFO] debounce0 Dependency index built: 33 packages, 394 import relationships
[INFO] debounce0 filesInPackageOrImporting(dev.vz.ljod.data.settings) -> 1 results (1 in package, 0 importing)
[INFO] debounce0 compileAndUpdate: compiling 1 files: [file:///home/dae/Work/VZ/Ljod/app/src/main/java/dev/vz/ljod/data/settings/SettingsRepository.kt]
[ERROR] client    TOOLING API: Error fetching model: Could not fetch model of type 'EclipseProject' using connection to Gradle distribution 'https://services.gradle.org/distributions/gradle-9.7.1-bin.zip'.
[ERROR] client    TOOLING API: EXCEPTION during resolution for /home/dae/Work/VZ/Ljod/app: Could not fetch model of type 'EclipseProject' using connection to Gradle distribution 'https://services.gradle.org/distributions/gradle-9.7.1-bin.zip'.
[WARN] client    TOOLING API: Falling back to CLI for /home/dae/Work/VZ/Ljod/app
[INFO] debounce0 compileAndUpdate: compilation complete
[INFO] debounce0 compileFiles: 1 files in lint set, 1 detected as changed (forceFresh=false)
[INFO] debounce0 Rebuilding dependency index with 52 files
[INFO] debounce0 Building dependency index with 52 files
[INFO] debounce0 Dependency index built: 33 packages, 394 import relationships
[INFO] debounce0 filesInPackageOrImporting(dev.vz.ljod.data.romanization) -> 1 results (1 in package, 0 importing)
[INFO] debounce0 compileAndUpdate: compiling 1 files: [file:///home/dae/Work/VZ/Ljod/app/src/main/java/dev/vz/ljod/data/romanization/Romanizer.kt]
[INFO] debounce0 compileAndUpdate: compilation complete
[INFO] debounce0 compileFiles: 1 files in lint set, 1 detected as changed (forceFresh=false)
[INFO] debounce0 Rebuilding dependency index with 52 files
[INFO] debounce0 Building dependency index with 52 files
[INFO] debounce0 Dependency index built: 33 packages, 394 import relationships
[INFO] debounce0 filesInPackageOrImporting(dev.vz.ljod.data.security) -> 1 results (1 in package, 0 importing)
[INFO] debounce0 compileAndUpdate: compiling 1 files: [file:///home/dae/Work/VZ/Ljod/app/src/main/java/dev/vz/ljod/data/security/SecureStore.kt]
[INFO] debounce0 compileAndUpdate: compilation complete
[INFO] debounce0 compileFiles: 1 files in lint set, 1 detected as changed (forceFresh=false)
[INFO] debounce0 Rebuilding dependency index with 52 files
[INFO] debounce0 Building dependency index with 52 files
[INFO] debounce0 Dependency index built: 33 packages, 394 import relationships
[INFO] debounce0 filesInPackageOrImporting(dev.vz.ljod.data.library) -> 1 results (1 in package, 0 importing)
[INFO] debounce0 compileAndUpdate: compiling 1 files: [file:///home/dae/Work/VZ/Ljod/app/src/main/java/dev/vz/ljod/data/library/LibraryRepository.kt]
[INFO] debounce0 compileAndUpdate: compilation complete
[INFO] debounce0 compileFiles: 1 files in lint set, 1 detected as changed (forceFresh=false)
[INFO] debounce0 Rebuilding dependency index with 52 files
[INFO] debounce0 Building dependency index with 52 files
[INFO] debounce0 Dependency index built: 33 packages, 394 import relationships
[INFO] debounce0 filesInPackageOrImporting(dev.vz.ljod.core.data.scanner) -> 1 results (1 in package, 0 importing)
[INFO] debounce0 compileAndUpdate: compiling 1 files: [file:///home/dae/Work/VZ/Ljod/app/src/main/java/dev/vz/ljod/core/data/scanner/MediaScanner.kt]
[ERROR] client    CLI: Gradle task FAILED: e: file:///home/dae/Work/VZ/Ljod/app/build.gradle.kts:69:1: Unexpected symbol
e: file:///home/dae/Work/VZ/Ljod/app/build.gradle.kts:71:1: Unexpected symbol
e: file:///home/dae/Work/VZ/Ljod/app/build.gradle.kts:71:14: Unexpected symbol
e: file:///home/dae/Work/VZ/Ljod/app/build.gradle.kts:73:5: Unexpected symbol
e: file:///home/dae/Work/VZ/Ljod/app/build.gradle.kts:73:9: Unexpected symbol
e: file:///home/dae/Work/VZ/Ljod/app/build.gradle.kts:73:20: Unexpected symbol
e: file:///home/dae/Work/VZ/Ljod/app/build.gradle.kts:73:22: Unexpected symbol
e: file:///home/dae/Work/VZ/Ljod/app/build.gradle.kts:73:30: Unexpected symbol
e: file:///home/dae/Work/VZ/Ljod/app/build.gradle.kts:73:31: Unexpected symbol
e: file:///home/dae/Work/VZ/Ljod/app/build.gradle.kts:73:35: Unexpected symbol
e: file:///home/dae/Work/VZ/Ljod/app/build.gradle.kts:73:36: Unexpected symbol
e: file:///home/dae/Work/VZ/Ljod/app/build.gradle.kts:73:43: Unexpected symbol
e: file:///home/dae/Work/VZ/Ljod/app/build.gradle.kts:73:44: Unexpected symbol
e: file:///home/dae/Work/VZ/Ljod/app/build.gradle.kts:73:47: Unexpected symbol
e: file:///home/dae/Work/VZ/Ljod/app/build.gradle.kts:74:5: Unexpected symbol
e: file:///home/dae/Work/VZ/Ljod/app/build.gradle.kts:74:19: Unexpected symbol
e: file:///home/dae/Work/VZ/Ljod/app/build.gradle.kts:74:20: Unexpected symbol
e: file:///home/dae/Work/VZ/Ljod/app/build.gradle.kts:74:30: Unexpected symbol
e: file:///home/dae/Work/VZ/Ljod/app/build.gradle.kts:75:5: Unexpected symbol
e: file:///home/dae/Work/VZ/Ljod/app/build.gradle.kts:75:19: Unexpected symbol
e: file:///home/dae/Work/VZ/Ljod/app/build.gradle.kts:75:20: Unexpected symbol
e: file:///home/dae/Work/VZ/Ljod/app/build.gradle.kts:75:24: Unexpected symbol
e: file:///home/dae/Work/VZ/Ljod/app/build.gradle.kts:75:25: Unexpected symbol
e: file:///home/dae/Work/VZ/Ljod/app/build.gradle.kts:75:32: Unexpected symbol
e: file:///home/dae/Work/VZ/Ljod/app/build.gradle.kts:75:33: Unexpected symbol
e: file:///home/dae/Work/VZ/Ljod/app/build.gradle.kts:75:35: Unexpected symbol
e: file:///home/dae/Work/VZ/Ljod/app/build.gradle.kts:76:5: Unexpected symbol
e: file:///home/dae/Work/VZ/Ljod/app/build.gradle.kts:76:19: Unexpected symbol
e: file:///home/dae/Work/VZ/Ljod/app/build.gradle.kts:76:20: Unexpected symbol
e: file:///home/dae/Work/VZ/Ljod/app/build.gradle.kts:76:24: Unexpected symbol
e: file:///home/dae/Work/VZ/Ljod/app/build.gradle.kts:76:25: Unexpected symbol
e: file:///home/dae/Work/VZ/Ljod/app/build.gradle.kts:76:32: Unexpected symbol
e: file:///home/dae/Work/VZ/Ljod/app/build.gradle.kts:76:33: Unexpected symbol
e: file:///home/dae/Work/VZ/Ljod/app/build.gradle.kts:76:35: Unexpected symbol
e: file:///home/dae/Work/VZ/Ljod/app/build.gradle.kts:76:36: Unexpected symbol
e: file:///home/dae/Work/VZ/Ljod/app/build.gradle.kts:76:44: Unexpected symbol
e: file:///home/dae/Work/VZ/Ljod/app/build.gradle.kts:77:5: Unexpected symbol
e: file:///home/dae/Work/VZ/Ljod/app/build.gradle.kts:77:19: Unexpected symbol
e: file:///home/dae/Work/VZ/Ljod/app/build.gradle.kts:77:20: Unexpected symbol
e: file:///home/dae/Work/VZ/Ljod/app/build.gradle.kts:77:24: Unexpected symbol
e: file:///home/dae/Work/VZ/Ljod/app/build.gradle.kts:77:25: Unexpected symbol
e: file:///home/dae/Work/VZ/Ljod/app/build.gradle.kts:77:32: Unexpected symbol
e: file:///home/dae/Work/VZ/Ljod/app/build.gradle.kts:77:33: Unexpected symbol
e: file:///home/dae/Work/VZ/Ljod/app/build.gradle.kts:77:42: Unexpected symbol
e: file:///home/dae/Work/VZ/Ljod/app/build.gradle.kts:78:5: Unexpected symbol
e: file:///home/dae/Work/VZ/Ljod/app/build.gradle.kts:78:19: Unexpected symbol
e: file:///home/dae/Work/VZ/Ljod/app/build.gradle.kts:78:20: Unexpected symbol
e: file:///home/dae/Work/VZ/Ljod/app/build.gradle.kts:78:24: Unexpected symbol
e: file:///home/dae/Work/VZ/Ljod/app/build.gradle.kts:78:25: Unexpected symbol
e: file:///home/dae/Work/VZ/Ljod/app/build.gradle.kts:78:32: Unexpected symbol
e: file:///home/dae/Work/VZ/Ljod/app/build.gradle.kts:78:33: Unexpected symbol
e: file:///home/dae/Work/VZ/Ljod/app/build.gradle.kts:78:41: Unexpected symbol
e: file:///home/dae/Work/VZ/Ljod/app/build.gradle.kts:78:42: Unexpected symbol
e: file:///home/dae/Work/VZ/Ljod/app/build.gradle.kts:78:47: Unexpected symbol
e: file:///home/dae/Work/VZ/Ljod/app/build.gradle.kts:79:5: Unexpected symbol
e: file:///home/dae/Work/VZ/Ljod/app/build.gradle.kts:79:19: Unexpected symbol
e: file:///home/dae/Work/VZ/Ljod/app/build.gradle.kts:79:20: Unexpected symbol
e: file:///home/dae/Work/VZ/Ljod/app/build.gradle.kts:79:24: Unexpected symbol
e: file:///home/dae/Work/VZ/Ljod/app/build.gradle.kts:79:25: Unexpected symbol
e: file:///home/dae/Work/VZ/Ljod/app/build.gradle.kts:79:32: Unexpected symbol
e: file:///home/dae/Work/VZ/Ljod/app/build.gradle.kts:79:33: Unexpected symbol
e: file:///home/dae/Work/VZ/Ljod/app/build.gradle.kts:79:42: Unexpected symbol
e: file:///home/dae/Work/VZ/Ljod/app/build.gradle.kts:80:5: Unexpected symbol
e: file:///home/dae/Work/VZ/Ljod/app/build.gradle.kts:80:19: Unexpected symbol
e: file:///home/dae/Work/VZ/Ljod/app/build.gradle.kts:80:20: Unexpected symbol
e: file:///home/dae/Work/VZ/Ljod/app/build.gradle.kts:80:24: Unexpected symbol
e: file:///home/dae/Work/VZ/Ljod/app/build.gradle.kts:80:25: Unexpected symbol
e: file:///home/dae/Work/VZ/Ljod/app/build.gradle.kts:80:32: Unexpected symbol
e: file:///home/dae/Work/VZ/Ljod/app/build.gradle.kts:80:33: Unexpected symbol
e: file:///home/dae/Work/VZ/Ljod/app/build.gradle.kts:80:43: Unexpected symbol
e: file:///home/dae/Work/VZ/Ljod/app/build.gradle.kts:81:5: Unexpected symbol
e: file:///home/dae/Work/VZ/Ljod/app/build.gradle.kts:81:24: Unexpected symbol
e: file:///home/dae/Work/VZ/Ljod/app/build.gradle.kts:81:25: Unexpected symbol
e: file:///home/dae/Work/VZ/Ljod/app/build.gradle.kts:81:29: Unexpected symbol
e: file:///home/dae/Work/VZ/Ljod/app/build.gradle.kts:81:30: Unexpected symbol
e: file:///home/dae/Work/VZ/Ljod/app/build.gradle.kts:81:37: Unexpected symbol
e: file:///home/dae/Work/VZ/Ljod/app/build.gradle.kts:81:38: Unexpected symbol
e: file:///home/dae/Work/VZ/Ljod/app/build.gradle.kts:81:40: Unexpected symbol
e: file:///home/dae/Work/VZ/Ljod/app/build.gradle.kts:81:41: Unexpected symbol
e: file:///home/dae/Work/VZ/Ljod/app/build.gradle.kts:81:48: Unexpected symbol
e: file:///home/dae/Work/VZ/Ljod/app/build.gradle.kts:84:5: Unexpected symbol
e: file:///home/dae/Work/VZ/Ljod/app/build.gradle.kts:84:19: Unexpected symbol
e: file:///home/dae/Work/VZ/Ljod/app/build.gradle.kts:84:20: Unexpected symbol
e: file:///home/dae/Work/VZ/Ljod/app/build.gradle.kts:84:24: Unexpected symbol
e: file:///home/dae/Work/VZ/Ljod/app/build.gradle.kts:84:25: Unexpected symbol
e: file:///home/dae/Work/VZ/Ljod/app/build.gradle.kts:84:29: Unexpected symbol
e: file:///home/dae/Work/VZ/Ljod/app/build.gradle.kts:84:30: Unexpected symbol
e: file:///home/dae/Work/VZ/Ljod/app/build.gradle.kts:84:33: Unexpected symbol
e: file:///home/dae/Work/VZ/Ljod/app/build.gradle.kts:85:5: Unexpected symbol
e: file:///home/dae/Work/VZ/Ljod/app/build.gradle.kts:85:19: Unexpected symbol
e: file:///home/dae/Work/VZ/Ljod/app/build.gradle.kts:85:20: Unexpected symbol
e: file:///home/dae/Work/VZ/Ljod/app/build.gradle.kts:85:24: Unexpected symbol
e: file:///home/dae/Work/VZ/Ljod/app/build.gradle.kts:85:25: Unexpected symbol
e: file:///home/dae/Work/VZ/Ljod/app/build.gradle.kts:85:33: Unexpected symbol
e: file:///home/dae/Work/VZ/Ljod/app/build.gradle.kts:85:34: Unexpected symbol
e: file:///home/dae/Work/VZ/Ljod/app/build.gradle.kts:85:41: Unexpected symbol
e: file:///home/dae/Work/VZ/Ljod/app/build.gradle.kts:86:5: Unexpected symbol
e: file:///home/dae/Work/VZ/Ljod/app/build.gradle.kts:86:19: Unexpected symbol
e: file:///home/dae/Work/VZ/Ljod/app/build.gradle.kts:86:20: Unexpected symbol
e: file:///home/dae/Work/VZ/Ljod/app/build.gradle.kts:86:24: Unexpected symbol
e: file:///home/dae/Work/VZ/Ljod/app/build.gradle.kts:86:25: Unexpected symbol
e: file:///home/dae/Work/VZ/Ljod/app/build.gradle.kts:86:34: Unexpected symbol
e: file:///home/dae/Work/VZ/Ljod/app/build.gradle.kts:86:35: Unexpected symbol
e: file:///home/dae/Work/VZ/Ljod/app/build.gradle.kts:86:42: Unexpected symbol
e: file:///home/dae/Work/VZ/Ljod/app/build.gradle.kts:87:5: Unexpected symbol
e: file:///home/dae/Work/VZ/Ljod/app/build.gradle.kts:87:19: Unexpected symbol
e: file:///home/dae/Work/VZ/Ljod/app/build.gradle.kts:87:20: Unexpected symbol
e: file:///home/dae/Work/VZ/Ljod/app/build.gradle.kts:87:24: Unexpected symbol
e: file:///home/dae/Work/VZ/Ljod/app/build.gradle.kts:87:25: Unexpected symbol
e: file:///home/dae/Work/VZ/Ljod/app/build.gradle.kts:87:34: Unexpected symbol
e: file:///home/dae/Work/VZ/Ljod/app/build.gradle.kts:87:35: Unexpected symbol
e: file:///home/dae/Work/VZ/Ljod/app/build.gradle.kts:87:44: Unexpected symbol
e: file:///home/dae/Work/VZ/Ljod/app/build.gradle.kts:90:5: Unexpected symbol
e: file:///home/dae/Work/VZ/Ljod/app/build.gradle.kts:90:19: Unexpected symbol
e: file:///home/dae/Work/VZ/Ljod/app/build.gradle.kts:90:20: Unexpected symbol
e: file:///home/dae/Work/VZ/Ljod/app/build.gradle.kts:90:24: Unexpected symbol
e: file:///home/dae/Work/VZ/Ljod/app/build.gradle.kts:90:25: Unexpected symbol
e: file:///home/dae/Work/VZ/Ljod/app/build.gradle.kts:90:31: Unexpected symbol
e: file:///home/dae/Work/VZ/Ljod/app/build.gradle.kts:90:32: Unexpected symbol
e: file:///home/dae/Work/VZ/Ljod/app/build.gradle.kts:90:41: Unexpected symbol
e: file:///home/dae/Work/VZ/Ljod/app/build.gradle.kts:91:5: Unexpected symbol
e: file:///home/dae/Work/VZ/Ljod/app/build.gradle.kts:91:19: Unexpected symbol
e: file:///home/dae/Work/VZ/Ljod/app/build.gradle.kts:91:20: Unexpected symbol
e: file:///home/dae/Work/VZ/Ljod/app/build.gradle.kts:91:24: Unexpected symbol
e: file:///home/dae/Work/VZ/Ljod/app/build.gradle.kts:91:25: Unexpected symbol
e: file:///home/dae/Work/VZ/Ljod/app/build.gradle.kts:91:31: Unexpected symbol
e: file:///home/dae/Work/VZ/Ljod/app/build.gradle.kts:91:32: Unexpected symbol
e: file:///home/dae/Work/VZ/Ljod/app/build.gradle.kts:91:39: Unexpected symbol
e: file:///home/dae/Work/VZ/Ljod/app/build.gradle.kts:92:5: Unexpected symbol
e: file:///home/dae/Work/VZ/Ljod/app/build.gradle.kts:92:19: Unexpected symbol
e: file:///home/dae/Work/VZ/Ljod/app/build.gradle.kts:92:20: Unexpected symbol
e: file:///home/dae/Work/VZ/Ljod/app/build.gradle.kts:92:24: Unexpected symbol
e: file:///home/dae/Work/VZ/Ljod/app/build.gradle.kts:92:25: Unexpected symbol
e: file:///home/dae/Work/VZ/Ljod/app/build.gradle.kts:92:31: Unexpected symbol
e: file:///home/dae/Work/VZ/Ljod/app/build.gradle.kts:92:32: Unexpected symbol
e: file:///home/dae/Work/VZ/Ljod/app/build.gradle.kts:92:38: Unexpected symbol
e: file:///home/dae/Work/VZ/Ljod/app/build.gradle.kts:95:5: Unexpected symbol
e: file:///home/dae/Work/VZ/Ljod/app/build.gradle.kts:95:19: Unexpected symbol
e: file:///home/dae/Work/VZ/Ljod/app/build.gradle.kts:95:20: Unexpected symbol
e: file:///home/dae/Work/VZ/Ljod/app/build.gradle.kts:95:24: Unexpected symbol
e: file:///home/dae/Work/VZ/Ljod/app/build.gradle.kts:95:25: Unexpected symbol
e: file:///home/dae/Work/VZ/Ljod/app/build.gradle.kts:95:29: Unexpected symbol
e: file:///home/dae/Work/VZ/Ljod/app/build.gradle.kts:95:30: Unexpected symbol
e: file:///home/dae/Work/VZ/Ljod/app/build.gradle.kts:95:37: Unexpected symbol
e: file:///home/dae/Work/VZ/Ljod/app/build.gradle.kts:96:5: Unexpected symbol
e: file:///home/dae/Work/VZ/Ljod/app/build.gradle.kts:96:8: Unexpected symbol
e: file:///home/dae/Work/VZ/Ljod/app/build.gradle.kts:96:9: Unexpected symbol
e: file:///home/dae/Work/VZ/Ljod/app/build.gradle.kts:96:13: Unexpected symbol
e: file:///home/dae/Work/VZ/Ljod/app/build.gradle.kts:96:14: Unexpected symbol
e: file:///home/dae/Work/VZ/Ljod/app/build.gradle.kts:96:18: Unexpected symbol
e: file:///home/dae/Work/VZ/Ljod/app/build.gradle.kts:96:19: Unexpected symbol
e: file:///home/dae/Work/VZ/Ljod/app/build.gradle.kts:96:27: Unexpected symbol
e: file:///home/dae/Work/VZ/Ljod/app/build.gradle.kts:97:5: Unexpected symbol
e: file:///home/dae/Work/VZ/Ljod/app/build.gradle.kts:97:19: Unexpected symbol
e: file:///home/dae/Work/VZ/Ljod/app/build.gradle.kts:97:20: Unexpected symbol
e: file:///home/dae/Work/VZ/Ljod/app/build.gradle.kts:97:24: Unexpected symbol
e: file:///home/dae/Work/VZ/Ljod/app/build.gradle.kts:97:25: Unexpected symbol
e: file:///home/dae/Work/VZ/Ljod/app/build.gradle.kts:97:29: Unexpected symbol
e: file:///home/dae/Work/VZ/Ljod/app/build.gradle.kts:97:30: Unexpected symbol
e: file:///home/dae/Work/VZ/Ljod/app/build.gradle.kts:97:40: Unexpected symbol
e: file:///home/dae/Work/VZ/Ljod/app/build.gradle.kts:100:5: Unexpected symbol
e: file:///home/dae/Work/VZ/Ljod/app/build.gradle.kts:100:19: Unexpected symbol
e: file:///home/dae/Work/VZ/Ljod/app/build.gradle.kts:100:20: Unexpected symbol
e: file:///home/dae/Work/VZ/Ljod/app/build.gradle.kts:100:24: Unexpected symbol
e: file:///home/dae/Work/VZ/Ljod/app/build.gradle.kts:100:25: Unexpected symbol
e: file:///home/dae/Work/VZ/Ljod/app/build.gradle.kts:100:29: Unexpected symbol
e: file:///home/dae/Work/VZ/Ljod/app/build.gradle.kts:100:30: Unexpected symbol
e: file:///home/dae/Work/VZ/Ljod/app/build.gradle.kts:100:37: Unexpected symbol
e: file:///home/dae/Work/VZ/Ljod/app/build.gradle.kts:101:5: Unexpected symbol
e: file:///home/dae/Work/VZ/Ljod/app/build.gradle.kts:101:19: Unexpected symbol
e: file:///home/dae/Work/VZ/Ljod/app/build.gradle.kts:101:20: Unexpected symbol
e: file:///home/dae/Work/VZ/Ljod/app/build.gradle.kts:101:24: Unexpected symbol
e: file:///home/dae/Work/VZ/Ljod/app/build.gradle.kts:101:25: Unexpected symbol
e: file:///home/dae/Work/VZ/Ljod/app/build.gradle.kts:101:29: Unexpected symbol
e: file:///home/dae/Work/VZ/Ljod/app/build.gradle.kts:101:30: Unexpected symbol
e: file:///home/dae/Work/VZ/Ljod/app/build.gradle.kts:101:33: Unexpected symbol
e: file:///home/dae/Work/VZ/Ljod/app/build.gradle.kts:102:5: Unexpected symbol
e: file:///home/dae/Work/VZ/Ljod/app/build.gradle.kts:102:8: Unexpected symbol
e: file:///home/dae/Work/VZ/Ljod/app/build.gradle.kts:102:9: Unexpected symbol
e: file:///home/dae/Work/VZ/Ljod/app/build.gradle.kts:102:13: Unexpected symbol
e: file:///home/dae/Work/VZ/Ljod/app/build.gradle.kts:102:14: Unexpected symbol
e: file:///home/dae/Work/VZ/Ljod/app/build.gradle.kts:102:18: Unexpected symbol
e: file:///home/dae/Work/VZ/Ljod/app/build.gradle.kts:102:19: Unexpected symbol
e: file:///home/dae/Work/VZ/Ljod/app/build.gradle.kts:102:27: Unexpected symbol
e: file:///home/dae/Work/VZ/Ljod/app/build.gradle.kts:103:5: Unexpected symbol
e: file:///home/dae/Work/VZ/Ljod/app/build.gradle.kts:103:19: Unexpected symbol
e: file:///home/dae/Work/VZ/Ljod/app/build.gradle.kts:103:20: Unexpected symbol
e: file:///home/dae/Work/VZ/Ljod/app/build.gradle.kts:103:24: Unexpected symbol
e: file:///home/dae/Work/VZ/Ljod/app/build.gradle.kts:103:25: Unexpected symbol
e: file:///home/dae/Work/VZ/Ljod/app/build.gradle.kts:103:34: Unexpected symbol
e: file:///home/dae/Work/VZ/Ljod/app/build.gradle.kts:103:35: Unexpected symbol
e: file:///home/dae/Work/VZ/Ljod/app/build.gradle.kts:103:46: Unexpected symbol
e: file:///home/dae/Work/VZ/Ljod/app/build.gradle.kts:106:5: Unexpected symbol
e: file:///home/dae/Work/VZ/Ljod/app/build.gradle.kts:106:19: Unexpected symbol
e: file:///home/dae/Work/VZ/Ljod/app/build.gradle.kts:106:20: Unexpected symbol
e: file:///home/dae/Work/VZ/Ljod/app/build.gradle.kts:106:24: Unexpected symbol
e: file:///home/dae/Work/VZ/Ljod/app/build.gradle.kts:106:25: Unexpected symbol
e: file:///home/dae/Work/VZ/Ljod/app/build.gradle.kts:106:31: Unexpected symbol
e: file:///home/dae/Work/VZ/Ljod/app/build.gradle.kts:109:5: Unexpected symbol
e: file:///home/dae/Work/VZ/Ljod/app/build.gradle.kts:109:19: Unexpected symbol
e: file:///home/dae/Work/VZ/Ljod/app/build.gradle.kts:109:20: Unexpected symbol
e: file:///home/dae/Work/VZ/Ljod/app/build.gradle.kts:109:24: Unexpected symbol
e: file:///home/dae/Work/VZ/Ljod/app/build.gradle.kts:109:25: Unexpected symbol
e: file:///home/dae/Work/VZ/Ljod/app/build.gradle.kts:109:32: Unexpected symbol
e: file:///home/dae/Work/VZ/Ljod/app/build.gradle.kts:109:33: Unexpected symbol
e: file:///home/dae/Work/VZ/Ljod/app/build.gradle.kts:109:46: Unexpected symbol
e: file:///home/dae/Work/VZ/Ljod/app/build.gradle.kts:109:47: Unexpected symbol
e: file:///home/dae/Work/VZ/Ljod/app/build.gradle.kts:109:51: Unexpected symbol
e: file:///home/dae/Work/VZ/Ljod/app/build.gradle.kts:110:5: Unexpected symbol
e: file:///home/dae/Work/VZ/Ljod/app/build.gradle.kts:110:19: Unexpected symbol
e: file:///home/dae/Work/VZ/Ljod/app/build.gradle.kts:110:20: Unexpected symbol
e: file:///home/dae/Work/VZ/Ljod/app/build.gradle.kts:110:24: Unexpected symbol
e: file:///home/dae/Work/VZ/Ljod/app/build.gradle.kts:110:25: Unexpected symbol
e: file:///home/dae/Work/VZ/Ljod/app/build.gradle.kts:110:32: Unexpected symbol
e: file:///home/dae/Work/VZ/Ljod/app/build.gradle.kts:110:33: Unexpected symbol
e: file:///home/dae/Work/VZ/Ljod/app/build.gradle.kts:110:43: Unexpected symbol
e: file:///home/dae/Work/VZ/Ljod/app/build.gradle.kts:113:5: Unexpected symbol
e: file:///home/dae/Work/VZ/Ljod/app/build.gradle.kts:113:19: Unexpected symbol
e: file:///home/dae/Work/VZ/Ljod/app/build.gradle.kts:113:20: Unexpected symbol
e: file:///home/dae/Work/VZ/Ljod/app/build.gradle.kts:113:24: Unexpected symbol
e: file:///home/dae/Work/VZ/Ljod/app/build.gradle.kts:113:25: Unexpected symbol
e: file:///home/dae/Work/VZ/Ljod/app/build.gradle.kts:113:29: Unexpected symbol
e: file:///home/dae/Work/VZ/Ljod/app/build.gradle.kts:113:30: Unexpected symbol
e: file:///home/dae/Work/VZ/Ljod/app/build.gradle.kts:113:37: Unexpected symbol
e: file:///home/dae/Work/VZ/Ljod/app/build.gradle.kts:114:5: Unexpected symbol
e: file:///home/dae/Work/VZ/Ljod/app/build.gradle.kts:114:19: Unexpected symbol
e: file:///home/dae/Work/VZ/Ljod/app/build.gradle.kts:114:20: Unexpected symbol
e: file:///home/dae/Work/VZ/Ljod/app/build.gradle.kts:114:24: Unexpected symbol
e: file:///home/dae/Work/VZ/Ljod/app/build.gradle.kts:114:25: Unexpected symbol
e: file:///home/dae/Work/VZ/Ljod/app/build.gradle.kts:114:29: Unexpected symbol
e: file:///home/dae/Work/VZ/Ljod/app/build.gradle.kts:114:30: Unexpected symbol
e: file:///home/dae/Work/VZ/Ljod/app/build.gradle.kts:114:37: Unexpected symbol
e: file:///home/dae/Work/VZ/Ljod/app/build.gradle.kts:114:38: Unexpected symbol
e: file:///home/dae/Work/VZ/Ljod/app/build.gradle.kts:114:44: Unexpected symbol
e: file:///home/dae/Work/VZ/Ljod/app/build.gradle.kts:117:5: Unexpected symbol
e: file:///home/dae/Work/VZ/Ljod/app/build.gradle.kts:117:19: Unexpected symbol
e: file:///home/dae/Work/VZ/Ljod/app/build.gradle.kts:117:20: Unexpected symbol
e: file:///home/dae/Work/VZ/Ljod/app/build.gradle.kts:117:24: Unexpected symbol
e: file:///home/dae/Work/VZ/Ljod/app/build.gradle.kts:117:25: Unexpected symbol
e: file:///home/dae/Work/VZ/Ljod/app/build.gradle.kts:117:31: Unexpected symbol
e: file:///home/dae/Work/VZ/Ljod/app/build.gradle.kts:118:5: Unexpected symbol
e: file:///home/dae/Work/VZ/Ljod/app/build.gradle.kts:118:19: Unexpected symbol
e: file:///home/dae/Work/VZ/Ljod/app/build.gradle.kts:118:20: Unexpected symbol
e: file:///home/dae/Work/VZ/Ljod/app/build.gradle.kts:118:24: Unexpected symbol
e: file:///home/dae/Work/VZ/Ljod/app/build.gradle.kts:118:25: Unexpected symbol
e: file:///home/dae/Work/VZ/Ljod/app/build.gradle.kts:118:33: Unexpected symbol
e: file:///home/dae/Work/VZ/Ljod/app/build.gradle.kts:119:5: Unexpected symbol
e: file:///home/dae/Work/VZ/Ljod/app/build.gradle.kts:119:19: Unexpected symbol
e: file:///home/dae/Work/VZ/Ljod/app/build.gradle.kts:119:20: Unexpected symbol
e: file:///home/dae/Work/VZ/Ljod/app/build.gradle.kts:119:24: Unexpected symbol
e: file:///home/dae/Work/VZ/Ljod/app/build.gradle.kts:119:25: Unexpected symbol
e: file:///home/dae/Work/VZ/Ljod/app/build.gradle.kts:119:33: Unexpected symbol
e: file:///home/dae/Work/VZ/Ljod/app/build.gradle.kts:119:34: Unexpected symbol
e: file:///home/dae/Work/VZ/Ljod/app/build.gradle.kts:119:41: Unexpected symbol
e: file:///home/dae/Work/VZ/Ljod/app/build.gradle.kts:120:1: Unexpected symbol

FAILURE: Build failed with an exception.

* Where:
Build file '/home/dae/Work/VZ/Ljod/app/build.gradle.kts' line: 69

* What went wrong:
Script compilation errors:

  Line 069: }
            ^ Unexpected symbol

  Line 071: dependencies {
            ^ Unexpected symbol

  Line 071: dependencies {
                         ^ Unexpected symbol

  Line 073:     val composeBom = platform(libs.compose.bom)
                ^ Unexpected symbol

  Line 073:     val composeBom = platform(libs.compose.bom)
                    ^ Unexpected symbol

  Line 073:     val composeBom = platform(libs.compose.bom)
                               ^ Unexpected symbol

  Line 073:     val composeBom = platform(libs.compose.bom)
                                 ^ Unexpected symbol

  Line 073:     val composeBom = platform(libs.compose.bom)
                                         ^ Unexpected symbol

  Line 073:     val composeBom = platform(libs.compose.bom)
                                          ^ Unexpected symbol

  Line 073:     val composeBom = platform(libs.compose.bom)
                                              ^ Unexpected symbol

  Line 073:     val composeBom = platform(libs.compose.bom)
                                               ^ Unexpected symbol

  Line 073:     val composeBom = platform(libs.compose.bom)
                                                      ^ Unexpected symbol

  Line 073:     val composeBom = platform(libs.compose.bom)
                                                       ^ Unexpected symbol

  Line 073:     val composeBom = platform(libs.compose.bom)
                                                          ^ Unexpected symbol

  Line 074:     implementation(composeBom)
                ^ Unexpected symbol

  Line 074:     implementation(composeBom)
                              ^ Unexpected symbol

  Line 074:     implementation(composeBom)
                               ^ Unexpected symbol

  Line 074:     implementation(composeBom)
                                         ^ Unexpected symbol

  Line 075:     implementation(libs.compose.ui)
                ^ Unexpected symbol

  Line 075:     implementation(libs.compose.ui)
                              ^ Unexpected symbol

  Line 075:     implementation(libs.compose.ui)
                               ^ Unexpected symbol

  Line 075:     implementation(libs.compose.ui)
                                   ^ Unexpected symbol

  Line 075:     implementation(libs.compose.ui)
                                    ^ Unexpected symbol

  Line 075:     implementation(libs.compose.ui)
                                           ^ Unexpected symbol

  Line 075:     implementation(libs.compose.ui)
                                            ^ Unexpected symbol

  Line 075:     implementation(libs.compose.ui)
                                              ^ Unexpected symbol

  Line 076:     implementation(libs.compose.ui.graphics)
                ^ Unexpected symbol

  Line 076:     implementation(libs.compose.ui.graphics)
                              ^ Unexpected symbol

  Line 076:     implementation(libs.compose.ui.graphics)
                               ^ Unexpected symbol

  Line 076:     implementation(libs.compose.ui.graphics)
                                   ^ Unexpected symbol

  Line 076:     implementation(libs.compose.ui.graphics)
                                    ^ Unexpected symbol

  Line 076:     implementation(libs.compose.ui.graphics)
                                           ^ Unexpected symbol

  Line 076:     implementation(libs.compose.ui.graphics)
                                            ^ Unexpected symbol

  Line 076:     implementation(libs.compose.ui.graphics)
                                              ^ Unexpected symbol

  Line 076:     implementation(libs.compose.ui.graphics)
                                               ^ Unexpected symbol

  Line 076:     implementation(libs.compose.ui.graphics)
                                                       ^ Unexpected symbol

  Line 077:     implementation(libs.compose.material3)
                ^ Unexpected symbol

  Line 077:     implementation(libs.compose.material3)
                              ^ Unexpected symbol

  Line 077:     implementation(libs.compose.material3)
                               ^ Unexpected symbol

  Line 077:     implementation(libs.compose.material3)
                                   ^ Unexpected symbol

  Line 077:     implementation(libs.compose.material3)
                                    ^ Unexpected symbol

  Line 077:     implementation(libs.compose.material3)
                                           ^ Unexpected symbol

  Line 077:     implementation(libs.compose.material3)
                                            ^ Unexpected symbol

  Line 077:     implementation(libs.compose.material3)
                                                     ^ Unexpected symbol

  Line 078:     implementation(libs.compose.material.icons)
                ^ Unexpected symbol

  Line 078:     implementation(libs.compose.material.icons)
                              ^ Unexpected symbol

  Line 078:     implementation(libs.compose.material.icons)
                               ^ Unexpected symbol

  Line 078:     implementation(libs.compose.material.icons)
                                   ^ Unexpected symbol

  Line 078:     implementation(libs.compose.material.icons)
                                    ^ Unexpected symbol

  Line 078:     implementation(libs.compose.material.icons)
                                           ^ Unexpected symbol

  Line 078:     implementation(libs.compose.material.icons)
                                            ^ Unexpected symbol

  Line 078:     implementation(libs.compose.material.icons)
                                                    ^ Unexpected symbol

  Line 078:     implementation(libs.compose.material.icons)
                                                     ^ Unexpected symbol

  Line 078:     implementation(libs.compose.material.icons)
                                                          ^ Unexpected symbol

  Line 079:     implementation(libs.compose.animation)
                ^ Unexpected symbol

  Line 079:     implementation(libs.compose.animation)
                              ^ Unexpected symbol

  Line 079:     implementation(libs.compose.animation)
                               ^ Unexpected symbol

  Line 079:     implementation(libs.compose.animation)
                                   ^ Unexpected symbol

  Line 079:     implementation(libs.compose.animation)
                                    ^ Unexpected symbol

  Line 079:     implementation(libs.compose.animation)
                                           ^ Unexpected symbol

  Line 079:     implementation(libs.compose.animation)
                                            ^ Unexpected symbol

  Line 079:     implementation(libs.compose.animation)
                                                     ^ Unexpected symbol

  Line 080:     implementation(libs.compose.foundation)
                ^ Unexpected symbol

  Line 080:     implementation(libs.compose.foundation)
                              ^ Unexpected symbol

  Line 080:     implementation(libs.compose.foundation)
                               ^ Unexpected symbol

  Line 080:     implementation(libs.compose.foundation)
                                   ^ Unexpected symbol

  Line 080:     implementation(libs.compose.foundation)
                                    ^ Unexpected symbol

  Line 080:     implementation(libs.compose.foundation)
                                           ^ Unexpected symbol

  Line 080:     implementation(libs.compose.foundation)
                                            ^ Unexpected symbol

  Line 080:     implementation(libs.compose.foundation)
                                                      ^ Unexpected symbol

  Line 081:     debugImplementation(libs.compose.ui.tooling)
                ^ Unexpected symbol

  Line 081:     debugImplementation(libs.compose.ui.tooling)
                                   ^ Unexpected symbol

  Line 081:     debugImplementation(libs.compose.ui.tooling)
                                    ^ Unexpected symbol

  Line 081:     debugImplementation(libs.compose.ui.tooling)
                                        ^ Unexpected symbol

  Line 081:     debugImplementation(libs.compose.ui.tooling)
                                         ^ Unexpected symbol

  Line 081:     debugImplementation(libs.compose.ui.tooling)
                                                ^ Unexpected symbol

  Line 081:     debugImplementation(libs.compose.ui.tooling)
                                                 ^ Unexpected symbol

  Line 081:     debugImplementation(libs.compose.ui.tooling)
                                                   ^ Unexpected symbol

  Line 081:     debugImplementation(libs.compose.ui.tooling)
                                                    ^ Unexpected symbol

  Line 081:     debugImplementation(libs.compose.ui.tooling)
                                                           ^ Unexpected symbol

  Line 084:     implementation(libs.core.ktx)
                ^ Unexpected symbol

  Line 084:     implementation(libs.core.ktx)
                              ^ Unexpected symbol

  Line 084:     implementation(libs.core.ktx)
                               ^ Unexpected symbol

  Line 084:     implementation(libs.core.ktx)
                                   ^ Unexpected symbol

  Line 084:     implementation(libs.core.ktx)
                                    ^ Unexpected symbol

  Line 084:     implementation(libs.core.ktx)
                                        ^ Unexpected symbol

  Line 084:     implementation(libs.core.ktx)
                                         ^ Unexpected symbol

  Line 084:     implementation(libs.core.ktx)
                                            ^ Unexpected symbol

  Line 085:     implementation(libs.activity.compose)
                ^ Unexpected symbol

  Line 085:     implementation(libs.activity.compose)
                              ^ Unexpected symbol

  Line 085:     implementation(libs.activity.compose)
                               ^ Unexpected symbol

  Line 085:     implementation(libs.activity.compose)
                                   ^ Unexpected symbol

  Line 085:     implementation(libs.activity.compose)
                                    ^ Unexpected symbol

  Line 085:     implementation(libs.activity.compose)
                                            ^ Unexpected symbol

  Line 085:     implementation(libs.activity.compose)
                                             ^ Unexpected symbol

  Line 085:     implementation(libs.activity.compose)
                                                    ^ Unexpected symbol

  Line 086:     implementation(libs.lifecycle.runtime)
                ^ Unexpected symbol

  Line 086:     implementation(libs.lifecycle.runtime)
                              ^ Unexpected symbol

  Line 086:     implementation(libs.lifecycle.runtime)
                               ^ Unexpected symbol

  Line 086:     implementation(libs.lifecycle.runtime)
                                   ^ Unexpected symbol

  Line 086:     implementation(libs.lifecycle.runtime)
                                    ^ Unexpected symbol

  Line 086:     implementation(libs.lifecycle.runtime)
                                             ^ Unexpected symbol

  Line 086:     implementation(libs.lifecycle.runtime)
                                              ^ Unexpected symbol

  Line 086:     implementation(libs.lifecycle.runtime)
                                                     ^ Unexpected symbol

  Line 087:     implementation(libs.lifecycle.viewmodel)
                ^ Unexpected symbol

  Line 087:     implementation(libs.lifecycle.viewmodel)
                              ^ Unexpected symbol

  Line 087:     implementation(libs.lifecycle.viewmodel)
                               ^ Unexpected symbol

  Line 087:     implementation(libs.lifecycle.viewmodel)
                                   ^ Unexpected symbol

  Line 087:     implementation(libs.lifecycle.viewmodel)
                                    ^ Unexpected symbol

  Line 087:     implementation(libs.lifecycle.viewmodel)
                                             ^ Unexpected symbol

  Line 087:     implementation(libs.lifecycle.viewmodel)
                                              ^ Unexpected symbol

  Line 087:     implementation(libs.lifecycle.viewmodel)
                                                       ^ Unexpected symbol

  Line 090:     implementation(libs.media3.exoplayer)
                ^ Unexpected symbol

  Line 090:     implementation(libs.media3.exoplayer)
                              ^ Unexpected symbol

  Line 090:     implementation(libs.media3.exoplayer)
                               ^ Unexpected symbol

  Line 090:     implementation(libs.media3.exoplayer)
                                   ^ Unexpected symbol

  Line 090:     implementation(libs.media3.exoplayer)
                                    ^ Unexpected symbol

  Line 090:     implementation(libs.media3.exoplayer)
                                          ^ Unexpected symbol

  Line 090:     implementation(libs.media3.exoplayer)
                                           ^ Unexpected symbol

  Line 090:     implementation(libs.media3.exoplayer)
                                                    ^ Unexpected symbol

  Line 091:     implementation(libs.media3.session)
                ^ Unexpected symbol

  Line 091:     implementation(libs.media3.session)
                              ^ Unexpected symbol

  Line 091:     implementation(libs.media3.session)
                               ^ Unexpected symbol

  Line 091:     implementation(libs.media3.session)
                                   ^ Unexpected symbol

  Line 091:     implementation(libs.media3.session)
                                    ^ Unexpected symbol

  Line 091:     implementation(libs.media3.session)
                                          ^ Unexpected symbol

  Line 091:     implementation(libs.media3.session)
                                           ^ Unexpected symbol

  Line 091:     implementation(libs.media3.session)
                                                  ^ Unexpected symbol

  Line 092:     implementation(libs.media3.common)
                ^ Unexpected symbol

  Line 092:     implementation(libs.media3.common)
                              ^ Unexpected symbol

  Line 092:     implementation(libs.media3.common)
                               ^ Unexpected symbol

  Line 092:     implementation(libs.media3.common)
                                   ^ Unexpected symbol

  Line 092:     implementation(libs.media3.common)
                                    ^ Unexpected symbol

  Line 092:     implementation(libs.media3.common)
                                          ^ Unexpected symbol

  Line 092:     implementation(libs.media3.common)
                                           ^ Unexpected symbol

  Line 092:     implementation(libs.media3.common)
                                                 ^ Unexpected symbol

  Line 095:     implementation(libs.hilt.android)
                ^ Unexpected symbol

  Line 095:     implementation(libs.hilt.android)
                              ^ Unexpected symbol

  Line 095:     implementation(libs.hilt.android)
                               ^ Unexpected symbol

  Line 095:     implementation(libs.hilt.android)
                                   ^ Unexpected symbol

  Line 095:     implementation(libs.hilt.android)
                                    ^ Unexpected symbol

  Line 095:     implementation(libs.hilt.android)
                                        ^ Unexpected symbol

  Line 095:     implementation(libs.hilt.android)
                                         ^ Unexpected symbol

  Line 095:     implementation(libs.hilt.android)
                                                ^ Unexpected symbol

  Line 096:     ksp(libs.hilt.compiler)
                ^ Unexpected symbol

  Line 096:     ksp(libs.hilt.compiler)
                   ^ Unexpected symbol

  Line 096:     ksp(libs.hilt.compiler)
                    ^ Unexpected symbol

  Line 096:     ksp(libs.hilt.compiler)
                        ^ Unexpected symbol

  Line 096:     ksp(libs.hilt.compiler)
                         ^ Unexpected symbol

  Line 096:     ksp(libs.hilt.compiler)
                             ^ Unexpected symbol

  Line 096:     ksp(libs.hilt.compiler)
                              ^ Unexpected symbol

  Line 096:     ksp(libs.hilt.compiler)
                                      ^ Unexpected symbol

  Line 097:     implementation(libs.hilt.navigation)
                ^ Unexpected symbol

  Line 097:     implementation(libs.hilt.navigation)
                              ^ Unexpected symbol

  Line 097:     implementation(libs.hilt.navigation)
                               ^ Unexpected symbol

  Line 097:     implementation(libs.hilt.navigation)
                                   ^ Unexpected symbol

  Line 097:     implementation(libs.hilt.navigation)
                                    ^ Unexpected symbol

  Line 097:     implementation(libs.hilt.navigation)
                                        ^ Unexpected symbol

  Line 097:     implementation(libs.hilt.navigation)
                                         ^ Unexpected symbol

  Line 097:     implementation(libs.hilt.navigation)
                                                   ^ Unexpected symbol

  Line 100:     implementation(libs.room.runtime)
                ^ Unexpected symbol

  Line 100:     implementation(libs.room.runtime)
                              ^ Unexpected symbol

  Line 100:     implementation(libs.room.runtime)
                               ^ Unexpected symbol

  Line 100:     implementation(libs.room.runtime)
                                   ^ Unexpected symbol

  Line 100:     implementation(libs.room.runtime)
                                    ^ Unexpected symbol

  Line 100:     implementation(libs.room.runtime)
                                        ^ Unexpected symbol

  Line 100:     implementation(libs.room.runtime)
                                         ^ Unexpected symbol

  Line 100:     implementation(libs.room.runtime)
                                                ^ Unexpected symbol

  Line 101:     implementation(libs.room.ktx)
                ^ Unexpected symbol

  Line 101:     implementation(libs.room.ktx)
                              ^ Unexpected symbol

  Line 101:     implementation(libs.room.ktx)
                               ^ Unexpected symbol

  Line 101:     implementation(libs.room.ktx)
                                   ^ Unexpected symbol

  Line 101:     implementation(libs.room.ktx)
                                    ^ Unexpected symbol

  Line 101:     implementation(libs.room.ktx)
                                        ^ Unexpected symbol

  Line 101:     implementation(libs.room.ktx)
                                         ^ Unexpected symbol

  Line 101:     implementation(libs.room.ktx)
                                            ^ Unexpected symbol

  Line 102:     ksp(libs.room.compiler)
                ^ Unexpected symbol

  Line 102:     ksp(libs.room.compiler)
                   ^ Unexpected symbol

  Line 102:     ksp(libs.room.compiler)
                    ^ Unexpected symbol

  Line 102:     ksp(libs.room.compiler)
                        ^ Unexpected symbol

  Line 102:     ksp(libs.room.compiler)
                         ^ Unexpected symbol

  Line 102:     ksp(libs.room.compiler)
                             ^ Unexpected symbol

  Line 102:     ksp(libs.room.compiler)
                              ^ Unexpected symbol

  Line 102:     ksp(libs.room.compiler)
                                      ^ Unexpected symbol

  Line 103:     implementation(libs.datastore.preferences)
                ^ Unexpected symbol

  Line 103:     implementation(libs.datastore.preferences)
                              ^ Unexpected symbol

  Line 103:     implementation(libs.datastore.preferences)
                               ^ Unexpected symbol

  Line 103:     implementation(libs.datastore.preferences)
                                   ^ Unexpected symbol

  Line 103:     implementation(libs.datastore.preferences)
                                    ^ Unexpected symbol

  Line 103:     implementation(libs.datastore.preferences)
                                             ^ Unexpected symbol

  Line 103:     implementation(libs.datastore.preferences)
                                              ^ Unexpected symbol

  Line 103:     implementation(libs.datastore.preferences)
                                                         ^ Unexpected symbol

  Line 106:     implementation(libs.timber)
                ^ Unexpected symbol

  Line 106:     implementation(libs.timber)
                              ^ Unexpected symbol

  Line 106:     implementation(libs.timber)
                               ^ Unexpected symbol

  Line 106:     implementation(libs.timber)
                                   ^ Unexpected symbol

  Line 106:     implementation(libs.timber)
                                    ^ Unexpected symbol

  Line 106:     implementation(libs.timber)
                                          ^ Unexpected symbol

  Line 109:     implementation(libs.kotlinx.serialization.json)
                ^ Unexpected symbol

  Line 109:     implementation(libs.kotlinx.serialization.json)
                              ^ Unexpected symbol

  Line 109:     implementation(libs.kotlinx.serialization.json)
                               ^ Unexpected symbol

  Line 109:     implementation(libs.kotlinx.serialization.json)
                                   ^ Unexpected symbol

  Line 109:     implementation(libs.kotlinx.serialization.json)
                                    ^ Unexpected symbol

  Line 109:     implementation(libs.kotlinx.serialization.json)
                                           ^ Unexpected symbol

  Line 109:     implementation(libs.kotlinx.serialization.json)
                                            ^ Unexpected symbol

  Line 109:     implementation(libs.kotlinx.serialization.json)
                                                         ^ Unexpected symbol

  Line 109:     implementation(libs.kotlinx.serialization.json)
                                                          ^ Unexpected symbol

  Line 109:     implementation(libs.kotlinx.serialization.json)
                                                              ^ Unexpected symbol

  Line 110:     implementation(libs.kotlinx.coroutines)
                ^ Unexpected symbol

  Line 110:     implementation(libs.kotlinx.coroutines)
                              ^ Unexpected symbol

  Line 110:     implementation(libs.kotlinx.coroutines)
                               ^ Unexpected symbol

  Line 110:     implementation(libs.kotlinx.coroutines)
                                   ^ Unexpected symbol

  Line 110:     implementation(libs.kotlinx.coroutines)
                                    ^ Unexpected symbol

  Line 110:     implementation(libs.kotlinx.coroutines)
                                           ^ Unexpected symbol

  Line 110:     implementation(libs.kotlinx.coroutines)
                                            ^ Unexpected symbol

  Line 110:     implementation(libs.kotlinx.coroutines)
                                                      ^ Unexpected symbol

  Line 113:     implementation(libs.coil.compose)
                ^ Unexpected symbol

  Line 113:     implementation(libs.coil.compose)
                              ^ Unexpected symbol

  Line 113:     implementation(libs.coil.compose)
                               ^ Unexpected symbol

  Line 113:     implementation(libs.coil.compose)
                                   ^ Unexpected symbol

  Line 113:     implementation(libs.coil.compose)
                                    ^ Unexpected symbol

  Line 113:     implementation(libs.coil.compose)
                                        ^ Unexpected symbol

  Line 113:     implementation(libs.coil.compose)
                                         ^ Unexpected symbol

  Line 113:     implementation(libs.coil.compose)
                                                ^ Unexpected symbol

  Line 114:     implementation(libs.coil.network.okhttp)
                ^ Unexpected symbol

  Line 114:     implementation(libs.coil.network.okhttp)
                              ^ Unexpected symbol

  Line 114:     implementation(libs.coil.network.okhttp)
                               ^ Unexpected symbol

  Line 114:     implementation(libs.coil.network.okhttp)
                                   ^ Unexpected symbol

  Line 114:     implementation(libs.coil.network.okhttp)
                                    ^ Unexpected symbol

  Line 114:     implementation(libs.coil.network.okhttp)
                                        ^ Unexpected symbol

  Line 114:     implementation(libs.coil.network.okhttp)
                                         ^ Unexpected symbol

  Line 114:     implementation(libs.coil.network.okhttp)
                                                ^ Unexpected symbol

  Line 114:     implementation(libs.coil.network.okhttp)
                                                 ^ Unexpected symbol

  Line 114:     implementation(libs.coil.network.okhttp)
                                                       ^ Unexpected symbol

  Line 117:     implementation(libs.okhttp)
                ^ Unexpected symbol

  Line 117:     implementation(libs.okhttp)
                              ^ Unexpected symbol

  Line 117:     implementation(libs.okhttp)
                               ^ Unexpected symbol

  Line 117:     implementation(libs.okhttp)
                                   ^ Unexpected symbol

  Line 117:     implementation(libs.okhttp)
                                    ^ Unexpected symbol

  Line 117:     implementation(libs.okhttp)
                                          ^ Unexpected symbol

  Line 118:     implementation(libs.retrofit)
                ^ Unexpected symbol

  Line 118:     implementation(libs.retrofit)
                              ^ Unexpected symbol

  Line 118:     implementation(libs.retrofit)
                               ^ Unexpected symbol

  Line 118:     implementation(libs.retrofit)
                                   ^ Unexpected symbol

  Line 118:     implementation(libs.retrofit)
                                    ^ Unexpected symbol

  Line 118:     implementation(libs.retrofit)
                                            ^ Unexpected symbol

  Line 119:     implementation(libs.retrofit.kotlinx)
                ^ Unexpected symbol

  Line 119:     implementation(libs.retrofit.kotlinx)
                              ^ Unexpected symbol

  Line 119:     implementation(libs.retrofit.kotlinx)
                               ^ Unexpected symbol

  Line 119:     implementation(libs.retrofit.kotlinx)
                                   ^ Unexpected symbol

  Line 119:     implementation(libs.retrofit.kotlinx)
                                    ^ Unexpected symbol

  Line 119:     implementation(libs.retrofit.kotlinx)
                                            ^ Unexpected symbol

  Line 119:     implementation(libs.retrofit.kotlinx)
                                             ^ Unexpected symbol

  Line 119:     implementation(libs.retrofit.kotlinx)
                                                    ^ Unexpected symbol

  Line 120: }
            ^ Unexpected symbol

255 errors

* Try:
> Run with --stacktrace option to get the stack trace.
> Run with --info or --debug option to get more log output.
> Run with --scan to get full insights from a Build Scan (powered by Develocity).
> Get more help at https://help.gradle.org.

BUILD FAILED in 2s
[INFO]           Found kotlinc at /usr/bin/kotlinc
[INFO]           Could not resolve kotlin-stdlib using Maven: Cannot invoke "java.nio.file.Path.getFileSystem()" because "path" is null
[INFO]           Successfully resolved kotlin-stdlib using Gradle to /home/dae/.gradle/caches/modules-2/files-2.1/org.jetbrains.kotlin/kotlin-stdlib/2.4.0/4e9f4b531dce5c7dee58ed2de9a8b9a763c8dc6c/kotlin-stdlib-2.4.0.jar
[INFO] async     Cached classpath with sources is outdated or not found. Resolving again
[INFO] client    Classpath has not changed. Fetching 1 entries from cache
[INFO] async     Cached classpath with sources is outdated or not found. Resolving again
[INFO] debounce0 compileAndUpdate: compilation complete
[INFO] debounce0 compileFiles: 1 files in lint set, 1 detected as changed (forceFresh=false)
[INFO] debounce0 Rebuilding dependency index with 52 files
[INFO] debounce0 Building dependency index with 52 files
[INFO] debounce0 Dependency index built: 33 packages, 394 import relationships
[INFO] debounce0 filesInPackageOrImporting(dev.vz.ljod.core.ui.navigation) -> 1 results (1 in package, 0 importing)
[INFO] debounce0 compileAndUpdate: compiling 1 files: [file:///home/dae/Work/VZ/Ljod/app/src/main/java/dev/vz/ljod/core/ui/navigation/ScreenHost.kt]
[INFO] debounce0 compileAndUpdate: compilation complete
[INFO] debounce0 compileFiles: 1 files in lint set, 1 detected as changed (forceFresh=false)
[INFO] debounce0 Rebuilding dependency index with 52 files
[INFO] debounce0 Building dependency index with 52 files
[INFO] debounce0 Dependency index built: 33 packages, 394 import relationships
[INFO] debounce0 filesInPackageOrImporting(dev.vz.ljod.core.ui.theme) -> 3 results (3 in package, 0 importing)
[INFO] debounce0 compileAndUpdate: compiling 3 files: [file:///home/dae/Work/VZ/Ljod/app/src/main/java/dev/vz/ljod/core/ui/theme/Dimens.kt, file:///home/dae/Work/VZ/Ljod/app/src/main/java/dev/vz/ljod/core/ui/theme/LjodTheme.kt, file:///home/dae/Work/VZ/Ljod/app/src/main/java/dev/vz/ljod/core/ui/theme/Palette.kt]
[ERROR] async     TOOLING API: Error fetching model: Could not fetch model of type 'EclipseProject' using connection to Gradle distribution 'https://services.gradle.org/distributions/gradle-9.7.1-bin.zip'.
[ERROR] async     TOOLING API: EXCEPTION during resolution for /home/dae/Work/VZ/Ljod: Could not fetch model of type 'EclipseProject' using connection to Gradle distribution 'https://services.gradle.org/distributions/gradle-9.7.1-bin.zip'.
[WARN] async     TOOLING API: Falling back to CLI for /home/dae/Work/VZ/Ljod
[INFO] debounce0 compileAndUpdate: compilation complete
[INFO] debounce0 compileFiles: 1 files in lint set, 0 detected as changed (forceFresh=false)
[INFO] debounce0 compileFiles: 1 files in lint set, 0 detected as changed (forceFresh=false)
[INFO] debounce0 compileFiles: 1 files in lint set, 1 detected as changed (forceFresh=false)
[INFO] debounce0 Rebuilding dependency index with 52 files
[INFO] debounce0 Building dependency index with 52 files
[INFO] debounce0 Dependency index built: 33 packages, 394 import relationships
[INFO] debounce0 filesInPackageOrImporting(dev.vz.ljod.core.ui.motion) -> 4 results (4 in package, 0 importing)
[INFO] debounce0 compileAndUpdate: compiling 4 files: [file:///home/dae/Work/VZ/Ljod/app/src/main/java/dev/vz/ljod/core/ui/motion/Motion.kt, file:///home/dae/Work/VZ/Ljod/app/src/main/java/dev/vz/ljod/core/ui/motion/Aurora.kt, file:///home/dae/Work/VZ/Ljod/app/src/main/java/dev/vz/ljod/core/ui/motion/Swipeable.kt, file:///home/dae/Work/VZ/Ljod/app/src/main/java/dev/vz/ljod/core/ui/motion/Transitions.kt]
[INFO] debounce0 compileAndUpdate: compilation complete
[INFO] debounce0 compileFiles: 1 files in lint set, 0 detected as changed (forceFresh=false)
[INFO] debounce0 compileFiles: 1 files in lint set, 0 detected as changed (forceFresh=false)
[INFO] debounce0 compileFiles: 1 files in lint set, 0 detected as changed (forceFresh=false)
[INFO] debounce0 compileFiles: 1 files in lint set, 1 detected as changed (forceFresh=false)
[INFO] debounce0 Rebuilding dependency index with 52 files
[INFO] debounce0 Building dependency index with 52 files
[INFO] debounce0 Dependency index built: 33 packages, 394 import relationships
[INFO] debounce0 filesInPackageOrImporting(dev.vz.ljod.core.ui.glass) -> 1 results (1 in package, 0 importing)
[INFO] debounce0 compileAndUpdate: compiling 1 files: [file:///home/dae/Work/VZ/Ljod/app/src/main/java/dev/vz/ljod/core/ui/glass/Glass.kt]
[INFO] debounce0 compileAndUpdate: compilation complete
[INFO] debounce0 compileFiles: 1 files in lint set, 1 detected as changed (forceFresh=false)
[INFO] debounce0 Rebuilding dependency index with 52 files
[INFO] debounce0 Building dependency index with 52 files
[INFO] debounce0 Dependency index built: 33 packages, 394 import relationships
[INFO] debounce0 filesInPackageOrImporting(dev.vz.ljod.ui.home) -> 1 results (1 in package, 0 importing)
[INFO] debounce0 compileAndUpdate: compiling 1 files: [file:///home/dae/Work/VZ/Ljod/app/src/main/java/dev/vz/ljod/ui/home/HomeScreen.kt]
[ERROR] async     CLI: Gradle task FAILED: e: file:///home/dae/Work/VZ/Ljod/app/build.gradle.kts:69:1: Unexpected symbol
e: file:///home/dae/Work/VZ/Ljod/app/build.gradle.kts:71:1: Unexpected symbol
e: file:///home/dae/Work/VZ/Ljod/app/build.gradle.kts:71:14: Unexpected symbol
e: file:///home/dae/Work/VZ/Ljod/app/build.gradle.kts:73:5: Unexpected symbol
e: file:///home/dae/Work/VZ/Ljod/app/build.gradle.kts:73:9: Unexpected symbol
e: file:///home/dae/Work/VZ/Ljod/app/build.gradle.kts:73:20: Unexpected symbol
e: file:///home/dae/Work/VZ/Ljod/app/build.gradle.kts:73:22: Unexpected symbol
e: file:///home/dae/Work/VZ/Ljod/app/build.gradle.kts:73:30: Unexpected symbol
e: file:///home/dae/Work/VZ/Ljod/app/build.gradle.kts:73:31: Unexpected symbol
e: file:///home/dae/Work/VZ/Ljod/app/build.gradle.kts:73:35: Unexpected symbol
e: file:///home/dae/Work/VZ/Ljod/app/build.gradle.kts:73:36: Unexpected symbol
e: file:///home/dae/Work/VZ/Ljod/app/build.gradle.kts:73:43: Unexpected symbol
e: file:///home/dae/Work/VZ/Ljod/app/build.gradle.kts:73:44: Unexpected symbol
e: file:///home/dae/Work/VZ/Ljod/app/build.gradle.kts:73:47: Unexpected symbol
e: file:///home/dae/Work/VZ/Ljod/app/build.gradle.kts:74:5: Unexpected symbol
e: file:///home/dae/Work/VZ/Ljod/app/build.gradle.kts:74:19: Unexpected symbol
e: file:///home/dae/Work/VZ/Ljod/app/build.gradle.kts:74:20: Unexpected symbol
e: file:///home/dae/Work/VZ/Ljod/app/build.gradle.kts:74:30: Unexpected symbol
e: file:///home/dae/Work/VZ/Ljod/app/build.gradle.kts:75:5: Unexpected symbol
e: file:///home/dae/Work/VZ/Ljod/app/build.gradle.kts:75:19: Unexpected symbol
e: file:///home/dae/Work/VZ/Ljod/app/build.gradle.kts:75:20: Unexpected symbol
e: file:///home/dae/Work/VZ/Ljod/app/build.gradle.kts:75:24: Unexpected symbol
e: file:///home/dae/Work/VZ/Ljod/app/build.gradle.kts:75:25: Unexpected symbol
e: file:///home/dae/Work/VZ/Ljod/app/build.gradle.kts:75:32: Unexpected symbol
e: file:///home/dae/Work/VZ/Ljod/app/build.gradle.kts:75:33: Unexpected symbol
e: file:///home/dae/Work/VZ/Ljod/app/build.gradle.kts:75:35: Unexpected symbol
e: file:///home/dae/Work/VZ/Ljod/app/build.gradle.kts:76:5: Unexpected symbol
e: file:///home/dae/Work/VZ/Ljod/app/build.gradle.kts:76:19: Unexpected symbol
e: file:///home/dae/Work/VZ/Ljod/app/build.gradle.kts:76:20: Unexpected symbol
e: file:///home/dae/Work/VZ/Ljod/app/build.gradle.kts:76:24: Unexpected symbol
e: file:///home/dae/Work/VZ/Ljod/app/build.gradle.kts:76:25: Unexpected symbol
e: file:///home/dae/Work/VZ/Ljod/app/build.gradle.kts:76:32: Unexpected symbol
e: file:///home/dae/Work/VZ/Ljod/app/build.gradle.kts:76:33: Unexpected symbol
e: file:///home/dae/Work/VZ/Ljod/app/build.gradle.kts:76:35: Unexpected symbol
e: file:///home/dae/Work/VZ/Ljod/app/build.gradle.kts:76:36: Unexpected symbol
e: file:///home/dae/Work/VZ/Ljod/app/build.gradle.kts:76:44: Unexpected symbol
e: file:///home/dae/Work/VZ/Ljod/app/build.gradle.kts:77:5: Unexpected symbol
e: file:///home/dae/Work/VZ/Ljod/app/build.gradle.kts:77:19: Unexpected symbol
e: file:///home/dae/Work/VZ/Ljod/app/build.gradle.kts:77:20: Unexpected symbol
e: file:///home/dae/Work/VZ/Ljod/app/build.gradle.kts:77:24: Unexpected symbol
e: file:///home/dae/Work/VZ/Ljod/app/build.gradle.kts:77:25: Unexpected symbol
e: file:///home/dae/Work/VZ/Ljod/app/build.gradle.kts:77:32: Unexpected symbol
e: file:///home/dae/Work/VZ/Ljod/app/build.gradle.kts:77:33: Unexpected symbol
e: file:///home/dae/Work/VZ/Ljod/app/build.gradle.kts:77:42: Unexpected symbol
e: file:///home/dae/Work/VZ/Ljod/app/build.gradle.kts:78:5: Unexpected symbol
e: file:///home/dae/Work/VZ/Ljod/app/build.gradle.kts:78:19: Unexpected symbol
e: file:///home/dae/Work/VZ/Ljod/app/build.gradle.kts:78:20: Unexpected symbol
e: file:///home/dae/Work/VZ/Ljod/app/build.gradle.kts:78:24: Unexpected symbol
e: file:///home/dae/Work/VZ/Ljod/app/build.gradle.kts:78:25: Unexpected symbol
e: file:///home/dae/Work/VZ/Ljod/app/build.gradle.kts:78:32: Unexpected symbol
e: file:///home/dae/Work/VZ/Ljod/app/build.gradle.kts:78:33: Unexpected symbol
e: file:///home/dae/Work/VZ/Ljod/app/build.gradle.kts:78:41: Unexpected symbol
e: file:///home/dae/Work/VZ/Ljod/app/build.gradle.kts:78:42: Unexpected symbol
e: file:///home/dae/Work/VZ/Ljod/app/build.gradle.kts:78:47: Unexpected symbol
e: file:///home/dae/Work/VZ/Ljod/app/build.gradle.kts:79:5: Unexpected symbol
e: file:///home/dae/Work/VZ/Ljod/app/build.gradle.kts:79:19: Unexpected symbol
e: file:///home/dae/Work/VZ/Ljod/app/build.gradle.kts:79:20: Unexpected symbol
e: file:///home/dae/Work/VZ/Ljod/app/build.gradle.kts:79:24: Unexpected symbol
e: file:///home/dae/Work/VZ/Ljod/app/build.gradle.kts:79:25: Unexpected symbol
e: file:///home/dae/Work/VZ/Ljod/app/build.gradle.kts:79:32: Unexpected symbol
e: file:///home/dae/Work/VZ/Ljod/app/build.gradle.kts:79:33: Unexpected symbol
e: file:///home/dae/Work/VZ/Ljod/app/build.gradle.kts:79:42: Unexpected symbol
e: file:///home/dae/Work/VZ/Ljod/app/build.gradle.kts:80:5: Unexpected symbol
e: file:///home/dae/Work/VZ/Ljod/app/build.gradle.kts:80:19: Unexpected symbol
e: file:///home/dae/Work/VZ/Ljod/app/build.gradle.kts:80:20: Unexpected symbol
e: file:///home/dae/Work/VZ/Ljod/app/build.gradle.kts:80:24: Unexpected symbol
e: file:///home/dae/Work/VZ/Ljod/app/build.gradle.kts:80:25: Unexpected symbol
e: file:///home/dae/Work/VZ/Ljod/app/build.gradle.kts:80:32: Unexpected symbol
e: file:///home/dae/Work/VZ/Ljod/app/build.gradle.kts:80:33: Unexpected symbol
e: file:///home/dae/Work/VZ/Ljod/app/build.gradle.kts:80:43: Unexpected symbol
e: file:///home/dae/Work/VZ/Ljod/app/build.gradle.kts:81:5: Unexpected symbol
e: file:///home/dae/Work/VZ/Ljod/app/build.gradle.kts:81:24: Unexpected symbol
e: file:///home/dae/Work/VZ/Ljod/app/build.gradle.kts:81:25: Unexpected symbol
e: file:///home/dae/Work/VZ/Ljod/app/build.gradle.kts:81:29: Unexpected symbol
e: file:///home/dae/Work/VZ/Ljod/app/build.gradle.kts:81:30: Unexpected symbol
e: file:///home/dae/Work/VZ/Ljod/app/build.gradle.kts:81:37: Unexpected symbol
e: file:///home/dae/Work/VZ/Ljod/app/build.gradle.kts:81:38: Unexpected symbol
e: file:///home/dae/Work/VZ/Ljod/app/build.gradle.kts:81:40: Unexpected symbol
e: file:///home/dae/Work/VZ/Ljod/app/build.gradle.kts:81:41: Unexpected symbol
e: file:///home/dae/Work/VZ/Ljod/app/build.gradle.kts:81:48: Unexpected symbol
e: file:///home/dae/Work/VZ/Ljod/app/build.gradle.kts:84:5: Unexpected symbol
e: file:///home/dae/Work/VZ/Ljod/app/build.gradle.kts:84:19: Unexpected symbol
e: file:///home/dae/Work/VZ/Ljod/app/build.gradle.kts:84:20: Unexpected symbol
e: file:///home/dae/Work/VZ/Ljod/app/build.gradle.kts:84:24: Unexpected symbol
e: file:///home/dae/Work/VZ/Ljod/app/build.gradle.kts:84:25: Unexpected symbol
e: file:///home/dae/Work/VZ/Ljod/app/build.gradle.kts:84:29: Unexpected symbol
e: file:///home/dae/Work/VZ/Ljod/app/build.gradle.kts:84:30: Unexpected symbol
e: file:///home/dae/Work/VZ/Ljod/app/build.gradle.kts:84:33: Unexpected symbol
e: file:///home/dae/Work/VZ/Ljod/app/build.gradle.kts:85:5: Unexpected symbol
e: file:///home/dae/Work/VZ/Ljod/app/build.gradle.kts:85:19: Unexpected symbol
e: file:///home/dae/Work/VZ/Ljod/app/build.gradle.kts:85:20: Unexpected symbol
e: file:///home/dae/Work/VZ/Ljod/app/build.gradle.kts:85:24: Unexpected symbol
e: file:///home/dae/Work/VZ/Ljod/app/build.gradle.kts:85:25: Unexpected symbol
e: file:///home/dae/Work/VZ/Ljod/app/build.gradle.kts:85:33: Unexpected symbol
e: file:///home/dae/Work/VZ/Ljod/app/build.gradle.kts:85:34: Unexpected symbol
e: file:///home/dae/Work/VZ/Ljod/app/build.gradle.kts:85:41: Unexpected symbol
e: file:///home/dae/Work/VZ/Ljod/app/build.gradle.kts:86:5: Unexpected symbol
e: file:///home/dae/Work/VZ/Ljod/app/build.gradle.kts:86:19: Unexpected symbol
e: file:///home/dae/Work/VZ/Ljod/app/build.gradle.kts:86:20: Unexpected symbol
e: file:///home/dae/Work/VZ/Ljod/app/build.gradle.kts:86:24: Unexpected symbol
e: file:///home/dae/Work/VZ/Ljod/app/build.gradle.kts:86:25: Unexpected symbol
e: file:///home/dae/Work/VZ/Ljod/app/build.gradle.kts:86:34: Unexpected symbol
e: file:///home/dae/Work/VZ/Ljod/app/build.gradle.kts:86:35: Unexpected symbol
e: file:///home/dae/Work/VZ/Ljod/app/build.gradle.kts:86:42: Unexpected symbol
e: file:///home/dae/Work/VZ/Ljod/app/build.gradle.kts:87:5: Unexpected symbol
e: file:///home/dae/Work/VZ/Ljod/app/build.gradle.kts:87:19: Unexpected symbol
e: file:///home/dae/Work/VZ/Ljod/app/build.gradle.kts:87:20: Unexpected symbol
e: file:///home/dae/Work/VZ/Ljod/app/build.gradle.kts:87:24: Unexpected symbol
e: file:///home/dae/Work/VZ/Ljod/app/build.gradle.kts:87:25: Unexpected symbol
e: file:///home/dae/Work/VZ/Ljod/app/build.gradle.kts:87:34: Unexpected symbol
e: file:///home/dae/Work/VZ/Ljod/app/build.gradle.kts:87:35: Unexpected symbol
e: file:///home/dae/Work/VZ/Ljod/app/build.gradle.kts:87:44: Unexpected symbol
e: file:///home/dae/Work/VZ/Ljod/app/build.gradle.kts:90:5: Unexpected symbol
e: file:///home/dae/Work/VZ/Ljod/app/build.gradle.kts:90:19: Unexpected symbol
e: file:///home/dae/Work/VZ/Ljod/app/build.gradle.kts:90:20: Unexpected symbol
e: file:///home/dae/Work/VZ/Ljod/app/build.gradle.kts:90:24: Unexpected symbol
e: file:///home/dae/Work/VZ/Ljod/app/build.gradle.kts:90:25: Unexpected symbol
e: file:///home/dae/Work/VZ/Ljod/app/build.gradle.kts:90:31: Unexpected symbol
e: file:///home/dae/Work/VZ/Ljod/app/build.gradle.kts:90:32: Unexpected symbol
e: file:///home/dae/Work/VZ/Ljod/app/build.gradle.kts:90:41: Unexpected symbol
e: file:///home/dae/Work/VZ/Ljod/app/build.gradle.kts:91:5: Unexpected symbol
e: file:///home/dae/Work/VZ/Ljod/app/build.gradle.kts:91:19: Unexpected symbol
e: file:///home/dae/Work/VZ/Ljod/app/build.gradle.kts:91:20: Unexpected symbol
e: file:///home/dae/Work/VZ/Ljod/app/build.gradle.kts:91:24: Unexpected symbol
e: file:///home/dae/Work/VZ/Ljod/app/build.gradle.kts:91:25: Unexpected symbol
e: file:///home/dae/Work/VZ/Ljod/app/build.gradle.kts:91:31: Unexpected symbol
e: file:///home/dae/Work/VZ/Ljod/app/build.gradle.kts:91:32: Unexpected symbol
e: file:///home/dae/Work/VZ/Ljod/app/build.gradle.kts:91:39: Unexpected symbol
e: file:///home/dae/Work/VZ/Ljod/app/build.gradle.kts:92:5: Unexpected symbol
e: file:///home/dae/Work/VZ/Ljod/app/build.gradle.kts:92:19: Unexpected symbol
e: file:///home/dae/Work/VZ/Ljod/app/build.gradle.kts:92:20: Unexpected symbol
e: file:///home/dae/Work/VZ/Ljod/app/build.gradle.kts:92:24: Unexpected symbol
e: file:///home/dae/Work/VZ/Ljod/app/build.gradle.kts:92:25: Unexpected symbol
e: file:///home/dae/Work/VZ/Ljod/app/build.gradle.kts:92:31: Unexpected symbol
e: file:///home/dae/Work/VZ/Ljod/app/build.gradle.kts:92:32: Unexpected symbol
e: file:///home/dae/Work/VZ/Ljod/app/build.gradle.kts:92:38: Unexpected symbol
e: file:///home/dae/Work/VZ/Ljod/app/build.gradle.kts:95:5: Unexpected symbol
e: file:///home/dae/Work/VZ/Ljod/app/build.gradle.kts:95:19: Unexpected symbol
e: file:///home/dae/Work/VZ/Ljod/app/build.gradle.kts:95:20: Unexpected symbol
e: file:///home/dae/Work/VZ/Ljod/app/build.gradle.kts:95:24: Unexpected symbol
e: file:///home/dae/Work/VZ/Ljod/app/build.gradle.kts:95:25: Unexpected symbol
e: file:///home/dae/Work/VZ/Ljod/app/build.gradle.kts:95:29: Unexpected symbol
e: file:///home/dae/Work/VZ/Ljod/app/build.gradle.kts:95:30: Unexpected symbol
e: file:///home/dae/Work/VZ/Ljod/app/build.gradle.kts:95:37: Unexpected symbol
e: file:///home/dae/Work/VZ/Ljod/app/build.gradle.kts:96:5: Unexpected symbol
e: file:///home/dae/Work/VZ/Ljod/app/build.gradle.kts:96:8: Unexpected symbol
e: file:///home/dae/Work/VZ/Ljod/app/build.gradle.kts:96:9: Unexpected symbol
e: file:///home/dae/Work/VZ/Ljod/app/build.gradle.kts:96:13: Unexpected symbol
e: file:///home/dae/Work/VZ/Ljod/app/build.gradle.kts:96:14: Unexpected symbol
e: file:///home/dae/Work/VZ/Ljod/app/build.gradle.kts:96:18: Unexpected symbol
e: file:///home/dae/Work/VZ/Ljod/app/build.gradle.kts:96:19: Unexpected symbol
e: file:///home/dae/Work/VZ/Ljod/app/build.gradle.kts:96:27: Unexpected symbol
e: file:///home/dae/Work/VZ/Ljod/app/build.gradle.kts:97:5: Unexpected symbol
e: file:///home/dae/Work/VZ/Ljod/app/build.gradle.kts:97:19: Unexpected symbol
e: file:///home/dae/Work/VZ/Ljod/app/build.gradle.kts:97:20: Unexpected symbol
e: file:///home/dae/Work/VZ/Ljod/app/build.gradle.kts:97:24: Unexpected symbol
e: file:///home/dae/Work/VZ/Ljod/app/build.gradle.kts:97:25: Unexpected symbol
e: file:///home/dae/Work/VZ/Ljod/app/build.gradle.kts:97:29: Unexpected symbol
e: file:///home/dae/Work/VZ/Ljod/app/build.gradle.kts:97:30: Unexpected symbol
e: file:///home/dae/Work/VZ/Ljod/app/build.gradle.kts:97:40: Unexpected symbol
e: file:///home/dae/Work/VZ/Ljod/app/build.gradle.kts:100:5: Unexpected symbol
e: file:///home/dae/Work/VZ/Ljod/app/build.gradle.kts:100:19: Unexpected symbol
e: file:///home/dae/Work/VZ/Ljod/app/build.gradle.kts:100:20: Unexpected symbol
e: file:///home/dae/Work/VZ/Ljod/app/build.gradle.kts:100:24: Unexpected symbol
e: file:///home/dae/Work/VZ/Ljod/app/build.gradle.kts:100:25: Unexpected symbol
e: file:///home/dae/Work/VZ/Ljod/app/build.gradle.kts:100:29: Unexpected symbol
e: file:///home/dae/Work/VZ/Ljod/app/build.gradle.kts:100:30: Unexpected symbol
e: file:///home/dae/Work/VZ/Ljod/app/build.gradle.kts:100:37: Unexpected symbol
e: file:///home/dae/Work/VZ/Ljod/app/build.gradle.kts:101:5: Unexpected symbol
e: file:///home/dae/Work/VZ/Ljod/app/build.gradle.kts:101:19: Unexpected symbol
e: file:///home/dae/Work/VZ/Ljod/app/build.gradle.kts:101:20: Unexpected symbol
e: file:///home/dae/Work/VZ/Ljod/app/build.gradle.kts:101:24: Unexpected symbol
e: file:///home/dae/Work/VZ/Ljod/app/build.gradle.kts:101:25: Unexpected symbol
e: file:///home/dae/Work/VZ/Ljod/app/build.gradle.kts:101:29: Unexpected symbol
e: file:///home/dae/Work/VZ/Ljod/app/build.gradle.kts:101:30: Unexpected symbol
e: file:///home/dae/Work/VZ/Ljod/app/build.gradle.kts:101:33: Unexpected symbol
e: file:///home/dae/Work/VZ/Ljod/app/build.gradle.kts:102:5: Unexpected symbol
e: file:///home/dae/Work/VZ/Ljod/app/build.gradle.kts:102:8: Unexpected symbol
e: file:///home/dae/Work/VZ/Ljod/app/build.gradle.kts:102:9: Unexpected symbol
e: file:///home/dae/Work/VZ/Ljod/app/build.gradle.kts:102:13: Unexpected symbol
e: file:///home/dae/Work/VZ/Ljod/app/build.gradle.kts:102:14: Unexpected symbol
e: file:///home/dae/Work/VZ/Ljod/app/build.gradle.kts:102:18: Unexpected symbol
e: file:///home/dae/Work/VZ/Ljod/app/build.gradle.kts:102:19: Unexpected symbol
e: file:///home/dae/Work/VZ/Ljod/app/build.gradle.kts:102:27: Unexpected symbol
e: file:///home/dae/Work/VZ/Ljod/app/build.gradle.kts:103:5: Unexpected symbol
e: file:///home/dae/Work/VZ/Ljod/app/build.gradle.kts:103:19: Unexpected symbol
e: file:///home/dae/Work/VZ/Ljod/app/build.gradle.kts:103:20: Unexpected symbol
e: file:///home/dae/Work/VZ/Ljod/app/build.gradle.kts:103:24: Unexpected symbol
e: file:///home/dae/Work/VZ/Ljod/app/build.gradle.kts:103:25: Unexpected symbol
e: file:///home/dae/Work/VZ/Ljod/app/build.gradle.kts:103:34: Unexpected symbol
e: file:///home/dae/Work/VZ/Ljod/app/build.gradle.kts:103:35: Unexpected symbol
e: file:///home/dae/Work/VZ/Ljod/app/build.gradle.kts:103:46: Unexpected symbol
e: file:///home/dae/Work/VZ/Ljod/app/build.gradle.kts:106:5: Unexpected symbol
e: file:///home/dae/Work/VZ/Ljod/app/build.gradle.kts:106:19: Unexpected symbol
e: file:///home/dae/Work/VZ/Ljod/app/build.gradle.kts:106:20: Unexpected symbol
e: file:///home/dae/Work/VZ/Ljod/app/build.gradle.kts:106:24: Unexpected symbol
e: file:///home/dae/Work/VZ/Ljod/app/build.gradle.kts:106:25: Unexpected symbol
e: file:///home/dae/Work/VZ/Ljod/app/build.gradle.kts:106:31: Unexpected symbol
e: file:///home/dae/Work/VZ/Ljod/app/build.gradle.kts:109:5: Unexpected symbol
e: file:///home/dae/Work/VZ/Ljod/app/build.gradle.kts:109:19: Unexpected symbol
e: file:///home/dae/Work/VZ/Ljod/app/build.gradle.kts:109:20: Unexpected symbol
e: file:///home/dae/Work/VZ/Ljod/app/build.gradle.kts:109:24: Unexpected symbol
e: file:///home/dae/Work/VZ/Ljod/app/build.gradle.kts:109:25: Unexpected symbol
e: file:///home/dae/Work/VZ/Ljod/app/build.gradle.kts:109:32: Unexpected symbol
e: file:///home/dae/Work/VZ/Ljod/app/build.gradle.kts:109:33: Unexpected symbol
e: file:///home/dae/Work/VZ/Ljod/app/build.gradle.kts:109:46: Unexpected symbol
e: file:///home/dae/Work/VZ/Ljod/app/build.gradle.kts:109:47: Unexpected symbol
e: file:///home/dae/Work/VZ/Ljod/app/build.gradle.kts:109:51: Unexpected symbol
e: file:///home/dae/Work/VZ/Ljod/app/build.gradle.kts:110:5: Unexpected symbol
e: file:///home/dae/Work/VZ/Ljod/app/build.gradle.kts:110:19: Unexpected symbol
e: file:///home/dae/Work/VZ/Ljod/app/build.gradle.kts:110:20: Unexpected symbol
e: file:///home/dae/Work/VZ/Ljod/app/build.gradle.kts:110:24: Unexpected symbol
e: file:///home/dae/Work/VZ/Ljod/app/build.gradle.kts:110:25: Unexpected symbol
e: file:///home/dae/Work/VZ/Ljod/app/build.gradle.kts:110:32: Unexpected symbol
e: file:///home/dae/Work/VZ/Ljod/app/build.gradle.kts:110:33: Unexpected symbol
e: file:///home/dae/Work/VZ/Ljod/app/build.gradle.kts:110:43: Unexpected symbol
e: file:///home/dae/Work/VZ/Ljod/app/build.gradle.kts:113:5: Unexpected symbol
e: file:///home/dae/Work/VZ/Ljod/app/build.gradle.kts:113:19: Unexpected symbol
e: file:///home/dae/Work/VZ/Ljod/app/build.gradle.kts:113:20: Unexpected symbol
e: file:///home/dae/Work/VZ/Ljod/app/build.gradle.kts:113:24: Unexpected symbol
e: file:///home/dae/Work/VZ/Ljod/app/build.gradle.kts:113:25: Unexpected symbol
e: file:///home/dae/Work/VZ/Ljod/app/build.gradle.kts:113:29: Unexpected symbol
e: file:///home/dae/Work/VZ/Ljod/app/build.gradle.kts:113:30: Unexpected symbol
e: file:///home/dae/Work/VZ/Ljod/app/build.gradle.kts:113:37: Unexpected symbol
e: file:///home/dae/Work/VZ/Ljod/app/build.gradle.kts:114:5: Unexpected symbol
e: file:///home/dae/Work/VZ/Ljod/app/build.gradle.kts:114:19: Unexpected symbol
e: file:///home/dae/Work/VZ/Ljod/app/build.gradle.kts:114:20: Unexpected symbol
e: file:///home/dae/Work/VZ/Ljod/app/build.gradle.kts:114:24: Unexpected symbol
e: file:///home/dae/Work/VZ/Ljod/app/build.gradle.kts:114:25: Unexpected symbol
e: file:///home/dae/Work/VZ/Ljod/app/build.gradle.kts:114:29: Unexpected symbol
e: file:///home/dae/Work/VZ/Ljod/app/build.gradle.kts:114:30: Unexpected symbol
e: file:///home/dae/Work/VZ/Ljod/app/build.gradle.kts:114:37: Unexpected symbol
e: file:///home/dae/Work/VZ/Ljod/app/build.gradle.kts:114:38: Unexpected symbol
e: file:///home/dae/Work/VZ/Ljod/app/build.gradle.kts:114:44: Unexpected symbol
e: file:///home/dae/Work/VZ/Ljod/app/build.gradle.kts:117:5: Unexpected symbol
e: file:///home/dae/Work/VZ/Ljod/app/build.gradle.kts:117:19: Unexpected symbol
e: file:///home/dae/Work/VZ/Ljod/app/build.gradle.kts:117:20: Unexpected symbol
e: file:///home/dae/Work/VZ/Ljod/app/build.gradle.kts:117:24: Unexpected symbol
e: file:///home/dae/Work/VZ/Ljod/app/build.gradle.kts:117:25: Unexpected symbol
e: file:///home/dae/Work/VZ/Ljod/app/build.gradle.kts:117:31: Unexpected symbol
e: file:///home/dae/Work/VZ/Ljod/app/build.gradle.kts:118:5: Unexpected symbol
e: file:///home/dae/Work/VZ/Ljod/app/build.gradle.kts:118:19: Unexpected symbol
e: file:///home/dae/Work/VZ/Ljod/app/build.gradle.kts:118:20: Unexpected symbol
e: file:///home/dae/Work/VZ/Ljod/app/build.gradle.kts:118:24: Unexpected symbol
e: file:///home/dae/Work/VZ/Ljod/app/build.gradle.kts:118:25: Unexpected symbol
e: file:///home/dae/Work/VZ/Ljod/app/build.gradle.kts:118:33: Unexpected symbol
e: file:///home/dae/Work/VZ/Ljod/app/build.gradle.kts:119:5: Unexpected symbol
e: file:///home/dae/Work/VZ/Ljod/app/build.gradle.kts:119:19: Unexpected symbol
e: file:///home/dae/Work/VZ/Ljod/app/build.gradle.kts:119:20: Unexpected symbol
e: file:///home/dae/Work/VZ/Ljod/app/build.gradle.kts:119:24: Unexpected symbol
e: file:///home/dae/Work/VZ/Ljod/app/build.gradle.kts:119:25: Unexpected symbol
e: file:///home/dae/Work/VZ/Ljod/app/build.gradle.kts:119:33: Unexpected symbol
e: file:///home/dae/Work/VZ/Ljod/app/build.gradle.kts:119:34: Unexpected symbol
e: file:///home/dae/Work/VZ/Ljod/app/build.gradle.kts:119:41: Unexpected symbol
e: file:///home/dae/Work/VZ/Ljod/app/build.gradle.kts:120:1: Unexpected symbol

FAILURE: Build failed with an exception.

* Where:
Build file '/home/dae/Work/VZ/Ljod/app/build.gradle.kts' line: 69

* What went wrong:
Script compilation errors:

  Line 069: }
            ^ Unexpected symbol

  Line 071: dependencies {
            ^ Unexpected symbol

  Line 071: dependencies {
                         ^ Unexpected symbol

  Line 073:     val composeBom = platform(libs.compose.bom)
                ^ Unexpected symbol

  Line 073:     val composeBom = platform(libs.compose.bom)
                    ^ Unexpected symbol

  Line 073:     val composeBom = platform(libs.compose.bom)
                               ^ Unexpected symbol

  Line 073:     val composeBom = platform(libs.compose.bom)
                                 ^ Unexpected symbol

  Line 073:     val composeBom = platform(libs.compose.bom)
                                         ^ Unexpected symbol

  Line 073:     val composeBom = platform(libs.compose.bom)
                                          ^ Unexpected symbol

  Line 073:     val composeBom = platform(libs.compose.bom)
                                              ^ Unexpected symbol

  Line 073:     val composeBom = platform(libs.compose.bom)
                                               ^ Unexpected symbol

  Line 073:     val composeBom = platform(libs.compose.bom)
                                                      ^ Unexpected symbol

  Line 073:     val composeBom = platform(libs.compose.bom)
                                                       ^ Unexpected symbol

  Line 073:     val composeBom = platform(libs.compose.bom)
                                                          ^ Unexpected symbol

  Line 074:     implementation(composeBom)
                ^ Unexpected symbol

  Line 074:     implementation(composeBom)
                              ^ Unexpected symbol

  Line 074:     implementation(composeBom)
                               ^ Unexpected symbol

  Line 074:     implementation(composeBom)
                                         ^ Unexpected symbol

  Line 075:     implementation(libs.compose.ui)
                ^ Unexpected symbol

  Line 075:     implementation(libs.compose.ui)
                              ^ Unexpected symbol

  Line 075:     implementation(libs.compose.ui)
                               ^ Unexpected symbol

  Line 075:     implementation(libs.compose.ui)
                                   ^ Unexpected symbol

  Line 075:     implementation(libs.compose.ui)
                                    ^ Unexpected symbol

  Line 075:     implementation(libs.compose.ui)
                                           ^ Unexpected symbol

  Line 075:     implementation(libs.compose.ui)
                                            ^ Unexpected symbol

  Line 075:     implementation(libs.compose.ui)
                                              ^ Unexpected symbol

  Line 076:     implementation(libs.compose.ui.graphics)
                ^ Unexpected symbol

  Line 076:     implementation(libs.compose.ui.graphics)
                              ^ Unexpected symbol

  Line 076:     implementation(libs.compose.ui.graphics)
                               ^ Unexpected symbol

  Line 076:     implementation(libs.compose.ui.graphics)
                                   ^ Unexpected symbol

  Line 076:     implementation(libs.compose.ui.graphics)
                                    ^ Unexpected symbol

  Line 076:     implementation(libs.compose.ui.graphics)
                                           ^ Unexpected symbol

  Line 076:     implementation(libs.compose.ui.graphics)
                                            ^ Unexpected symbol

  Line 076:     implementation(libs.compose.ui.graphics)
                                              ^ Unexpected symbol

  Line 076:     implementation(libs.compose.ui.graphics)
                                               ^ Unexpected symbol

  Line 076:     implementation(libs.compose.ui.graphics)
                                                       ^ Unexpected symbol

  Line 077:     implementation(libs.compose.material3)
                ^ Unexpected symbol

  Line 077:     implementation(libs.compose.material3)
                              ^ Unexpected symbol

  Line 077:     implementation(libs.compose.material3)
                               ^ Unexpected symbol

  Line 077:     implementation(libs.compose.material3)
                                   ^ Unexpected symbol

  Line 077:     implementation(libs.compose.material3)
                                    ^ Unexpected symbol

  Line 077:     implementation(libs.compose.material3)
                                           ^ Unexpected symbol

  Line 077:     implementation(libs.compose.material3)
                                            ^ Unexpected symbol

  Line 077:     implementation(libs.compose.material3)
                                                     ^ Unexpected symbol

  Line 078:     implementation(libs.compose.material.icons)
                ^ Unexpected symbol

  Line 078:     implementation(libs.compose.material.icons)
                              ^ Unexpected symbol

  Line 078:     implementation(libs.compose.material.icons)
                               ^ Unexpected symbol

  Line 078:     implementation(libs.compose.material.icons)
                                   ^ Unexpected symbol

  Line 078:     implementation(libs.compose.material.icons)
                                    ^ Unexpected symbol

  Line 078:     implementation(libs.compose.material.icons)
                                           ^ Unexpected symbol

  Line 078:     implementation(libs.compose.material.icons)
                                            ^ Unexpected symbol

  Line 078:     implementation(libs.compose.material.icons)
                                                    ^ Unexpected symbol

  Line 078:     implementation(libs.compose.material.icons)
                                                     ^ Unexpected symbol

  Line 078:     implementation(libs.compose.material.icons)
                                                          ^ Unexpected symbol

  Line 079:     implementation(libs.compose.animation)
                ^ Unexpected symbol

  Line 079:     implementation(libs.compose.animation)
                              ^ Unexpected symbol

  Line 079:     implementation(libs.compose.animation)
                               ^ Unexpected symbol

  Line 079:     implementation(libs.compose.animation)
                                   ^ Unexpected symbol

  Line 079:     implementation(libs.compose.animation)
                                    ^ Unexpected symbol

  Line 079:     implementation(libs.compose.animation)
                                           ^ Unexpected symbol

  Line 079:     implementation(libs.compose.animation)
                                            ^ Unexpected symbol

  Line 079:     implementation(libs.compose.animation)
                                                     ^ Unexpected symbol

  Line 080:     implementation(libs.compose.foundation)
                ^ Unexpected symbol

  Line 080:     implementation(libs.compose.foundation)
                              ^ Unexpected symbol

  Line 080:     implementation(libs.compose.foundation)
                               ^ Unexpected symbol

  Line 080:     implementation(libs.compose.foundation)
                                   ^ Unexpected symbol

  Line 080:     implementation(libs.compose.foundation)
                                    ^ Unexpected symbol

  Line 080:     implementation(libs.compose.foundation)
                                           ^ Unexpected symbol

  Line 080:     implementation(libs.compose.foundation)
                                            ^ Unexpected symbol

  Line 080:     implementation(libs.compose.foundation)
                                                      ^ Unexpected symbol

  Line 081:     debugImplementation(libs.compose.ui.tooling)
                ^ Unexpected symbol

  Line 081:     debugImplementation(libs.compose.ui.tooling)
                                   ^ Unexpected symbol

  Line 081:     debugImplementation(libs.compose.ui.tooling)
                                    ^ Unexpected symbol

  Line 081:     debugImplementation(libs.compose.ui.tooling)
                                        ^ Unexpected symbol

  Line 081:     debugImplementation(libs.compose.ui.tooling)
                                         ^ Unexpected symbol

  Line 081:     debugImplementation(libs.compose.ui.tooling)
                                                ^ Unexpected symbol

  Line 081:     debugImplementation(libs.compose.ui.tooling)
                                                 ^ Unexpected symbol

  Line 081:     debugImplementation(libs.compose.ui.tooling)
                                                   ^ Unexpected symbol

  Line 081:     debugImplementation(libs.compose.ui.tooling)
                                                    ^ Unexpected symbol

  Line 081:     debugImplementation(libs.compose.ui.tooling)
                                                           ^ Unexpected symbol

  Line 084:     implementation(libs.core.ktx)
                ^ Unexpected symbol

  Line 084:     implementation(libs.core.ktx)
                              ^ Unexpected symbol

  Line 084:     implementation(libs.core.ktx)
                               ^ Unexpected symbol

  Line 084:     implementation(libs.core.ktx)
                                   ^ Unexpected symbol

  Line 084:     implementation(libs.core.ktx)
                                    ^ Unexpected symbol

  Line 084:     implementation(libs.core.ktx)
                                        ^ Unexpected symbol

  Line 084:     implementation(libs.core.ktx)
                                         ^ Unexpected symbol

  Line 084:     implementation(libs.core.ktx)
                                            ^ Unexpected symbol

  Line 085:     implementation(libs.activity.compose)
                ^ Unexpected symbol

  Line 085:     implementation(libs.activity.compose)
                              ^ Unexpected symbol

  Line 085:     implementation(libs.activity.compose)
                               ^ Unexpected symbol

  Line 085:     implementation(libs.activity.compose)
                                   ^ Unexpected symbol

  Line 085:     implementation(libs.activity.compose)
                                    ^ Unexpected symbol

  Line 085:     implementation(libs.activity.compose)
                                            ^ Unexpected symbol

  Line 085:     implementation(libs.activity.compose)
                                             ^ Unexpected symbol

  Line 085:     implementation(libs.activity.compose)
                                                    ^ Unexpected symbol

  Line 086:     implementation(libs.lifecycle.runtime)
                ^ Unexpected symbol

  Line 086:     implementation(libs.lifecycle.runtime)
                              ^ Unexpected symbol

  Line 086:     implementation(libs.lifecycle.runtime)
                               ^ Unexpected symbol

  Line 086:     implementation(libs.lifecycle.runtime)
                                   ^ Unexpected symbol

  Line 086:     implementation(libs.lifecycle.runtime)
                                    ^ Unexpected symbol

  Line 086:     implementation(libs.lifecycle.runtime)
                                             ^ Unexpected symbol

  Line 086:     implementation(libs.lifecycle.runtime)
                                              ^ Unexpected symbol

  Line 086:     implementation(libs.lifecycle.runtime)
                                                     ^ Unexpected symbol

  Line 087:     implementation(libs.lifecycle.viewmodel)
                ^ Unexpected symbol

  Line 087:     implementation(libs.lifecycle.viewmodel)
                              ^ Unexpected symbol

  Line 087:     implementation(libs.lifecycle.viewmodel)
                               ^ Unexpected symbol

  Line 087:     implementation(libs.lifecycle.viewmodel)
                                   ^ Unexpected symbol

  Line 087:     implementation(libs.lifecycle.viewmodel)
                                    ^ Unexpected symbol

  Line 087:     implementation(libs.lifecycle.viewmodel)
                                             ^ Unexpected symbol

  Line 087:     implementation(libs.lifecycle.viewmodel)
                                              ^ Unexpected symbol

  Line 087:     implementation(libs.lifecycle.viewmodel)
                                                       ^ Unexpected symbol

  Line 090:     implementation(libs.media3.exoplayer)
                ^ Unexpected symbol

  Line 090:     implementation(libs.media3.exoplayer)
                              ^ Unexpected symbol

  Line 090:     implementation(libs.media3.exoplayer)
                               ^ Unexpected symbol

  Line 090:     implementation(libs.media3.exoplayer)
                                   ^ Unexpected symbol

  Line 090:     implementation(libs.media3.exoplayer)
                                    ^ Unexpected symbol

  Line 090:     implementation(libs.media3.exoplayer)
                                          ^ Unexpected symbol

  Line 090:     implementation(libs.media3.exoplayer)
                                           ^ Unexpected symbol

  Line 090:     implementation(libs.media3.exoplayer)
                                                    ^ Unexpected symbol

  Line 091:     implementation(libs.media3.session)
                ^ Unexpected symbol

  Line 091:     implementation(libs.media3.session)
                              ^ Unexpected symbol

  Line 091:     implementation(libs.media3.session)
                               ^ Unexpected symbol

  Line 091:     implementation(libs.media3.session)
                                   ^ Unexpected symbol

  Line 091:     implementation(libs.media3.session)
                                    ^ Unexpected symbol

  Line 091:     implementation(libs.media3.session)
                                          ^ Unexpected symbol

  Line 091:     implementation(libs.media3.session)
                                           ^ Unexpected symbol

  Line 091:     implementation(libs.media3.session)
                                                  ^ Unexpected symbol

  Line 092:     implementation(libs.media3.common)
                ^ Unexpected symbol

  Line 092:     implementation(libs.media3.common)
                              ^ Unexpected symbol

  Line 092:     implementation(libs.media3.common)
                               ^ Unexpected symbol

  Line 092:     implementation(libs.media3.common)
                                   ^ Unexpected symbol

  Line 092:     implementation(libs.media3.common)
                                    ^ Unexpected symbol

  Line 092:     implementation(libs.media3.common)
                                          ^ Unexpected symbol

  Line 092:     implementation(libs.media3.common)
                                           ^ Unexpected symbol

  Line 092:     implementation(libs.media3.common)
                                                 ^ Unexpected symbol

  Line 095:     implementation(libs.hilt.android)
                ^ Unexpected symbol

  Line 095:     implementation(libs.hilt.android)
                              ^ Unexpected symbol

  Line 095:     implementation(libs.hilt.android)
                               ^ Unexpected symbol

  Line 095:     implementation(libs.hilt.android)
                                   ^ Unexpected symbol

  Line 095:     implementation(libs.hilt.android)
                                    ^ Unexpected symbol

  Line 095:     implementation(libs.hilt.android)
                                        ^ Unexpected symbol

  Line 095:     implementation(libs.hilt.android)
                                         ^ Unexpected symbol

  Line 095:     implementation(libs.hilt.android)
                                                ^ Unexpected symbol

  Line 096:     ksp(libs.hilt.compiler)
                ^ Unexpected symbol

  Line 096:     ksp(libs.hilt.compiler)
                   ^ Unexpected symbol

  Line 096:     ksp(libs.hilt.compiler)
                    ^ Unexpected symbol

  Line 096:     ksp(libs.hilt.compiler)
                        ^ Unexpected symbol

  Line 096:     ksp(libs.hilt.compiler)
                         ^ Unexpected symbol

  Line 096:     ksp(libs.hilt.compiler)
                             ^ Unexpected symbol

  Line 096:     ksp(libs.hilt.compiler)
                              ^ Unexpected symbol

  Line 096:     ksp(libs.hilt.compiler)
                                      ^ Unexpected symbol

  Line 097:     implementation(libs.hilt.navigation)
                ^ Unexpected symbol

  Line 097:     implementation(libs.hilt.navigation)
                              ^ Unexpected symbol

  Line 097:     implementation(libs.hilt.navigation)
                               ^ Unexpected symbol

  Line 097:     implementation(libs.hilt.navigation)
                                   ^ Unexpected symbol

  Line 097:     implementation(libs.hilt.navigation)
                                    ^ Unexpected symbol

  Line 097:     implementation(libs.hilt.navigation)
                                        ^ Unexpected symbol

  Line 097:     implementation(libs.hilt.navigation)
                                         ^ Unexpected symbol

  Line 097:     implementation(libs.hilt.navigation)
                                                   ^ Unexpected symbol

  Line 100:     implementation(libs.room.runtime)
                ^ Unexpected symbol

  Line 100:     implementation(libs.room.runtime)
                              ^ Unexpected symbol

  Line 100:     implementation(libs.room.runtime)
                               ^ Unexpected symbol

  Line 100:     implementation(libs.room.runtime)
                                   ^ Unexpected symbol

  Line 100:     implementation(libs.room.runtime)
                                    ^ Unexpected symbol

  Line 100:     implementation(libs.room.runtime)
                                        ^ Unexpected symbol

  Line 100:     implementation(libs.room.runtime)
                                         ^ Unexpected symbol

  Line 100:     implementation(libs.room.runtime)
                                                ^ Unexpected symbol

  Line 101:     implementation(libs.room.ktx)
                ^ Unexpected symbol

  Line 101:     implementation(libs.room.ktx)
                              ^ Unexpected symbol

  Line 101:     implementation(libs.room.ktx)
                               ^ Unexpected symbol

  Line 101:     implementation(libs.room.ktx)
                                   ^ Unexpected symbol

  Line 101:     implementation(libs.room.ktx)
                                    ^ Unexpected symbol

  Line 101:     implementation(libs.room.ktx)
                                        ^ Unexpected symbol

  Line 101:     implementation(libs.room.ktx)
                                         ^ Unexpected symbol

  Line 101:     implementation(libs.room.ktx)
                                            ^ Unexpected symbol

  Line 102:     ksp(libs.room.compiler)
                ^ Unexpected symbol

  Line 102:     ksp(libs.room.compiler)
                   ^ Unexpected symbol

  Line 102:     ksp(libs.room.compiler)
                    ^ Unexpected symbol

  Line 102:     ksp(libs.room.compiler)
                        ^ Unexpected symbol

  Line 102:     ksp(libs.room.compiler)
                         ^ Unexpected symbol

  Line 102:     ksp(libs.room.compiler)
                             ^ Unexpected symbol

  Line 102:     ksp(libs.room.compiler)
                              ^ Unexpected symbol

  Line 102:     ksp(libs.room.compiler)
                                      ^ Unexpected symbol

  Line 103:     implementation(libs.datastore.preferences)
                ^ Unexpected symbol

  Line 103:     implementation(libs.datastore.preferences)
                              ^ Unexpected symbol

  Line 103:     implementation(libs.datastore.preferences)
                               ^ Unexpected symbol

  Line 103:     implementation(libs.datastore.preferences)
                                   ^ Unexpected symbol

  Line 103:     implementation(libs.datastore.preferences)
                                    ^ Unexpected symbol

  Line 103:     implementation(libs.datastore.preferences)
                                             ^ Unexpected symbol

  Line 103:     implementation(libs.datastore.preferences)
                                              ^ Unexpected symbol

  Line 103:     implementation(libs.datastore.preferences)
                                                         ^ Unexpected symbol

  Line 106:     implementation(libs.timber)
                ^ Unexpected symbol

  Line 106:     implementation(libs.timber)
                              ^ Unexpected symbol

  Line 106:     implementation(libs.timber)
                               ^ Unexpected symbol

  Line 106:     implementation(libs.timber)
                                   ^ Unexpected symbol

  Line 106:     implementation(libs.timber)
                                    ^ Unexpected symbol

  Line 106:     implementation(libs.timber)
                                          ^ Unexpected symbol

  Line 109:     implementation(libs.kotlinx.serialization.json)
                ^ Unexpected symbol

  Line 109:     implementation(libs.kotlinx.serialization.json)
                              ^ Unexpected symbol

  Line 109:     implementation(libs.kotlinx.serialization.json)
                               ^ Unexpected symbol

  Line 109:     implementation(libs.kotlinx.serialization.json)
                                   ^ Unexpected symbol

  Line 109:     implementation(libs.kotlinx.serialization.json)
                                    ^ Unexpected symbol

  Line 109:     implementation(libs.kotlinx.serialization.json)
                                           ^ Unexpected symbol

  Line 109:     implementation(libs.kotlinx.serialization.json)
                                            ^ Unexpected symbol

  Line 109:     implementation(libs.kotlinx.serialization.json)
                                                         ^ Unexpected symbol

  Line 109:     implementation(libs.kotlinx.serialization.json)
                                                          ^ Unexpected symbol

  Line 109:     implementation(libs.kotlinx.serialization.json)
                                                              ^ Unexpected symbol

  Line 110:     implementation(libs.kotlinx.coroutines)
                ^ Unexpected symbol

  Line 110:     implementation(libs.kotlinx.coroutines)
                              ^ Unexpected symbol

  Line 110:     implementation(libs.kotlinx.coroutines)
                               ^ Unexpected symbol

  Line 110:     implementation(libs.kotlinx.coroutines)
                                   ^ Unexpected symbol

  Line 110:     implementation(libs.kotlinx.coroutines)
                                    ^ Unexpected symbol

  Line 110:     implementation(libs.kotlinx.coroutines)
                                           ^ Unexpected symbol

  Line 110:     implementation(libs.kotlinx.coroutines)
                                            ^ Unexpected symbol

  Line 110:     implementation(libs.kotlinx.coroutines)
                                                      ^ Unexpected symbol

  Line 113:     implementation(libs.coil.compose)
                ^ Unexpected symbol

  Line 113:     implementation(libs.coil.compose)
                              ^ Unexpected symbol

  Line 113:     implementation(libs.coil.compose)
                               ^ Unexpected symbol

  Line 113:     implementation(libs.coil.compose)
                                   ^ Unexpected symbol

  Line 113:     implementation(libs.coil.compose)
                                    ^ Unexpected symbol

  Line 113:     implementation(libs.coil.compose)
                                        ^ Unexpected symbol

  Line 113:     implementation(libs.coil.compose)
                                         ^ Unexpected symbol

  Line 113:     implementation(libs.coil.compose)
                                                ^ Unexpected symbol

  Line 114:     implementation(libs.coil.network.okhttp)
                ^ Unexpected symbol

  Line 114:     implementation(libs.coil.network.okhttp)
                              ^ Unexpected symbol

  Line 114:     implementation(libs.coil.network.okhttp)
                               ^ Unexpected symbol

  Line 114:     implementation(libs.coil.network.okhttp)
                                   ^ Unexpected symbol

  Line 114:     implementation(libs.coil.network.okhttp)
                                    ^ Unexpected symbol

  Line 114:     implementation(libs.coil.network.okhttp)
                                        ^ Unexpected symbol

  Line 114:     implementation(libs.coil.network.okhttp)
                                         ^ Unexpected symbol

  Line 114:     implementation(libs.coil.network.okhttp)
                                                ^ Unexpected symbol

  Line 114:     implementation(libs.coil.network.okhttp)
                                                 ^ Unexpected symbol

  Line 114:     implementation(libs.coil.network.okhttp)
                                                       ^ Unexpected symbol

  Line 117:     implementation(libs.okhttp)
                ^ Unexpected symbol

  Line 117:     implementation(libs.okhttp)
                              ^ Unexpected symbol

  Line 117:     implementation(libs.okhttp)
                               ^ Unexpected symbol

  Line 117:     implementation(libs.okhttp)
                                   ^ Unexpected symbol

  Line 117:     implementation(libs.okhttp)
                                    ^ Unexpected symbol

  Line 117:     implementation(libs.okhttp)
                                          ^ Unexpected symbol

  Line 118:     implementation(libs.retrofit)
                ^ Unexpected symbol

  Line 118:     implementation(libs.retrofit)
                              ^ Unexpected symbol

  Line 118:     implementation(libs.retrofit)
                               ^ Unexpected symbol

  Line 118:     implementation(libs.retrofit)
                                   ^ Unexpected symbol

  Line 118:     implementation(libs.retrofit)
                                    ^ Unexpected symbol

  Line 118:     implementation(libs.retrofit)
                                            ^ Unexpected symbol

  Line 119:     implementation(libs.retrofit.kotlinx)
                ^ Unexpected symbol

  Line 119:     implementation(libs.retrofit.kotlinx)
                              ^ Unexpected symbol

  Line 119:     implementation(libs.retrofit.kotlinx)
                               ^ Unexpected symbol

  Line 119:     implementation(libs.retrofit.kotlinx)
                                   ^ Unexpected symbol

  Line 119:     implementation(libs.retrofit.kotlinx)
                                    ^ Unexpected symbol

  Line 119:     implementation(libs.retrofit.kotlinx)
                                            ^ Unexpected symbol

  Line 119:     implementation(libs.retrofit.kotlinx)
                                             ^ Unexpected symbol

  Line 119:     implementation(libs.retrofit.kotlinx)
                                                    ^ Unexpected symbol

  Line 120: }
            ^ Unexpected symbol

255 errors

* Try:
> Run with --stacktrace option to get the stack trace.
> Run with --info or --debug option to get more log output.
> Run with --scan to get full insights from a Build Scan (powered by Develocity).
> Get more help at https://help.gradle.org.

BUILD FAILED in 2s
[INFO] debounce0 compileAndUpdate: compilation complete
[INFO] debounce0 compileFiles: 1 files in lint set, 1 detected as changed (forceFresh=false)
[INFO] debounce0 Rebuilding dependency index with 52 files
[INFO] debounce0 Building dependency index with 52 files
[INFO] debounce0 Dependency index built: 33 packages, 394 import relationships
[INFO] debounce0 filesInPackageOrImporting(dev.vz.ljod.ui.library) -> 1 results (1 in package, 0 importing)
[INFO] debounce0 compileAndUpdate: compiling 1 files: [file:///home/dae/Work/VZ/Ljod/app/src/main/java/dev/vz/ljod/ui/library/LibraryScreen.kt]
[ERROR] async     TOOLING API: Error fetching model: Could not fetch model of type 'EclipseProject' using connection to Gradle distribution 'https://services.gradle.org/distributions/gradle-9.7.1-bin.zip'.
[ERROR] async     TOOLING API: EXCEPTION during resolution for /home/dae/Work/VZ/Ljod/app: Could not fetch model of type 'EclipseProject' using connection to Gradle distribution 'https://services.gradle.org/distributions/gradle-9.7.1-bin.zip'.
[WARN] async     TOOLING API: Falling back to CLI for /home/dae/Work/VZ/Ljod/app
[INFO] debounce0 compileAndUpdate: compilation complete
[INFO] debounce0 compileFiles: 1 files in lint set, 1 detected as changed (forceFresh=false)
[INFO] debounce0 Rebuilding dependency index with 52 files
[INFO] debounce0 Building dependency index with 52 files
[INFO] debounce0 Dependency index built: 33 packages, 394 import relationships
[INFO] debounce0 filesInPackageOrImporting(dev.vz.ljod.ui.settings) -> 1 results (1 in package, 0 importing)
[INFO] debounce0 compileAndUpdate: compiling 1 files: [file:///home/dae/Work/VZ/Ljod/app/src/main/java/dev/vz/ljod/ui/settings/SettingsScreen.kt]
[INFO] debounce0 compileAndUpdate: compilation complete
[INFO] debounce0 compileFiles: 1 files in lint set, 1 detected as changed (forceFresh=false)
[INFO] debounce0 Rebuilding dependency index with 52 files
[INFO] debounce0 Building dependency index with 52 files
[INFO] debounce0 Dependency index built: 33 packages, 394 import relationships
[INFO] debounce0 filesInPackageOrImporting(dev.vz.ljod.ui.player) -> 1 results (1 in package, 0 importing)
[INFO] debounce0 compileAndUpdate: compiling 1 files: [file:///home/dae/Work/VZ/Ljod/app/src/main/java/dev/vz/ljod/ui/player/PlayerScreen.kt]
[ERROR] async     CLI: Gradle task FAILED: e: file:///home/dae/Work/VZ/Ljod/app/build.gradle.kts:69:1: Unexpected symbol
e: file:///home/dae/Work/VZ/Ljod/app/build.gradle.kts:71:1: Unexpected symbol
e: file:///home/dae/Work/VZ/Ljod/app/build.gradle.kts:71:14: Unexpected symbol
e: file:///home/dae/Work/VZ/Ljod/app/build.gradle.kts:73:5: Unexpected symbol
e: file:///home/dae/Work/VZ/Ljod/app/build.gradle.kts:73:9: Unexpected symbol
e: file:///home/dae/Work/VZ/Ljod/app/build.gradle.kts:73:20: Unexpected symbol
e: file:///home/dae/Work/VZ/Ljod/app/build.gradle.kts:73:22: Unexpected symbol
e: file:///home/dae/Work/VZ/Ljod/app/build.gradle.kts:73:30: Unexpected symbol
e: file:///home/dae/Work/VZ/Ljod/app/build.gradle.kts:73:31: Unexpected symbol
e: file:///home/dae/Work/VZ/Ljod/app/build.gradle.kts:73:35: Unexpected symbol
e: file:///home/dae/Work/VZ/Ljod/app/build.gradle.kts:73:36: Unexpected symbol
e: file:///home/dae/Work/VZ/Ljod/app/build.gradle.kts:73:43: Unexpected symbol
e: file:///home/dae/Work/VZ/Ljod/app/build.gradle.kts:73:44: Unexpected symbol
e: file:///home/dae/Work/VZ/Ljod/app/build.gradle.kts:73:47: Unexpected symbol
e: file:///home/dae/Work/VZ/Ljod/app/build.gradle.kts:74:5: Unexpected symbol
e: file:///home/dae/Work/VZ/Ljod/app/build.gradle.kts:74:19: Unexpected symbol
e: file:///home/dae/Work/VZ/Ljod/app/build.gradle.kts:74:20: Unexpected symbol
e: file:///home/dae/Work/VZ/Ljod/app/build.gradle.kts:74:30: Unexpected symbol
e: file:///home/dae/Work/VZ/Ljod/app/build.gradle.kts:75:5: Unexpected symbol
e: file:///home/dae/Work/VZ/Ljod/app/build.gradle.kts:75:19: Unexpected symbol
e: file:///home/dae/Work/VZ/Ljod/app/build.gradle.kts:75:20: Unexpected symbol
e: file:///home/dae/Work/VZ/Ljod/app/build.gradle.kts:75:24: Unexpected symbol
e: file:///home/dae/Work/VZ/Ljod/app/build.gradle.kts:75:25: Unexpected symbol
e: file:///home/dae/Work/VZ/Ljod/app/build.gradle.kts:75:32: Unexpected symbol
e: file:///home/dae/Work/VZ/Ljod/app/build.gradle.kts:75:33: Unexpected symbol
e: file:///home/dae/Work/VZ/Ljod/app/build.gradle.kts:75:35: Unexpected symbol
e: file:///home/dae/Work/VZ/Ljod/app/build.gradle.kts:76:5: Unexpected symbol
e: file:///home/dae/Work/VZ/Ljod/app/build.gradle.kts:76:19: Unexpected symbol
e: file:///home/dae/Work/VZ/Ljod/app/build.gradle.kts:76:20: Unexpected symbol
e: file:///home/dae/Work/VZ/Ljod/app/build.gradle.kts:76:24: Unexpected symbol
e: file:///home/dae/Work/VZ/Ljod/app/build.gradle.kts:76:25: Unexpected symbol
e: file:///home/dae/Work/VZ/Ljod/app/build.gradle.kts:76:32: Unexpected symbol
e: file:///home/dae/Work/VZ/Ljod/app/build.gradle.kts:76:33: Unexpected symbol
e: file:///home/dae/Work/VZ/Ljod/app/build.gradle.kts:76:35: Unexpected symbol
e: file:///home/dae/Work/VZ/Ljod/app/build.gradle.kts:76:36: Unexpected symbol
e: file:///home/dae/Work/VZ/Ljod/app/build.gradle.kts:76:44: Unexpected symbol
e: file:///home/dae/Work/VZ/Ljod/app/build.gradle.kts:77:5: Unexpected symbol
e: file:///home/dae/Work/VZ/Ljod/app/build.gradle.kts:77:19: Unexpected symbol
e: file:///home/dae/Work/VZ/Ljod/app/build.gradle.kts:77:20: Unexpected symbol
e: file:///home/dae/Work/VZ/Ljod/app/build.gradle.kts:77:24: Unexpected symbol
e: file:///home/dae/Work/VZ/Ljod/app/build.gradle.kts:77:25: Unexpected symbol
e: file:///home/dae/Work/VZ/Ljod/app/build.gradle.kts:77:32: Unexpected symbol
e: file:///home/dae/Work/VZ/Ljod/app/build.gradle.kts:77:33: Unexpected symbol
e: file:///home/dae/Work/VZ/Ljod/app/build.gradle.kts:77:42: Unexpected symbol
e: file:///home/dae/Work/VZ/Ljod/app/build.gradle.kts:78:5: Unexpected symbol
e: file:///home/dae/Work/VZ/Ljod/app/build.gradle.kts:78:19: Unexpected symbol
e: file:///home/dae/Work/VZ/Ljod/app/build.gradle.kts:78:20: Unexpected symbol
e: file:///home/dae/Work/VZ/Ljod/app/build.gradle.kts:78:24: Unexpected symbol
e: file:///home/dae/Work/VZ/Ljod/app/build.gradle.kts:78:25: Unexpected symbol
e: file:///home/dae/Work/VZ/Ljod/app/build.gradle.kts:78:32: Unexpected symbol
e: file:///home/dae/Work/VZ/Ljod/app/build.gradle.kts:78:33: Unexpected symbol
e: file:///home/dae/Work/VZ/Ljod/app/build.gradle.kts:78:41: Unexpected symbol
e: file:///home/dae/Work/VZ/Ljod/app/build.gradle.kts:78:42: Unexpected symbol
e: file:///home/dae/Work/VZ/Ljod/app/build.gradle.kts:78:47: Unexpected symbol
e: file:///home/dae/Work/VZ/Ljod/app/build.gradle.kts:79:5: Unexpected symbol
e: file:///home/dae/Work/VZ/Ljod/app/build.gradle.kts:79:19: Unexpected symbol
e: file:///home/dae/Work/VZ/Ljod/app/build.gradle.kts:79:20: Unexpected symbol
e: file:///home/dae/Work/VZ/Ljod/app/build.gradle.kts:79:24: Unexpected symbol
e: file:///home/dae/Work/VZ/Ljod/app/build.gradle.kts:79:25: Unexpected symbol
e: file:///home/dae/Work/VZ/Ljod/app/build.gradle.kts:79:32: Unexpected symbol
e: file:///home/dae/Work/VZ/Ljod/app/build.gradle.kts:79:33: Unexpected symbol
e: file:///home/dae/Work/VZ/Ljod/app/build.gradle.kts:79:42: Unexpected symbol
e: file:///home/dae/Work/VZ/Ljod/app/build.gradle.kts:80:5: Unexpected symbol
e: file:///home/dae/Work/VZ/Ljod/app/build.gradle.kts:80:19: Unexpected symbol
e: file:///home/dae/Work/VZ/Ljod/app/build.gradle.kts:80:20: Unexpected symbol
e: file:///home/dae/Work/VZ/Ljod/app/build.gradle.kts:80:24: Unexpected symbol
e: file:///home/dae/Work/VZ/Ljod/app/build.gradle.kts:80:25: Unexpected symbol
e: file:///home/dae/Work/VZ/Ljod/app/build.gradle.kts:80:32: Unexpected symbol
e: file:///home/dae/Work/VZ/Ljod/app/build.gradle.kts:80:33: Unexpected symbol
e: file:///home/dae/Work/VZ/Ljod/app/build.gradle.kts:80:43: Unexpected symbol
e: file:///home/dae/Work/VZ/Ljod/app/build.gradle.kts:81:5: Unexpected symbol
e: file:///home/dae/Work/VZ/Ljod/app/build.gradle.kts:81:24: Unexpected symbol
e: file:///home/dae/Work/VZ/Ljod/app/build.gradle.kts:81:25: Unexpected symbol
e: file:///home/dae/Work/VZ/Ljod/app/build.gradle.kts:81:29: Unexpected symbol
e: file:///home/dae/Work/VZ/Ljod/app/build.gradle.kts:81:30: Unexpected symbol
e: file:///home/dae/Work/VZ/Ljod/app/build.gradle.kts:81:37: Unexpected symbol
e: file:///home/dae/Work/VZ/Ljod/app/build.gradle.kts:81:38: Unexpected symbol
e: file:///home/dae/Work/VZ/Ljod/app/build.gradle.kts:81:40: Unexpected symbol
e: file:///home/dae/Work/VZ/Ljod/app/build.gradle.kts:81:41: Unexpected symbol
e: file:///home/dae/Work/VZ/Ljod/app/build.gradle.kts:81:48: Unexpected symbol
e: file:///home/dae/Work/VZ/Ljod/app/build.gradle.kts:84:5: Unexpected symbol
e: file:///home/dae/Work/VZ/Ljod/app/build.gradle.kts:84:19: Unexpected symbol
e: file:///home/dae/Work/VZ/Ljod/app/build.gradle.kts:84:20: Unexpected symbol
e: file:///home/dae/Work/VZ/Ljod/app/build.gradle.kts:84:24: Unexpected symbol
e: file:///home/dae/Work/VZ/Ljod/app/build.gradle.kts:84:25: Unexpected symbol
e: file:///home/dae/Work/VZ/Ljod/app/build.gradle.kts:84:29: Unexpected symbol
e: file:///home/dae/Work/VZ/Ljod/app/build.gradle.kts:84:30: Unexpected symbol
e: file:///home/dae/Work/VZ/Ljod/app/build.gradle.kts:84:33: Unexpected symbol
e: file:///home/dae/Work/VZ/Ljod/app/build.gradle.kts:85:5: Unexpected symbol
e: file:///home/dae/Work/VZ/Ljod/app/build.gradle.kts:85:19: Unexpected symbol
e: file:///home/dae/Work/VZ/Ljod/app/build.gradle.kts:85:20: Unexpected symbol
e: file:///home/dae/Work/VZ/Ljod/app/build.gradle.kts:85:24: Unexpected symbol
e: file:///home/dae/Work/VZ/Ljod/app/build.gradle.kts:85:25: Unexpected symbol
e: file:///home/dae/Work/VZ/Ljod/app/build.gradle.kts:85:33: Unexpected symbol
e: file:///home/dae/Work/VZ/Ljod/app/build.gradle.kts:85:34: Unexpected symbol
e: file:///home/dae/Work/VZ/Ljod/app/build.gradle.kts:85:41: Unexpected symbol
e: file:///home/dae/Work/VZ/Ljod/app/build.gradle.kts:86:5: Unexpected symbol
e: file:///home/dae/Work/VZ/Ljod/app/build.gradle.kts:86:19: Unexpected symbol
e: file:///home/dae/Work/VZ/Ljod/app/build.gradle.kts:86:20: Unexpected symbol
e: file:///home/dae/Work/VZ/Ljod/app/build.gradle.kts:86:24: Unexpected symbol
e: file:///home/dae/Work/VZ/Ljod/app/build.gradle.kts:86:25: Unexpected symbol
e: file:///home/dae/Work/VZ/Ljod/app/build.gradle.kts:86:34: Unexpected symbol
e: file:///home/dae/Work/VZ/Ljod/app/build.gradle.kts:86:35: Unexpected symbol
e: file:///home/dae/Work/VZ/Ljod/app/build.gradle.kts:86:42: Unexpected symbol
e: file:///home/dae/Work/VZ/Ljod/app/build.gradle.kts:87:5: Unexpected symbol
e: file:///home/dae/Work/VZ/Ljod/app/build.gradle.kts:87:19: Unexpected symbol
e: file:///home/dae/Work/VZ/Ljod/app/build.gradle.kts:87:20: Unexpected symbol
e: file:///home/dae/Work/VZ/Ljod/app/build.gradle.kts:87:24: Unexpected symbol
e: file:///home/dae/Work/VZ/Ljod/app/build.gradle.kts:87:25: Unexpected symbol
e: file:///home/dae/Work/VZ/Ljod/app/build.gradle.kts:87:34: Unexpected symbol
e: file:///home/dae/Work/VZ/Ljod/app/build.gradle.kts:87:35: Unexpected symbol
e: file:///home/dae/Work/VZ/Ljod/app/build.gradle.kts:87:44: Unexpected symbol
e: file:///home/dae/Work/VZ/Ljod/app/build.gradle.kts:90:5: Unexpected symbol
e: file:///home/dae/Work/VZ/Ljod/app/build.gradle.kts:90:19: Unexpected symbol
e: file:///home/dae/Work/VZ/Ljod/app/build.gradle.kts:90:20: Unexpected symbol
e: file:///home/dae/Work/VZ/Ljod/app/build.gradle.kts:90:24: Unexpected symbol
e: file:///home/dae/Work/VZ/Ljod/app/build.gradle.kts:90:25: Unexpected symbol
e: file:///home/dae/Work/VZ/Ljod/app/build.gradle.kts:90:31: Unexpected symbol
e: file:///home/dae/Work/VZ/Ljod/app/build.gradle.kts:90:32: Unexpected symbol
e: file:///home/dae/Work/VZ/Ljod/app/build.gradle.kts:90:41: Unexpected symbol
e: file:///home/dae/Work/VZ/Ljod/app/build.gradle.kts:91:5: Unexpected symbol
e: file:///home/dae/Work/VZ/Ljod/app/build.gradle.kts:91:19: Unexpected symbol
e: file:///home/dae/Work/VZ/Ljod/app/build.gradle.kts:91:20: Unexpected symbol
e: file:///home/dae/Work/VZ/Ljod/app/build.gradle.kts:91:24: Unexpected symbol
e: file:///home/dae/Work/VZ/Ljod/app/build.gradle.kts:91:25: Unexpected symbol
e: file:///home/dae/Work/VZ/Ljod/app/build.gradle.kts:91:31: Unexpected symbol
e: file:///home/dae/Work/VZ/Ljod/app/build.gradle.kts:91:32: Unexpected symbol
e: file:///home/dae/Work/VZ/Ljod/app/build.gradle.kts:91:39: Unexpected symbol
e: file:///home/dae/Work/VZ/Ljod/app/build.gradle.kts:92:5: Unexpected symbol
e: file:///home/dae/Work/VZ/Ljod/app/build.gradle.kts:92:19: Unexpected symbol
e: file:///home/dae/Work/VZ/Ljod/app/build.gradle.kts:92:20: Unexpected symbol
e: file:///home/dae/Work/VZ/Ljod/app/build.gradle.kts:92:24: Unexpected symbol
e: file:///home/dae/Work/VZ/Ljod/app/build.gradle.kts:92:25: Unexpected symbol
e: file:///home/dae/Work/VZ/Ljod/app/build.gradle.kts:92:31: Unexpected symbol
e: file:///home/dae/Work/VZ/Ljod/app/build.gradle.kts:92:32: Unexpected symbol
e: file:///home/dae/Work/VZ/Ljod/app/build.gradle.kts:92:38: Unexpected symbol
e: file:///home/dae/Work/VZ/Ljod/app/build.gradle.kts:95:5: Unexpected symbol
e: file:///home/dae/Work/VZ/Ljod/app/build.gradle.kts:95:19: Unexpected symbol
e: file:///home/dae/Work/VZ/Ljod/app/build.gradle.kts:95:20: Unexpected symbol
e: file:///home/dae/Work/VZ/Ljod/app/build.gradle.kts:95:24: Unexpected symbol
e: file:///home/dae/Work/VZ/Ljod/app/build.gradle.kts:95:25: Unexpected symbol
e: file:///home/dae/Work/VZ/Ljod/app/build.gradle.kts:95:29: Unexpected symbol
e: file:///home/dae/Work/VZ/Ljod/app/build.gradle.kts:95:30: Unexpected symbol
e: file:///home/dae/Work/VZ/Ljod/app/build.gradle.kts:95:37: Unexpected symbol
e: file:///home/dae/Work/VZ/Ljod/app/build.gradle.kts:96:5: Unexpected symbol
e: file:///home/dae/Work/VZ/Ljod/app/build.gradle.kts:96:8: Unexpected symbol
e: file:///home/dae/Work/VZ/Ljod/app/build.gradle.kts:96:9: Unexpected symbol
e: file:///home/dae/Work/VZ/Ljod/app/build.gradle.kts:96:13: Unexpected symbol
e: file:///home/dae/Work/VZ/Ljod/app/build.gradle.kts:96:14: Unexpected symbol
e: file:///home/dae/Work/VZ/Ljod/app/build.gradle.kts:96:18: Unexpected symbol
e: file:///home/dae/Work/VZ/Ljod/app/build.gradle.kts:96:19: Unexpected symbol
e: file:///home/dae/Work/VZ/Ljod/app/build.gradle.kts:96:27: Unexpected symbol
e: file:///home/dae/Work/VZ/Ljod/app/build.gradle.kts:97:5: Unexpected symbol
e: file:///home/dae/Work/VZ/Ljod/app/build.gradle.kts:97:19: Unexpected symbol
e: file:///home/dae/Work/VZ/Ljod/app/build.gradle.kts:97:20: Unexpected symbol
e: file:///home/dae/Work/VZ/Ljod/app/build.gradle.kts:97:24: Unexpected symbol
e: file:///home/dae/Work/VZ/Ljod/app/build.gradle.kts:97:25: Unexpected symbol
e: file:///home/dae/Work/VZ/Ljod/app/build.gradle.kts:97:29: Unexpected symbol
e: file:///home/dae/Work/VZ/Ljod/app/build.gradle.kts:97:30: Unexpected symbol
e: file:///home/dae/Work/VZ/Ljod/app/build.gradle.kts:97:40: Unexpected symbol
e: file:///home/dae/Work/VZ/Ljod/app/build.gradle.kts:100:5: Unexpected symbol
e: file:///home/dae/Work/VZ/Ljod/app/build.gradle.kts:100:19: Unexpected symbol
e: file:///home/dae/Work/VZ/Ljod/app/build.gradle.kts:100:20: Unexpected symbol
e: file:///home/dae/Work/VZ/Ljod/app/build.gradle.kts:100:24: Unexpected symbol
e: file:///home/dae/Work/VZ/Ljod/app/build.gradle.kts:100:25: Unexpected symbol
e: file:///home/dae/Work/VZ/Ljod/app/build.gradle.kts:100:29: Unexpected symbol
e: file:///home/dae/Work/VZ/Ljod/app/build.gradle.kts:100:30: Unexpected symbol
e: file:///home/dae/Work/VZ/Ljod/app/build.gradle.kts:100:37: Unexpected symbol
e: file:///home/dae/Work/VZ/Ljod/app/build.gradle.kts:101:5: Unexpected symbol
e: file:///home/dae/Work/VZ/Ljod/app/build.gradle.kts:101:19: Unexpected symbol
e: file:///home/dae/Work/VZ/Ljod/app/build.gradle.kts:101:20: Unexpected symbol
e: file:///home/dae/Work/VZ/Ljod/app/build.gradle.kts:101:24: Unexpected symbol
e: file:///home/dae/Work/VZ/Ljod/app/build.gradle.kts:101:25: Unexpected symbol
e: file:///home/dae/Work/VZ/Ljod/app/build.gradle.kts:101:29: Unexpected symbol
e: file:///home/dae/Work/VZ/Ljod/app/build.gradle.kts:101:30: Unexpected symbol
e: file:///home/dae/Work/VZ/Ljod/app/build.gradle.kts:101:33: Unexpected symbol
e: file:///home/dae/Work/VZ/Ljod/app/build.gradle.kts:102:5: Unexpected symbol
e: file:///home/dae/Work/VZ/Ljod/app/build.gradle.kts:102:8: Unexpected symbol
e: file:///home/dae/Work/VZ/Ljod/app/build.gradle.kts:102:9: Unexpected symbol
e: file:///home/dae/Work/VZ/Ljod/app/build.gradle.kts:102:13: Unexpected symbol
e: file:///home/dae/Work/VZ/Ljod/app/build.gradle.kts:102:14: Unexpected symbol
e: file:///home/dae/Work/VZ/Ljod/app/build.gradle.kts:102:18: Unexpected symbol
e: file:///home/dae/Work/VZ/Ljod/app/build.gradle.kts:102:19: Unexpected symbol
e: file:///home/dae/Work/VZ/Ljod/app/build.gradle.kts:102:27: Unexpected symbol
e: file:///home/dae/Work/VZ/Ljod/app/build.gradle.kts:103:5: Unexpected symbol
e: file:///home/dae/Work/VZ/Ljod/app/build.gradle.kts:103:19: Unexpected symbol
e: file:///home/dae/Work/VZ/Ljod/app/build.gradle.kts:103:20: Unexpected symbol
e: file:///home/dae/Work/VZ/Ljod/app/build.gradle.kts:103:24: Unexpected symbol
e: file:///home/dae/Work/VZ/Ljod/app/build.gradle.kts:103:25: Unexpected symbol
e: file:///home/dae/Work/VZ/Ljod/app/build.gradle.kts:103:34: Unexpected symbol
e: file:///home/dae/Work/VZ/Ljod/app/build.gradle.kts:103:35: Unexpected symbol
e: file:///home/dae/Work/VZ/Ljod/app/build.gradle.kts:103:46: Unexpected symbol
e: file:///home/dae/Work/VZ/Ljod/app/build.gradle.kts:106:5: Unexpected symbol
e: file:///home/dae/Work/VZ/Ljod/app/build.gradle.kts:106:19: Unexpected symbol
e: file:///home/dae/Work/VZ/Ljod/app/build.gradle.kts:106:20: Unexpected symbol
e: file:///home/dae/Work/VZ/Ljod/app/build.gradle.kts:106:24: Unexpected symbol
e: file:///home/dae/Work/VZ/Ljod/app/build.gradle.kts:106:25: Unexpected symbol
e: file:///home/dae/Work/VZ/Ljod/app/build.gradle.kts:106:31: Unexpected symbol
e: file:///home/dae/Work/VZ/Ljod/app/build.gradle.kts:109:5: Unexpected symbol
e: file:///home/dae/Work/VZ/Ljod/app/build.gradle.kts:109:19: Unexpected symbol
e: file:///home/dae/Work/VZ/Ljod/app/build.gradle.kts:109:20: Unexpected symbol
e: file:///home/dae/Work/VZ/Ljod/app/build.gradle.kts:109:24: Unexpected symbol
e: file:///home/dae/Work/VZ/Ljod/app/build.gradle.kts:109:25: Unexpected symbol
e: file:///home/dae/Work/VZ/Ljod/app/build.gradle.kts:109:32: Unexpected symbol
e: file:///home/dae/Work/VZ/Ljod/app/build.gradle.kts:109:33: Unexpected symbol
e: file:///home/dae/Work/VZ/Ljod/app/build.gradle.kts:109:46: Unexpected symbol
e: file:///home/dae/Work/VZ/Ljod/app/build.gradle.kts:109:47: Unexpected symbol
e: file:///home/dae/Work/VZ/Ljod/app/build.gradle.kts:109:51: Unexpected symbol
e: file:///home/dae/Work/VZ/Ljod/app/build.gradle.kts:110:5: Unexpected symbol
e: file:///home/dae/Work/VZ/Ljod/app/build.gradle.kts:110:19: Unexpected symbol
e: file:///home/dae/Work/VZ/Ljod/app/build.gradle.kts:110:20: Unexpected symbol
e: file:///home/dae/Work/VZ/Ljod/app/build.gradle.kts:110:24: Unexpected symbol
e: file:///home/dae/Work/VZ/Ljod/app/build.gradle.kts:110:25: Unexpected symbol
e: file:///home/dae/Work/VZ/Ljod/app/build.gradle.kts:110:32: Unexpected symbol
e: file:///home/dae/Work/VZ/Ljod/app/build.gradle.kts:110:33: Unexpected symbol
e: file:///home/dae/Work/VZ/Ljod/app/build.gradle.kts:110:43: Unexpected symbol
e: file:///home/dae/Work/VZ/Ljod/app/build.gradle.kts:113:5: Unexpected symbol
e: file:///home/dae/Work/VZ/Ljod/app/build.gradle.kts:113:19: Unexpected symbol
e: file:///home/dae/Work/VZ/Ljod/app/build.gradle.kts:113:20: Unexpected symbol
e: file:///home/dae/Work/VZ/Ljod/app/build.gradle.kts:113:24: Unexpected symbol
e: file:///home/dae/Work/VZ/Ljod/app/build.gradle.kts:113:25: Unexpected symbol
e: file:///home/dae/Work/VZ/Ljod/app/build.gradle.kts:113:29: Unexpected symbol
e: file:///home/dae/Work/VZ/Ljod/app/build.gradle.kts:113:30: Unexpected symbol
e: file:///home/dae/Work/VZ/Ljod/app/build.gradle.kts:113:37: Unexpected symbol
e: file:///home/dae/Work/VZ/Ljod/app/build.gradle.kts:114:5: Unexpected symbol
e: file:///home/dae/Work/VZ/Ljod/app/build.gradle.kts:114:19: Unexpected symbol
e: file:///home/dae/Work/VZ/Ljod/app/build.gradle.kts:114:20: Unexpected symbol
e: file:///home/dae/Work/VZ/Ljod/app/build.gradle.kts:114:24: Unexpected symbol
e: file:///home/dae/Work/VZ/Ljod/app/build.gradle.kts:114:25: Unexpected symbol
e: file:///home/dae/Work/VZ/Ljod/app/build.gradle.kts:114:29: Unexpected symbol
e: file:///home/dae/Work/VZ/Ljod/app/build.gradle.kts:114:30: Unexpected symbol
e: file:///home/dae/Work/VZ/Ljod/app/build.gradle.kts:114:37: Unexpected symbol
e: file:///home/dae/Work/VZ/Ljod/app/build.gradle.kts:114:38: Unexpected symbol
e: file:///home/dae/Work/VZ/Ljod/app/build.gradle.kts:114:44: Unexpected symbol
e: file:///home/dae/Work/VZ/Ljod/app/build.gradle.kts:117:5: Unexpected symbol
e: file:///home/dae/Work/VZ/Ljod/app/build.gradle.kts:117:19: Unexpected symbol
e: file:///home/dae/Work/VZ/Ljod/app/build.gradle.kts:117:20: Unexpected symbol
e: file:///home/dae/Work/VZ/Ljod/app/build.gradle.kts:117:24: Unexpected symbol
e: file:///home/dae/Work/VZ/Ljod/app/build.gradle.kts:117:25: Unexpected symbol
e: file:///home/dae/Work/VZ/Ljod/app/build.gradle.kts:117:31: Unexpected symbol
e: file:///home/dae/Work/VZ/Ljod/app/build.gradle.kts:118:5: Unexpected symbol
e: file:///home/dae/Work/VZ/Ljod/app/build.gradle.kts:118:19: Unexpected symbol
e: file:///home/dae/Work/VZ/Ljod/app/build.gradle.kts:118:20: Unexpected symbol
e: file:///home/dae/Work/VZ/Ljod/app/build.gradle.kts:118:24: Unexpected symbol
e: file:///home/dae/Work/VZ/Ljod/app/build.gradle.kts:118:25: Unexpected symbol
e: file:///home/dae/Work/VZ/Ljod/app/build.gradle.kts:118:33: Unexpected symbol
e: file:///home/dae/Work/VZ/Ljod/app/build.gradle.kts:119:5: Unexpected symbol
e: file:///home/dae/Work/VZ/Ljod/app/build.gradle.kts:119:19: Unexpected symbol
e: file:///home/dae/Work/VZ/Ljod/app/build.gradle.kts:119:20: Unexpected symbol
e: file:///home/dae/Work/VZ/Ljod/app/build.gradle.kts:119:24: Unexpected symbol
e: file:///home/dae/Work/VZ/Ljod/app/build.gradle.kts:119:25: Unexpected symbol
e: file:///home/dae/Work/VZ/Ljod/app/build.gradle.kts:119:33: Unexpected symbol
e: file:///home/dae/Work/VZ/Ljod/app/build.gradle.kts:119:34: Unexpected symbol
e: file:///home/dae/Work/VZ/Ljod/app/build.gradle.kts:119:41: Unexpected symbol
e: file:///home/dae/Work/VZ/Ljod/app/build.gradle.kts:120:1: Unexpected symbol

FAILURE: Build failed with an exception.

* Where:
Build file '/home/dae/Work/VZ/Ljod/app/build.gradle.kts' line: 69

* What went wrong:
Script compilation errors:

  Line 069: }
            ^ Unexpected symbol

  Line 071: dependencies {
            ^ Unexpected symbol

  Line 071: dependencies {
                         ^ Unexpected symbol

  Line 073:     val composeBom = platform(libs.compose.bom)
                ^ Unexpected symbol

  Line 073:     val composeBom = platform(libs.compose.bom)
                    ^ Unexpected symbol

  Line 073:     val composeBom = platform(libs.compose.bom)
                               ^ Unexpected symbol

  Line 073:     val composeBom = platform(libs.compose.bom)
                                 ^ Unexpected symbol

  Line 073:     val composeBom = platform(libs.compose.bom)
                                         ^ Unexpected symbol

  Line 073:     val composeBom = platform(libs.compose.bom)
                                          ^ Unexpected symbol

  Line 073:     val composeBom = platform(libs.compose.bom)
                                              ^ Unexpected symbol

  Line 073:     val composeBom = platform(libs.compose.bom)
                                               ^ Unexpected symbol

  Line 073:     val composeBom = platform(libs.compose.bom)
                                                      ^ Unexpected symbol

  Line 073:     val composeBom = platform(libs.compose.bom)
                                                       ^ Unexpected symbol

  Line 073:     val composeBom = platform(libs.compose.bom)
                                                          ^ Unexpected symbol

  Line 074:     implementation(composeBom)
                ^ Unexpected symbol

  Line 074:     implementation(composeBom)
                              ^ Unexpected symbol

  Line 074:     implementation(composeBom)
                               ^ Unexpected symbol

  Line 074:     implementation(composeBom)
                                         ^ Unexpected symbol

  Line 075:     implementation(libs.compose.ui)
                ^ Unexpected symbol

  Line 075:     implementation(libs.compose.ui)
                              ^ Unexpected symbol

  Line 075:     implementation(libs.compose.ui)
                               ^ Unexpected symbol

  Line 075:     implementation(libs.compose.ui)
                                   ^ Unexpected symbol

  Line 075:     implementation(libs.compose.ui)
                                    ^ Unexpected symbol

  Line 075:     implementation(libs.compose.ui)
                                           ^ Unexpected symbol

  Line 075:     implementation(libs.compose.ui)
                                            ^ Unexpected symbol

  Line 075:     implementation(libs.compose.ui)
                                              ^ Unexpected symbol

  Line 076:     implementation(libs.compose.ui.graphics)
                ^ Unexpected symbol

  Line 076:     implementation(libs.compose.ui.graphics)
                              ^ Unexpected symbol

  Line 076:     implementation(libs.compose.ui.graphics)
                               ^ Unexpected symbol

  Line 076:     implementation(libs.compose.ui.graphics)
                                   ^ Unexpected symbol

  Line 076:     implementation(libs.compose.ui.graphics)
                                    ^ Unexpected symbol

  Line 076:     implementation(libs.compose.ui.graphics)
                                           ^ Unexpected symbol

  Line 076:     implementation(libs.compose.ui.graphics)
                                            ^ Unexpected symbol

  Line 076:     implementation(libs.compose.ui.graphics)
                                              ^ Unexpected symbol

  Line 076:     implementation(libs.compose.ui.graphics)
                                               ^ Unexpected symbol

  Line 076:     implementation(libs.compose.ui.graphics)
                                                       ^ Unexpected symbol

  Line 077:     implementation(libs.compose.material3)
                ^ Unexpected symbol

  Line 077:     implementation(libs.compose.material3)
                              ^ Unexpected symbol

  Line 077:     implementation(libs.compose.material3)
                               ^ Unexpected symbol

  Line 077:     implementation(libs.compose.material3)
                                   ^ Unexpected symbol

  Line 077:     implementation(libs.compose.material3)
                                    ^ Unexpected symbol

  Line 077:     implementation(libs.compose.material3)
                                           ^ Unexpected symbol

  Line 077:     implementation(libs.compose.material3)
                                            ^ Unexpected symbol

  Line 077:     implementation(libs.compose.material3)
                                                     ^ Unexpected symbol

  Line 078:     implementation(libs.compose.material.icons)
                ^ Unexpected symbol

  Line 078:     implementation(libs.compose.material.icons)
                              ^ Unexpected symbol

  Line 078:     implementation(libs.compose.material.icons)
                               ^ Unexpected symbol

  Line 078:     implementation(libs.compose.material.icons)
                                   ^ Unexpected symbol

  Line 078:     implementation(libs.compose.material.icons)
                                    ^ Unexpected symbol

  Line 078:     implementation(libs.compose.material.icons)
                                           ^ Unexpected symbol

  Line 078:     implementation(libs.compose.material.icons)
                                            ^ Unexpected symbol

  Line 078:     implementation(libs.compose.material.icons)
                                                    ^ Unexpected symbol

  Line 078:     implementation(libs.compose.material.icons)
                                                     ^ Unexpected symbol

  Line 078:     implementation(libs.compose.material.icons)
                                                          ^ Unexpected symbol

  Line 079:     implementation(libs.compose.animation)
                ^ Unexpected symbol

  Line 079:     implementation(libs.compose.animation)
                              ^ Unexpected symbol

  Line 079:     implementation(libs.compose.animation)
                               ^ Unexpected symbol

  Line 079:     implementation(libs.compose.animation)
                                   ^ Unexpected symbol

  Line 079:     implementation(libs.compose.animation)
                                    ^ Unexpected symbol

  Line 079:     implementation(libs.compose.animation)
                                           ^ Unexpected symbol

  Line 079:     implementation(libs.compose.animation)
                                            ^ Unexpected symbol

  Line 079:     implementation(libs.compose.animation)
                                                     ^ Unexpected symbol

  Line 080:     implementation(libs.compose.foundation)
                ^ Unexpected symbol

  Line 080:     implementation(libs.compose.foundation)
                              ^ Unexpected symbol

  Line 080:     implementation(libs.compose.foundation)
                               ^ Unexpected symbol

  Line 080:     implementation(libs.compose.foundation)
                                   ^ Unexpected symbol

  Line 080:     implementation(libs.compose.foundation)
                                    ^ Unexpected symbol

  Line 080:     implementation(libs.compose.foundation)
                                           ^ Unexpected symbol

  Line 080:     implementation(libs.compose.foundation)
                                            ^ Unexpected symbol

  Line 080:     implementation(libs.compose.foundation)
                                                      ^ Unexpected symbol

  Line 081:     debugImplementation(libs.compose.ui.tooling)
                ^ Unexpected symbol

  Line 081:     debugImplementation(libs.compose.ui.tooling)
                                   ^ Unexpected symbol

  Line 081:     debugImplementation(libs.compose.ui.tooling)
                                    ^ Unexpected symbol

  Line 081:     debugImplementation(libs.compose.ui.tooling)
                                        ^ Unexpected symbol

  Line 081:     debugImplementation(libs.compose.ui.tooling)
                                         ^ Unexpected symbol

  Line 081:     debugImplementation(libs.compose.ui.tooling)
                                                ^ Unexpected symbol

  Line 081:     debugImplementation(libs.compose.ui.tooling)
                                                 ^ Unexpected symbol

  Line 081:     debugImplementation(libs.compose.ui.tooling)
                                                   ^ Unexpected symbol

  Line 081:     debugImplementation(libs.compose.ui.tooling)
                                                    ^ Unexpected symbol

  Line 081:     debugImplementation(libs.compose.ui.tooling)
                                                           ^ Unexpected symbol

  Line 084:     implementation(libs.core.ktx)
                ^ Unexpected symbol

  Line 084:     implementation(libs.core.ktx)
                              ^ Unexpected symbol

  Line 084:     implementation(libs.core.ktx)
                               ^ Unexpected symbol

  Line 084:     implementation(libs.core.ktx)
                                   ^ Unexpected symbol

  Line 084:     implementation(libs.core.ktx)
                                    ^ Unexpected symbol

  Line 084:     implementation(libs.core.ktx)
                                        ^ Unexpected symbol

  Line 084:     implementation(libs.core.ktx)
                                         ^ Unexpected symbol

  Line 084:     implementation(libs.core.ktx)
                                            ^ Unexpected symbol

  Line 085:     implementation(libs.activity.compose)
                ^ Unexpected symbol

  Line 085:     implementation(libs.activity.compose)
                              ^ Unexpected symbol

  Line 085:     implementation(libs.activity.compose)
                               ^ Unexpected symbol

  Line 085:     implementation(libs.activity.compose)
                                   ^ Unexpected symbol

  Line 085:     implementation(libs.activity.compose)
                                    ^ Unexpected symbol

  Line 085:     implementation(libs.activity.compose)
                                            ^ Unexpected symbol

  Line 085:     implementation(libs.activity.compose)
                                             ^ Unexpected symbol

  Line 085:     implementation(libs.activity.compose)
                                                    ^ Unexpected symbol

  Line 086:     implementation(libs.lifecycle.runtime)
                ^ Unexpected symbol

  Line 086:     implementation(libs.lifecycle.runtime)
                              ^ Unexpected symbol

  Line 086:     implementation(libs.lifecycle.runtime)
                               ^ Unexpected symbol

  Line 086:     implementation(libs.lifecycle.runtime)
                                   ^ Unexpected symbol

  Line 086:     implementation(libs.lifecycle.runtime)
                                    ^ Unexpected symbol

  Line 086:     implementation(libs.lifecycle.runtime)
                                             ^ Unexpected symbol

  Line 086:     implementation(libs.lifecycle.runtime)
                                              ^ Unexpected symbol

  Line 086:     implementation(libs.lifecycle.runtime)
                                                     ^ Unexpected symbol

  Line 087:     implementation(libs.lifecycle.viewmodel)
                ^ Unexpected symbol

  Line 087:     implementation(libs.lifecycle.viewmodel)
                              ^ Unexpected symbol

  Line 087:     implementation(libs.lifecycle.viewmodel)
                               ^ Unexpected symbol

  Line 087:     implementation(libs.lifecycle.viewmodel)
                                   ^ Unexpected symbol

  Line 087:     implementation(libs.lifecycle.viewmodel)
                                    ^ Unexpected symbol

  Line 087:     implementation(libs.lifecycle.viewmodel)
                                             ^ Unexpected symbol

  Line 087:     implementation(libs.lifecycle.viewmodel)
                                              ^ Unexpected symbol

  Line 087:     implementation(libs.lifecycle.viewmodel)
                                                       ^ Unexpected symbol

  Line 090:     implementation(libs.media3.exoplayer)
                ^ Unexpected symbol

  Line 090:     implementation(libs.media3.exoplayer)
                              ^ Unexpected symbol

  Line 090:     implementation(libs.media3.exoplayer)
                               ^ Unexpected symbol

  Line 090:     implementation(libs.media3.exoplayer)
                                   ^ Unexpected symbol

  Line 090:     implementation(libs.media3.exoplayer)
                                    ^ Unexpected symbol

  Line 090:     implementation(libs.media3.exoplayer)
                                          ^ Unexpected symbol

  Line 090:     implementation(libs.media3.exoplayer)
                                           ^ Unexpected symbol

  Line 090:     implementation(libs.media3.exoplayer)
                                                    ^ Unexpected symbol

  Line 091:     implementation(libs.media3.session)
                ^ Unexpected symbol

  Line 091:     implementation(libs.media3.session)
                              ^ Unexpected symbol

  Line 091:     implementation(libs.media3.session)
                               ^ Unexpected symbol

  Line 091:     implementation(libs.media3.session)
                                   ^ Unexpected symbol

  Line 091:     implementation(libs.media3.session)
                                    ^ Unexpected symbol

  Line 091:     implementation(libs.media3.session)
                                          ^ Unexpected symbol

  Line 091:     implementation(libs.media3.session)
                                           ^ Unexpected symbol

  Line 091:     implementation(libs.media3.session)
                                                  ^ Unexpected symbol

  Line 092:     implementation(libs.media3.common)
                ^ Unexpected symbol

  Line 092:     implementation(libs.media3.common)
                              ^ Unexpected symbol

  Line 092:     implementation(libs.media3.common)
                               ^ Unexpected symbol

  Line 092:     implementation(libs.media3.common)
                                   ^ Unexpected symbol

  Line 092:     implementation(libs.media3.common)
                                    ^ Unexpected symbol

  Line 092:     implementation(libs.media3.common)
                                          ^ Unexpected symbol

  Line 092:     implementation(libs.media3.common)
                                           ^ Unexpected symbol

  Line 092:     implementation(libs.media3.common)
                                                 ^ Unexpected symbol

  Line 095:     implementation(libs.hilt.android)
                ^ Unexpected symbol

  Line 095:     implementation(libs.hilt.android)
                              ^ Unexpected symbol

  Line 095:     implementation(libs.hilt.android)
                               ^ Unexpected symbol

  Line 095:     implementation(libs.hilt.android)
                                   ^ Unexpected symbol

  Line 095:     implementation(libs.hilt.android)
                                    ^ Unexpected symbol

  Line 095:     implementation(libs.hilt.android)
                                        ^ Unexpected symbol

  Line 095:     implementation(libs.hilt.android)
                                         ^ Unexpected symbol

  Line 095:     implementation(libs.hilt.android)
                                                ^ Unexpected symbol

  Line 096:     ksp(libs.hilt.compiler)
                ^ Unexpected symbol

  Line 096:     ksp(libs.hilt.compiler)
                   ^ Unexpected symbol

  Line 096:     ksp(libs.hilt.compiler)
                    ^ Unexpected symbol

  Line 096:     ksp(libs.hilt.compiler)
                        ^ Unexpected symbol

  Line 096:     ksp(libs.hilt.compiler)
                         ^ Unexpected symbol

  Line 096:     ksp(libs.hilt.compiler)
                             ^ Unexpected symbol

  Line 096:     ksp(libs.hilt.compiler)
                              ^ Unexpected symbol

  Line 096:     ksp(libs.hilt.compiler)
                                      ^ Unexpected symbol

  Line 097:     implementation(libs.hilt.navigation)
                ^ Unexpected symbol

  Line 097:     implementation(libs.hilt.navigation)
                              ^ Unexpected symbol

  Line 097:     implementation(libs.hilt.navigation)
                               ^ Unexpected symbol

  Line 097:     implementation(libs.hilt.navigation)
                                   ^ Unexpected symbol

  Line 097:     implementation(libs.hilt.navigation)
                                    ^ Unexpected symbol

  Line 097:     implementation(libs.hilt.navigation)
                                        ^ Unexpected symbol

  Line 097:     implementation(libs.hilt.navigation)
                                         ^ Unexpected symbol

  Line 097:     implementation(libs.hilt.navigation)
                                                   ^ Unexpected symbol

  Line 100:     implementation(libs.room.runtime)
                ^ Unexpected symbol

  Line 100:     implementation(libs.room.runtime)
                              ^ Unexpected symbol

  Line 100:     implementation(libs.room.runtime)
                               ^ Unexpected symbol

  Line 100:     implementation(libs.room.runtime)
                                   ^ Unexpected symbol

  Line 100:     implementation(libs.room.runtime)
                                    ^ Unexpected symbol

  Line 100:     implementation(libs.room.runtime)
                                        ^ Unexpected symbol

  Line 100:     implementation(libs.room.runtime)
                                         ^ Unexpected symbol

  Line 100:     implementation(libs.room.runtime)
                                                ^ Unexpected symbol

  Line 101:     implementation(libs.room.ktx)
                ^ Unexpected symbol

  Line 101:     implementation(libs.room.ktx)
                              ^ Unexpected symbol

  Line 101:     implementation(libs.room.ktx)
                               ^ Unexpected symbol

  Line 101:     implementation(libs.room.ktx)
                                   ^ Unexpected symbol

  Line 101:     implementation(libs.room.ktx)
                                    ^ Unexpected symbol

  Line 101:     implementation(libs.room.ktx)
                                        ^ Unexpected symbol

  Line 101:     implementation(libs.room.ktx)
                                         ^ Unexpected symbol

  Line 101:     implementation(libs.room.ktx)
                                            ^ Unexpected symbol

  Line 102:     ksp(libs.room.compiler)
                ^ Unexpected symbol

  Line 102:     ksp(libs.room.compiler)
                   ^ Unexpected symbol

  Line 102:     ksp(libs.room.compiler)
                    ^ Unexpected symbol

  Line 102:     ksp(libs.room.compiler)
                        ^ Unexpected symbol

  Line 102:     ksp(libs.room.compiler)
                         ^ Unexpected symbol

  Line 102:     ksp(libs.room.compiler)
                             ^ Unexpected symbol

  Line 102:     ksp(libs.room.compiler)
                              ^ Unexpected symbol

  Line 102:     ksp(libs.room.compiler)
                                      ^ Unexpected symbol

  Line 103:     implementation(libs.datastore.preferences)
                ^ Unexpected symbol

  Line 103:     implementation(libs.datastore.preferences)
                              ^ Unexpected symbol

  Line 103:     implementation(libs.datastore.preferences)
                               ^ Unexpected symbol

  Line 103:     implementation(libs.datastore.preferences)
                                   ^ Unexpected symbol

  Line 103:     implementation(libs.datastore.preferences)
                                    ^ Unexpected symbol

  Line 103:     implementation(libs.datastore.preferences)
                                             ^ Unexpected symbol

  Line 103:     implementation(libs.datastore.preferences)
                                              ^ Unexpected symbol

  Line 103:     implementation(libs.datastore.preferences)
                                                         ^ Unexpected symbol

  Line 106:     implementation(libs.timber)
                ^ Unexpected symbol

  Line 106:     implementation(libs.timber)
                              ^ Unexpected symbol

  Line 106:     implementation(libs.timber)
                               ^ Unexpected symbol

  Line 106:     implementation(libs.timber)
                                   ^ Unexpected symbol

  Line 106:     implementation(libs.timber)
                                    ^ Unexpected symbol

  Line 106:     implementation(libs.timber)
                                          ^ Unexpected symbol

  Line 109:     implementation(libs.kotlinx.serialization.json)
                ^ Unexpected symbol

  Line 109:     implementation(libs.kotlinx.serialization.json)
                              ^ Unexpected symbol

  Line 109:     implementation(libs.kotlinx.serialization.json)
                               ^ Unexpected symbol

  Line 109:     implementation(libs.kotlinx.serialization.json)
                                   ^ Unexpected symbol

  Line 109:     implementation(libs.kotlinx.serialization.json)
                                    ^ Unexpected symbol

  Line 109:     implementation(libs.kotlinx.serialization.json)
                                           ^ Unexpected symbol

  Line 109:     implementation(libs.kotlinx.serialization.json)
                                            ^ Unexpected symbol

  Line 109:     implementation(libs.kotlinx.serialization.json)
                                                         ^ Unexpected symbol

  Line 109:     implementation(libs.kotlinx.serialization.json)
                                                          ^ Unexpected symbol

  Line 109:     implementation(libs.kotlinx.serialization.json)
                                                              ^ Unexpected symbol

  Line 110:     implementation(libs.kotlinx.coroutines)
                ^ Unexpected symbol

  Line 110:     implementation(libs.kotlinx.coroutines)
                              ^ Unexpected symbol

  Line 110:     implementation(libs.kotlinx.coroutines)
                               ^ Unexpected symbol

  Line 110:     implementation(libs.kotlinx.coroutines)
                                   ^ Unexpected symbol

  Line 110:     implementation(libs.kotlinx.coroutines)
                                    ^ Unexpected symbol

  Line 110:     implementation(libs.kotlinx.coroutines)
                                           ^ Unexpected symbol

  Line 110:     implementation(libs.kotlinx.coroutines)
                                            ^ Unexpected symbol

  Line 110:     implementation(libs.kotlinx.coroutines)
                                                      ^ Unexpected symbol

  Line 113:     implementation(libs.coil.compose)
                ^ Unexpected symbol

  Line 113:     implementation(libs.coil.compose)
                              ^ Unexpected symbol

  Line 113:     implementation(libs.coil.compose)
                               ^ Unexpected symbol

  Line 113:     implementation(libs.coil.compose)
                                   ^ Unexpected symbol

  Line 113:     implementation(libs.coil.compose)
                                    ^ Unexpected symbol

  Line 113:     implementation(libs.coil.compose)
                                        ^ Unexpected symbol

  Line 113:     implementation(libs.coil.compose)
                                         ^ Unexpected symbol

  Line 113:     implementation(libs.coil.compose)
                                                ^ Unexpected symbol

  Line 114:     implementation(libs.coil.network.okhttp)
                ^ Unexpected symbol

  Line 114:     implementation(libs.coil.network.okhttp)
                              ^ Unexpected symbol

  Line 114:     implementation(libs.coil.network.okhttp)
                               ^ Unexpected symbol

  Line 114:     implementation(libs.coil.network.okhttp)
                                   ^ Unexpected symbol

  Line 114:     implementation(libs.coil.network.okhttp)
                                    ^ Unexpected symbol

  Line 114:     implementation(libs.coil.network.okhttp)
                                        ^ Unexpected symbol

  Line 114:     implementation(libs.coil.network.okhttp)
                                         ^ Unexpected symbol

  Line 114:     implementation(libs.coil.network.okhttp)
                                                ^ Unexpected symbol

  Line 114:     implementation(libs.coil.network.okhttp)
                                                 ^ Unexpected symbol

  Line 114:     implementation(libs.coil.network.okhttp)
                                                       ^ Unexpected symbol

  Line 117:     implementation(libs.okhttp)
                ^ Unexpected symbol

  Line 117:     implementation(libs.okhttp)
                              ^ Unexpected symbol

  Line 117:     implementation(libs.okhttp)
                               ^ Unexpected symbol

  Line 117:     implementation(libs.okhttp)
                                   ^ Unexpected symbol

  Line 117:     implementation(libs.okhttp)
                                    ^ Unexpected symbol

  Line 117:     implementation(libs.okhttp)
                                          ^ Unexpected symbol

  Line 118:     implementation(libs.retrofit)
                ^ Unexpected symbol

  Line 118:     implementation(libs.retrofit)
                              ^ Unexpected symbol

  Line 118:     implementation(libs.retrofit)
                               ^ Unexpected symbol

  Line 118:     implementation(libs.retrofit)
                                   ^ Unexpected symbol

  Line 118:     implementation(libs.retrofit)
                                    ^ Unexpected symbol

  Line 118:     implementation(libs.retrofit)
                                            ^ Unexpected symbol

  Line 119:     implementation(libs.retrofit.kotlinx)
                ^ Unexpected symbol

  Line 119:     implementation(libs.retrofit.kotlinx)
                              ^ Unexpected symbol

  Line 119:     implementation(libs.retrofit.kotlinx)
                               ^ Unexpected symbol

  Line 119:     implementation(libs.retrofit.kotlinx)
                                   ^ Unexpected symbol

  Line 119:     implementation(libs.retrofit.kotlinx)
                                    ^ Unexpected symbol

  Line 119:     implementation(libs.retrofit.kotlinx)
                                            ^ Unexpected symbol

  Line 119:     implementation(libs.retrofit.kotlinx)
                                             ^ Unexpected symbol

  Line 119:     implementation(libs.retrofit.kotlinx)
                                                    ^ Unexpected symbol

  Line 120: }
            ^ Unexpected symbol

255 errors

* Try:
> Run with --stacktrace option to get the stack trace.
> Run with --info or --debug option to get more log output.
> Run with --scan to get full insights from a Build Scan (powered by Develocity).
> Get more help at https://help.gradle.org.

BUILD FAILED in 3s
[INFO]           Found kotlinc at /usr/bin/kotlinc
[INFO]           Could not resolve kotlin-stdlib using Maven: Cannot invoke "java.nio.file.Path.getFileSystem()" because "path" is null
[INFO]           Successfully resolved kotlin-stdlib using Gradle to /home/dae/.gradle/caches/modules-2/files-2.1/org.jetbrains.kotlin/kotlin-stdlib/2.4.0/4e9f4b531dce5c7dee58ed2de9a8b9a763c8dc6c/kotlin-stdlib-2.4.0.jar
[INFO] debounce0 compileAndUpdate: compilation complete
[INFO] debounce0 compileFiles: 1 files in lint set, 1 detected as changed (forceFresh=false)
[INFO] debounce0 Rebuilding dependency index with 52 files
[INFO] debounce0 Building dependency index with 52 files
[INFO] debounce0 Dependency index built: 33 packages, 394 import relationships
[INFO] debounce0 filesInPackageOrImporting(dev.vz.ljod.ui.lyrics) -> 2 results (2 in package, 0 importing)
[INFO] debounce0 compileAndUpdate: compiling 2 files: [file:///home/dae/Work/VZ/Ljod/app/src/main/java/dev/vz/ljod/ui/lyrics/LyricsScreen.kt, file:///home/dae/Work/VZ/Ljod/app/src/main/java/dev/vz/ljod/ui/lyrics/LyricsSearchScreen.kt]
[INFO] debounce0 compileAndUpdate: compilation complete
[INFO] debounce0 compileFiles: 1 files in lint set, 0 detected as changed (forceFresh=false)
[INFO] debounce0 compileFiles: 1 files in lint set, 1 detected as changed (forceFresh=false)
[INFO] debounce0 Rebuilding dependency index with 52 files
[INFO] debounce0 Building dependency index with 52 files
[INFO] debounce0 Dependency index built: 33 packages, 394 import relationships
[INFO] debounce0 filesInPackageOrImporting(dev.vz.ljod.ui.metadata) -> 1 results (1 in package, 0 importing)
[INFO] debounce0 compileAndUpdate: compiling 1 files: [file:///home/dae/Work/VZ/Ljod/app/src/main/java/dev/vz/ljod/ui/metadata/MetadataEditScreen.kt]
[INFO] debounce0 compileAndUpdate: compilation complete
[INFO] debounce0 compileFiles: 1 files in lint set, 1 detected as changed (forceFresh=false)
[INFO] debounce0 Rebuilding dependency index with 52 files
[INFO] debounce0 Building dependency index with 52 files
[INFO] debounce0 Dependency index built: 33 packages, 394 import relationships
[INFO] debounce0 filesInPackageOrImporting(dev.vz.ljod.ui.shell) -> 3 results (3 in package, 0 importing)
[INFO] debounce0 compileAndUpdate: compiling 3 files: [file:///home/dae/Work/VZ/Ljod/app/src/main/java/dev/vz/ljod/ui/shell/MainScaffold.kt, file:///home/dae/Work/VZ/Ljod/app/src/main/java/dev/vz/ljod/ui/shell/BottomNav.kt, file:///home/dae/Work/VZ/Ljod/app/src/main/java/dev/vz/ljod/ui/shell/MiniPlayerBar.kt]
[INFO] debounce0 compileAndUpdate: compilation complete
[INFO] debounce0 compileFiles: 1 files in lint set, 0 detected as changed (forceFresh=false)
[INFO] debounce0 compileFiles: 1 files in lint set, 0 detected as changed (forceFresh=false)
[INFO] debounce0 compileFiles: 1 files in lint set, 1 detected as changed (forceFresh=false)
[INFO] debounce0 Rebuilding dependency index with 52 files
[INFO] debounce0 Building dependency index with 52 files
[INFO] debounce0 Dependency index built: 33 packages, 394 import relationships
[INFO] debounce0 filesInPackageOrImporting(dev.vz.ljod.ui.search) -> 1 results (1 in package, 0 importing)
[INFO] debounce0 compileAndUpdate: compiling 1 files: [file:///home/dae/Work/VZ/Ljod/app/src/main/java/dev/vz/ljod/ui/search/SearchScreen.kt]
[INFO] debounce0 compileAndUpdate: compilation complete
[INFO] debounce0 compileFiles: 1 files in lint set, 1 detected as changed (forceFresh=false)
[INFO] debounce0 Rebuilding dependency index with 52 files
[INFO] debounce0 Building dependency index with 52 files
[INFO] debounce0 Dependency index built: 33 packages, 394 import relationships
[INFO] debounce0 filesInPackageOrImporting(dev.vz.ljod.ui.favorites) -> 1 results (1 in package, 0 importing)
[INFO] debounce0 compileAndUpdate: compiling 1 files: [file:///home/dae/Work/VZ/Ljod/app/src/main/java/dev/vz/ljod/ui/favorites/FavoritesScreen.kt]
[INFO] debounce0 compileAndUpdate: compilation complete
[INFO] debounce0 compileFiles: 1 files in lint set, 1 detected as changed (forceFresh=false)
[INFO] debounce0 Rebuilding dependency index with 52 files
[INFO] debounce0 Building dependency index with 52 files
[INFO] debounce0 Dependency index built: 33 packages, 394 import relationships
[INFO] debounce0 filesInPackageOrImporting(dev.vz.ljod.ui.album) -> 1 results (1 in package, 0 importing)
[INFO] debounce0 compileAndUpdate: compiling 1 files: [file:///home/dae/Work/VZ/Ljod/app/src/main/java/dev/vz/ljod/ui/album/AlbumDetailScreen.kt]
[INFO] debounce0 compileAndUpdate: compilation complete
[INFO] debounce0 compileFiles: 1 files in lint set, 1 detected as changed (forceFresh=false)
[INFO] debounce0 Rebuilding dependency index with 52 files
[INFO] debounce0 Building dependency index with 52 files
[INFO] debounce0 Dependency index built: 33 packages, 394 import relationships
[INFO] debounce0 filesInPackageOrImporting(dev.vz.ljod.ui.artist) -> 1 results (1 in package, 0 importing)
[INFO] debounce0 compileAndUpdate: compiling 1 files: [file:///home/dae/Work/VZ/Ljod/app/src/main/java/dev/vz/ljod/ui/artist/ArtistDetailScreen.kt]
[INFO] debounce0 compileAndUpdate: compilation complete
[INFO] debounce0 compileFiles: 1 files in lint set, 1 detected as changed (forceFresh=false)
[INFO] debounce0 Rebuilding dependency index with 52 files
[INFO] debounce0 Building dependency index with 52 files
[INFO] debounce0 Dependency index built: 33 packages, 394 import relationships
[INFO] debounce0 filesInPackageOrImporting(dev.vz.ljod.ui.playlist) -> 1 results (1 in package, 0 importing)
[INFO] debounce0 compileAndUpdate: compiling 1 files: [file:///home/dae/Work/VZ/Ljod/app/src/main/java/dev/vz/ljod/ui/playlist/PlaylistDetailScreen.kt]
[INFO] debounce0 compileAndUpdate: compilation complete
[INFO] debounce0 compileFiles: 1 files in lint set, 1 detected as changed (forceFresh=false)
[INFO] debounce0 Rebuilding dependency index with 52 files
[INFO] debounce0 Building dependency index with 52 files
[INFO] debounce0 Dependency index built: 33 packages, 394 import relationships
[INFO] debounce0 filesInPackageOrImporting(dev.vz.ljod.ui.queue) -> 1 results (1 in package, 0 importing)
[INFO] debounce0 compileAndUpdate: compiling 1 files: [file:///home/dae/Work/VZ/Ljod/app/src/main/java/dev/vz/ljod/ui/queue/QueueScreen.kt]
[INFO] debounce0 compileAndUpdate: compilation complete
[INFO] debounce0 compileFiles: 1 files in lint set, 1 detected as changed (forceFresh=false)
[INFO] debounce0 Rebuilding dependency index with 52 files
[INFO] debounce0 Building dependency index with 52 files
[INFO] debounce0 Dependency index built: 33 packages, 394 import relationships
[INFO] debounce0 filesInPackageOrImporting(dev.vz.ljod.ui.equalizer) -> 1 results (1 in package, 0 importing)
[INFO] debounce0 compileAndUpdate: compiling 1 files: [file:///home/dae/Work/VZ/Ljod/app/src/main/java/dev/vz/ljod/ui/equalizer/EqualizerScreen.kt]
[INFO] debounce0 compileAndUpdate: compilation complete
[INFO] debounce0 compileFiles: 1 files in lint set, 1 detected as changed (forceFresh=false)
[INFO] debounce0 Rebuilding dependency index with 52 files
[INFO] debounce0 Building dependency index with 52 files
[INFO] debounce0 Dependency index built: 33 packages, 394 import relationships
[INFO] debounce0 filesInPackageOrImporting(dev.vz.ljod.di) -> 2 results (2 in package, 0 importing)
[INFO] debounce0 compileAndUpdate: compiling 2 files: [file:///home/dae/Work/VZ/Ljod/app/src/main/java/dev/vz/ljod/di/AppModule.kt, file:///home/dae/Work/VZ/Ljod/app/src/main/java/dev/vz/ljod/di/DatabaseModule.kt]
[INFO] debounce0 compileAndUpdate: compilation complete
[INFO] debounce0 compileFiles: 1 files in lint set, 0 detected as changed (forceFresh=false)
[INFO] debounce0 compileFiles: 1 files in lint set, 1 detected as changed (forceFresh=false)
[INFO] debounce0 Rebuilding dependency index with 52 files
[INFO] debounce0 Building dependency index with 52 files
[INFO] debounce0 Dependency index built: 33 packages, 394 import relationships
[INFO] debounce0 filesInPackageOrImporting(dev.vz.ljod.widget) -> 1 results (1 in package, 0 importing)
[INFO] debounce0 compileAndUpdate: compiling 1 files: [file:///home/dae/Work/VZ/Ljod/app/src/main/java/dev/vz/ljod/widget/LjodWidget.kt]
[INFO] debounce0 compileAndUpdate: compilation complete
[INFO]           Updating full symbol index...
[INFO] debounce0 Linting .../app/build.gradle.kts
[INFO] debounce0 compileFiles: 1 files in lint set, 0 detected as changed (forceFresh=false)
[INFO] debounce0 doLint: got context with diagnostics, files=1
[INFO] debounce0 Converting diagnostic: MISSING_SCRIPT_STANDARD_TEMPLATE at 0-299 (severity: ERROR)
[INFO] debounce0 Converting diagnostic: MISSING_SCRIPT_STANDARD_TEMPLATE at 0-3475 (severity: ERROR)
[INFO] debounce0 Converting diagnostic: UNRESOLVED_REFERENCE at 20-24 (severity: ERROR)
[INFO] debounce0 Converting diagnostic: UNRESOLVED_REFERENCE at 14-19 (severity: ERROR)
[INFO] debounce0 Converting diagnostic: UNRESOLVED_REFERENCE at 76-80 (severity: ERROR)
[INFO] debounce0 Converting diagnostic: UNRESOLVED_REFERENCE at 70-75 (severity: ERROR)
[INFO] debounce0 Converting diagnostic: UNRESOLVED_REFERENCE at 127-131 (severity: ERROR)
[INFO] debounce0 Converting diagnostic: UNRESOLVED_REFERENCE at 121-126 (severity: ERROR)
[INFO] debounce0 Converting diagnostic: UNRESOLVED_REFERENCE at 184-188 (severity: ERROR)
[INFO] debounce0 Converting diagnostic: UNRESOLVED_REFERENCE at 178-183 (severity: ERROR)
[INFO] debounce0 Converting diagnostic: UNRESOLVED_REFERENCE at 224-228 (severity: ERROR)
[INFO] debounce0 Converting diagnostic: UNRESOLVED_REFERENCE at 218-223 (severity: ERROR)
[INFO] debounce0 Converting diagnostic: UNRESOLVED_REFERENCE at 265-269 (severity: ERROR)
[INFO] debounce0 Converting diagnostic: UNRESOLVED_REFERENCE at 259-264 (severity: ERROR)
[INFO] debounce0 Converting diagnostic: UNRESOLVED_REFERENCE at 0-7 (severity: ERROR)
[INFO] debounce0 Converting diagnostic: UNRESOLVED_REFERENCE at 20-24 (severity: ERROR)
[INFO] debounce0 Converting diagnostic: UNRESOLVED_REFERENCE at 14-19 (severity: ERROR)
[INFO] debounce0 Converting diagnostic: UNRESOLVED_REFERENCE at 64-68 (severity: ERROR)
[INFO] debounce0 Converting diagnostic: UNRESOLVED_REFERENCE at 58-63 (severity: ERROR)
[INFO] debounce0 Converting diagnostic: UNRESOLVED_REFERENCE at 103-107 (severity: ERROR)
[INFO] debounce0 Converting diagnostic: UNRESOLVED_REFERENCE at 97-102 (severity: ERROR)
[INFO] debounce0 Converting diagnostic: UNRESOLVED_REFERENCE at 148-152 (severity: ERROR)
[INFO] debounce0 Converting diagnostic: UNRESOLVED_REFERENCE at 142-147 (severity: ERROR)
[INFO] debounce0 Converting diagnostic: UNRESOLVED_REFERENCE at 176-180 (severity: ERROR)
[INFO] debounce0 Converting diagnostic: UNRESOLVED_REFERENCE at 170-175 (severity: ERROR)
[INFO] debounce0 Converting diagnostic: UNRESOLVED_REFERENCE at 205-209 (severity: ERROR)
[INFO] debounce0 Converting diagnostic: UNRESOLVED_REFERENCE at 199-204 (severity: ERROR)
[INFO] debounce0 Converting diagnostic: UNRESOLVED_REFERENCE at 0-7 (severity: ERROR)
[INFO] debounce0 Converting diagnostic: UNRESOLVED_REFERENCE at 242-248 (severity: ERROR)
[INFO] debounce0 Converting diagnostic: UNRESOLVED_REFERENCE at 264-271 (severity: ERROR)
[INFO] debounce0 Converting diagnostic: UNRESOLVED_REFERENCE at 257-261 (severity: ERROR)
[INFO] debounce0 Converting diagnostic: UNRESOLVED_REFERENCE at 304-326 (severity: ERROR)
[INFO] debounce0 Converting diagnostic: UNRESOLVED_REFERENCE at 338-346 (severity: ERROR)
[INFO] debounce0 Converting diagnostic: UNRESOLVED_REFERENCE at 229-235 (severity: ERROR)
[INFO] debounce0 Converting diagnostic: UNRESOLVED_REFERENCE at 372-381 (severity: ERROR)
[INFO] debounce0 Converting diagnostic: UNRESOLVED_REFERENCE at 402-412 (severity: ERROR)
[INFO] debounce0 Converting diagnostic: UNRESOLVED_REFERENCE at 447-460 (severity: ERROR)
[INFO] debounce0 Converting diagnostic: UNRESOLVED_REFERENCE at 485-491 (severity: ERROR)
[INFO] debounce0 Converting diagnostic: UNRESOLVED_REFERENCE at 505-514 (severity: ERROR)
[INFO] debounce0 Converting diagnostic: UNRESOLVED_REFERENCE at 528-539 (severity: ERROR)
[INFO] debounce0 Converting diagnostic: UNRESOLVED_REFERENCE at 552-563 (severity: ERROR)
[INFO] debounce0 Converting diagnostic: UNRESOLVED_REFERENCE at 583-608 (severity: ERROR)
[INFO] debounce0 Converting diagnostic: UNRESOLVED_REFERENCE at 423-436 (severity: ERROR)
[INFO] debounce0 Converting diagnostic: UNRESOLVED_REFERENCE at 705-720 (severity: ERROR)
[INFO] debounce0 Converting diagnostic: UNRESOLVED_REFERENCE at 685-690 (severity: ERROR)
[INFO] debounce0 Converting diagnostic: UNRESOLVED_REFERENCE at 769-784 (severity: ERROR)
[INFO] debounce0 Converting diagnostic: UNRESOLVED_REFERENCE at 804-821 (severity: ERROR)
[INFO] debounce0 Converting diagnostic: UNRESOLVED_REFERENCE at 872-894 (severity: ERROR)
[INFO] debounce0 Converting diagnostic: UNRESOLVED_REFERENCE at 841-854 (severity: ERROR)
[INFO] debounce0 Converting diagnostic: UNRESOLVED_REFERENCE at 992-1005 (severity: ERROR)
[INFO] debounce0 Converting diagnostic: UNRESOLVED_REFERENCE at 1008-1022 (severity: ERROR)
[INFO] debounce0 Converting diagnostic: UNRESOLVED_REFERENCE at 747-754 (severity: ERROR)
[INFO] debounce0 Converting diagnostic: UNRESOLVED_REFERENCE at 664-674 (severity: ERROR)
[INFO] debounce0 Converting diagnostic: UNRESOLVED_REFERENCE at 1093-1112 (severity: ERROR)
[INFO] debounce0 Converting diagnostic: UNRESOLVED_REFERENCE at 1115-1126 (severity: ERROR)
[INFO] debounce0 Converting diagnostic: UNRESOLVED_REFERENCE at 1146-1165 (severity: ERROR)
[INFO] debounce0 Converting diagnostic: UNRESOLVED_REFERENCE at 1168-1179 (severity: ERROR)
[INFO] debounce0 Converting diagnostic: UNRESOLVED_REFERENCE at 1068-1082 (severity: ERROR)
[INFO] debounce0 Converting diagnostic: UNRESOLVED_REFERENCE at 1226-1233 (severity: ERROR)
[INFO] debounce0 Converting diagnostic: UNRESOLVED_REFERENCE at 1249-1260 (severity: ERROR)
[INFO] debounce0 Converting diagnostic: UNRESOLVED_REFERENCE at 1202-1215 (severity: ERROR)
[INFO] debounce0 Converting diagnostic: UNRESOLVED_REFERENCE at 1294-1306 (severity: ERROR)
[INFO] debounce0 Converting diagnostic: UNRESOLVED_REFERENCE at 1322-1338 (severity: ERROR)
[INFO] debounce0 Converting diagnostic: UNRESOLVED_REFERENCE at 1279-1283 (severity: ERROR)
[INFO] debounce0 Converting diagnostic: UNRESOLVED_REFERENCE at 358-365 (severity: ERROR)
[INFO] debounce0 Converting diagnostic: UNRESOLVED_REFERENCE at 1412-1421 (severity: ERROR)
[INFO] debounce0 Converting diagnostic: UNRESOLVED_REFERENCE at 1424-1428 (severity: ERROR)
[INFO] debounce0 Converting diagnostic: UNRESOLVED_REFERENCE at 1504-1517 (severity: ERROR)
[INFO] debounce0 Converting diagnostic: UNRESOLVED_REFERENCE at 1575-1583 (severity: ERROR)
[INFO] debounce0 Converting diagnostic: UNRESOLVED_REFERENCE at 1643-1654 (severity: ERROR)
[INFO] debounce0 Converting diagnostic: UNRESOLVED_REFERENCE at 1380-1386 (severity: ERROR)
[INFO] debounce0 Converting diagnostic: UNRESOLVED_REFERENCE at 1355-1369 (severity: ERROR)
[INFO] debounce0 Converting diagnostic: UNRESOLVED_REFERENCE at 1781-1785 (severity: ERROR)
[INFO] debounce0 Converting diagnostic: UNRESOLVED_REFERENCE at 1772-1780 (severity: ERROR)
[INFO] debounce0 Converting diagnostic: UNRESOLVED_REFERENCE at 1803-1817 (severity: ERROR)
[INFO] debounce0 Converting diagnostic: UNRESOLVED_REFERENCE at 1849-1853 (severity: ERROR)
[INFO] debounce0 Converting diagnostic: UNRESOLVED_REFERENCE at 1834-1848 (severity: ERROR)
[INFO] debounce0 Converting diagnostic: UNRESOLVED_REFERENCE at 1885-1889 (severity: ERROR)
[INFO] debounce0 Converting diagnostic: UNRESOLVED_REFERENCE at 1870-1884 (severity: ERROR)
[INFO] debounce0 Converting diagnostic: UNRESOLVED_REFERENCE at 1930-1934 (severity: ERROR)
[INFO] debounce0 Converting diagnostic: UNRESOLVED_REFERENCE at 1915-1929 (severity: ERROR)
[INFO] debounce0 Converting diagnostic: UNRESOLVED_REFERENCE at 1973-1977 (severity: ERROR)
[INFO] debounce0 Converting diagnostic: UNRESOLVED_REFERENCE at 1958-1972 (severity: ERROR)
[INFO] debounce0 Converting diagnostic: UNRESOLVED_REFERENCE at 2021-2025 (severity: ERROR)
[INFO] debounce0 Converting diagnostic: UNRESOLVED_REFERENCE at 2006-2020 (severity: ERROR)
[INFO] debounce0 Converting diagnostic: UNRESOLVED_REFERENCE at 2064-2068 (severity: ERROR)
[INFO] debounce0 Converting diagnostic: UNRESOLVED_REFERENCE at 2049-2063 (severity: ERROR)
[INFO] debounce0 Converting diagnostic: UNRESOLVED_REFERENCE at 2113-2117 (severity: ERROR)
[INFO] debounce0 Converting diagnostic: UNRESOLVED_REFERENCE at 2093-2112 (severity: ERROR)
[INFO] debounce0 Converting diagnostic: UNRESOLVED_REFERENCE at 2170-2174 (severity: ERROR)
[INFO] debounce0 Converting diagnostic: UNRESOLVED_REFERENCE at 2155-2169 (severity: ERROR)
[INFO] debounce0 Converting diagnostic: UNRESOLVED_REFERENCE at 2204-2208 (severity: ERROR)
[INFO] debounce0 Converting diagnostic: UNRESOLVED_REFERENCE at 2189-2203 (severity: ERROR)
[INFO] debounce0 Converting diagnostic: UNRESOLVED_REFERENCE at 2246-2250 (severity: ERROR)
[INFO] debounce0 Converting diagnostic: UNRESOLVED_REFERENCE at 2231-2245 (severity: ERROR)
[INFO] debounce0 Converting diagnostic: UNRESOLVED_REFERENCE at 2289-2293 (severity: ERROR)
[INFO] debounce0 Converting diagnostic: UNRESOLVED_REFERENCE at 2274-2288 (severity: ERROR)
[INFO] debounce0 Converting diagnostic: UNRESOLVED_REFERENCE at 2349-2353 (severity: ERROR)
[INFO] debounce0 Converting diagnostic: UNRESOLVED_REFERENCE at 2334-2348 (severity: ERROR)
[INFO] debounce0 Converting diagnostic: UNRESOLVED_REFERENCE at 2391-2395 (severity: ERROR)
[INFO] debounce0 Converting diagnostic: UNRESOLVED_REFERENCE at 2376-2390 (severity: ERROR)
[INFO] debounce0 Converting diagnostic: UNRESOLVED_REFERENCE at 2431-2435 (severity: ERROR)
[INFO] debounce0 Converting diagnostic: UNRESOLVED_REFERENCE at 2416-2430 (severity: ERROR)
[INFO] debounce0 Converting diagnostic: UNRESOLVED_REFERENCE at 2481-2485 (severity: ERROR)
[INFO] debounce0 Converting diagnostic: UNRESOLVED_REFERENCE at 2466-2480 (severity: ERROR)
[INFO] debounce0 Converting diagnostic: UNRESOLVED_REFERENCE at 2508-2512 (severity: ERROR)
[INFO] debounce0 Converting diagnostic: UNRESOLVED_REFERENCE at 2504-2507 (severity: ERROR)
[INFO] debounce0 Converting diagnostic: UNRESOLVED_REFERENCE at 2547-2551 (severity: ERROR)
[INFO] debounce0 Converting diagnostic: UNRESOLVED_REFERENCE at 2532-2546 (severity: ERROR)
[INFO] debounce0 Converting diagnostic: UNRESOLVED_REFERENCE at 2608-2612 (severity: ERROR)
[INFO] debounce0 Converting diagnostic: UNRESOLVED_REFERENCE at 2593-2607 (severity: ERROR)
[INFO] debounce0 Converting diagnostic: UNRESOLVED_REFERENCE at 2646-2650 (severity: ERROR)
[INFO] debounce0 Converting diagnostic: UNRESOLVED_REFERENCE at 2631-2645 (severity: ERROR)
[INFO] debounce0 Converting diagnostic: UNRESOLVED_REFERENCE at 2669-2673 (severity: ERROR)
[INFO] debounce0 Converting diagnostic: UNRESOLVED_REFERENCE at 2665-2668 (severity: ERROR)
[INFO] debounce0 Converting diagnostic: UNRESOLVED_REFERENCE at 2708-2712 (severity: ERROR)
[INFO] debounce0 Converting diagnostic: UNRESOLVED_REFERENCE at 2693-2707 (severity: ERROR)
[INFO] debounce0 Converting diagnostic: UNRESOLVED_REFERENCE at 2771-2775 (severity: ERROR)
[INFO] debounce0 Converting diagnostic: UNRESOLVED_REFERENCE at 2756-2770 (severity: ERROR)
[INFO] debounce0 Converting diagnostic: UNRESOLVED_REFERENCE at 2838-2842 (severity: ERROR)
[INFO] debounce0 Converting diagnostic: UNRESOLVED_REFERENCE at 2823-2837 (severity: ERROR)
[INFO] debounce0 Converting diagnostic: UNRESOLVED_REFERENCE at 2890-2894 (severity: ERROR)
[INFO] debounce0 Converting diagnostic: UNRESOLVED_REFERENCE at 2875-2889 (severity: ERROR)
[INFO] debounce0 Converting diagnostic: UNRESOLVED_REFERENCE at 2956-2960 (severity: ERROR)
[INFO] debounce0 Converting diagnostic: UNRESOLVED_REFERENCE at 2941-2955 (severity: ERROR)
[INFO] debounce0 Converting diagnostic: UNRESOLVED_REFERENCE at 2994-2998 (severity: ERROR)
[INFO] debounce0 Converting diagnostic: UNRESOLVED_REFERENCE at 2979-2993 (severity: ERROR)
[INFO] debounce0 Converting diagnostic: UNRESOLVED_REFERENCE at 3055-3059 (severity: ERROR)
[INFO] debounce0 Converting diagnostic: UNRESOLVED_REFERENCE at 3040-3054 (severity: ERROR)
[INFO] debounce0 Converting diagnostic: UNRESOLVED_REFERENCE at 3087-3091 (severity: ERROR)
[INFO] debounce0 Converting diagnostic: UNRESOLVED_REFERENCE at 3072-3086 (severity: ERROR)
[INFO] debounce0 Converting diagnostic: UNRESOLVED_REFERENCE at 3121-3125 (severity: ERROR)
[INFO] debounce0 Converting diagnostic: UNRESOLVED_REFERENCE at 3106-3120 (severity: ERROR)
[INFO] debounce0 Converting diagnostic: UNRESOLVED_REFERENCE at 1715-1727 (severity: ERROR)
[INFO] debounce0 Converting diagnostic: UNRESOLVED_REFERENCE at 3197-3206 (severity: ERROR)
[INFO] debounce0 Converting diagnostic: UNRESOLVED_REFERENCE at 3209-3213 (severity: ERROR)
[INFO] debounce0 Converting diagnostic: UNRESOLVED_REFERENCE at 3285-3298 (severity: ERROR)
[INFO] debounce0 Converting diagnostic: UNRESOLVED_REFERENCE at 3352-3360 (severity: ERROR)
[INFO] debounce0 Converting diagnostic: UNRESOLVED_REFERENCE at 3416-3427 (severity: ERROR)
[INFO] debounce0 Converting diagnostic: UNRESOLVED_REFERENCE at 3169-3175 (severity: ERROR)
[INFO] debounce0 Converting diagnostic: UNRESOLVED_REFERENCE at 3148-3162 (severity: ERROR)
[INFO] debounce0 Semantic diagnostics: 141
[INFO] debounce0 Parser diagnostics: 0
[INFO] debounce0 Total diagnostics after filtering: 141
[INFO] debounce0 Ignore 14 diagnostics in .../Ljod/build.gradle.kts because it's not open
[INFO] debounce0 Ignore 127 diagnostics in .../app/build.gradle.kts because it's not open
[ERROR] async     TOOLING API: Error fetching model: Could not fetch model of type 'EclipseProject' using connection to Gradle distribution 'https://services.gradle.org/distributions/gradle-9.7.1-bin.zip'.
[ERROR] async     TOOLING API: EXCEPTION during resolution for /home/dae/Work/VZ/Ljod: Could not fetch model of type 'EclipseProject' using connection to Gradle distribution 'https://services.gradle.org/distributions/gradle-9.7.1-bin.zip'.
[WARN] async     TOOLING API: Falling back to CLI for /home/dae/Work/VZ/Ljod
[ERROR] async     CLI: Gradle task FAILED: e: file:///home/dae/Work/VZ/Ljod/app/build.gradle.kts:69:1: Unexpected symbol
e: file:///home/dae/Work/VZ/Ljod/app/build.gradle.kts:71:1: Unexpected symbol
e: file:///home/dae/Work/VZ/Ljod/app/build.gradle.kts:71:14: Unexpected symbol
e: file:///home/dae/Work/VZ/Ljod/app/build.gradle.kts:73:5: Unexpected symbol
e: file:///home/dae/Work/VZ/Ljod/app/build.gradle.kts:73:9: Unexpected symbol
e: file:///home/dae/Work/VZ/Ljod/app/build.gradle.kts:73:20: Unexpected symbol
e: file:///home/dae/Work/VZ/Ljod/app/build.gradle.kts:73:22: Unexpected symbol
e: file:///home/dae/Work/VZ/Ljod/app/build.gradle.kts:73:30: Unexpected symbol
e: file:///home/dae/Work/VZ/Ljod/app/build.gradle.kts:73:31: Unexpected symbol
e: file:///home/dae/Work/VZ/Ljod/app/build.gradle.kts:73:35: Unexpected symbol
e: file:///home/dae/Work/VZ/Ljod/app/build.gradle.kts:73:36: Unexpected symbol
e: file:///home/dae/Work/VZ/Ljod/app/build.gradle.kts:73:43: Unexpected symbol
e: file:///home/dae/Work/VZ/Ljod/app/build.gradle.kts:73:44: Unexpected symbol
e: file:///home/dae/Work/VZ/Ljod/app/build.gradle.kts:73:47: Unexpected symbol
e: file:///home/dae/Work/VZ/Ljod/app/build.gradle.kts:74:5: Unexpected symbol
e: file:///home/dae/Work/VZ/Ljod/app/build.gradle.kts:74:19: Unexpected symbol
e: file:///home/dae/Work/VZ/Ljod/app/build.gradle.kts:74:20: Unexpected symbol
e: file:///home/dae/Work/VZ/Ljod/app/build.gradle.kts:74:30: Unexpected symbol
e: file:///home/dae/Work/VZ/Ljod/app/build.gradle.kts:75:5: Unexpected symbol
e: file:///home/dae/Work/VZ/Ljod/app/build.gradle.kts:75:19: Unexpected symbol
e: file:///home/dae/Work/VZ/Ljod/app/build.gradle.kts:75:20: Unexpected symbol
e: file:///home/dae/Work/VZ/Ljod/app/build.gradle.kts:75:24: Unexpected symbol
e: file:///home/dae/Work/VZ/Ljod/app/build.gradle.kts:75:25: Unexpected symbol
e: file:///home/dae/Work/VZ/Ljod/app/build.gradle.kts:75:32: Unexpected symbol
e: file:///home/dae/Work/VZ/Ljod/app/build.gradle.kts:75:33: Unexpected symbol
e: file:///home/dae/Work/VZ/Ljod/app/build.gradle.kts:75:35: Unexpected symbol
e: file:///home/dae/Work/VZ/Ljod/app/build.gradle.kts:76:5: Unexpected symbol
e: file:///home/dae/Work/VZ/Ljod/app/build.gradle.kts:76:19: Unexpected symbol
e: file:///home/dae/Work/VZ/Ljod/app/build.gradle.kts:76:20: Unexpected symbol
e: file:///home/dae/Work/VZ/Ljod/app/build.gradle.kts:76:24: Unexpected symbol
e: file:///home/dae/Work/VZ/Ljod/app/build.gradle.kts:76:25: Unexpected symbol
e: file:///home/dae/Work/VZ/Ljod/app/build.gradle.kts:76:32: Unexpected symbol
e: file:///home/dae/Work/VZ/Ljod/app/build.gradle.kts:76:33: Unexpected symbol
e: file:///home/dae/Work/VZ/Ljod/app/build.gradle.kts:76:35: Unexpected symbol
e: file:///home/dae/Work/VZ/Ljod/app/build.gradle.kts:76:36: Unexpected symbol
e: file:///home/dae/Work/VZ/Ljod/app/build.gradle.kts:76:44: Unexpected symbol
e: file:///home/dae/Work/VZ/Ljod/app/build.gradle.kts:77:5: Unexpected symbol
e: file:///home/dae/Work/VZ/Ljod/app/build.gradle.kts:77:19: Unexpected symbol
e: file:///home/dae/Work/VZ/Ljod/app/build.gradle.kts:77:20: Unexpected symbol
e: file:///home/dae/Work/VZ/Ljod/app/build.gradle.kts:77:24: Unexpected symbol
e: file:///home/dae/Work/VZ/Ljod/app/build.gradle.kts:77:25: Unexpected symbol
e: file:///home/dae/Work/VZ/Ljod/app/build.gradle.kts:77:32: Unexpected symbol
e: file:///home/dae/Work/VZ/Ljod/app/build.gradle.kts:77:33: Unexpected symbol
e: file:///home/dae/Work/VZ/Ljod/app/build.gradle.kts:77:42: Unexpected symbol
e: file:///home/dae/Work/VZ/Ljod/app/build.gradle.kts:78:5: Unexpected symbol
e: file:///home/dae/Work/VZ/Ljod/app/build.gradle.kts:78:19: Unexpected symbol
e: file:///home/dae/Work/VZ/Ljod/app/build.gradle.kts:78:20: Unexpected symbol
e: file:///home/dae/Work/VZ/Ljod/app/build.gradle.kts:78:24: Unexpected symbol
e: file:///home/dae/Work/VZ/Ljod/app/build.gradle.kts:78:25: Unexpected symbol
e: file:///home/dae/Work/VZ/Ljod/app/build.gradle.kts:78:32: Unexpected symbol
e: file:///home/dae/Work/VZ/Ljod/app/build.gradle.kts:78:33: Unexpected symbol
e: file:///home/dae/Work/VZ/Ljod/app/build.gradle.kts:78:41: Unexpected symbol
e: file:///home/dae/Work/VZ/Ljod/app/build.gradle.kts:78:42: Unexpected symbol
e: file:///home/dae/Work/VZ/Ljod/app/build.gradle.kts:78:47: Unexpected symbol
e: file:///home/dae/Work/VZ/Ljod/app/build.gradle.kts:79:5: Unexpected symbol
e: file:///home/dae/Work/VZ/Ljod/app/build.gradle.kts:79:19: Unexpected symbol
e: file:///home/dae/Work/VZ/Ljod/app/build.gradle.kts:79:20: Unexpected symbol
e: file:///home/dae/Work/VZ/Ljod/app/build.gradle.kts:79:24: Unexpected symbol
e: file:///home/dae/Work/VZ/Ljod/app/build.gradle.kts:79:25: Unexpected symbol
e: file:///home/dae/Work/VZ/Ljod/app/build.gradle.kts:79:32: Unexpected symbol
e: file:///home/dae/Work/VZ/Ljod/app/build.gradle.kts:79:33: Unexpected symbol
e: file:///home/dae/Work/VZ/Ljod/app/build.gradle.kts:79:42: Unexpected symbol
e: file:///home/dae/Work/VZ/Ljod/app/build.gradle.kts:80:5: Unexpected symbol
e: file:///home/dae/Work/VZ/Ljod/app/build.gradle.kts:80:19: Unexpected symbol
e: file:///home/dae/Work/VZ/Ljod/app/build.gradle.kts:80:20: Unexpected symbol
e: file:///home/dae/Work/VZ/Ljod/app/build.gradle.kts:80:24: Unexpected symbol
e: file:///home/dae/Work/VZ/Ljod/app/build.gradle.kts:80:25: Unexpected symbol
e: file:///home/dae/Work/VZ/Ljod/app/build.gradle.kts:80:32: Unexpected symbol
e: file:///home/dae/Work/VZ/Ljod/app/build.gradle.kts:80:33: Unexpected symbol
e: file:///home/dae/Work/VZ/Ljod/app/build.gradle.kts:80:43: Unexpected symbol
e: file:///home/dae/Work/VZ/Ljod/app/build.gradle.kts:81:5: Unexpected symbol
e: file:///home/dae/Work/VZ/Ljod/app/build.gradle.kts:81:24: Unexpected symbol
e: file:///home/dae/Work/VZ/Ljod/app/build.gradle.kts:81:25: Unexpected symbol
e: file:///home/dae/Work/VZ/Ljod/app/build.gradle.kts:81:29: Unexpected symbol
e: file:///home/dae/Work/VZ/Ljod/app/build.gradle.kts:81:30: Unexpected symbol
e: file:///home/dae/Work/VZ/Ljod/app/build.gradle.kts:81:37: Unexpected symbol
e: file:///home/dae/Work/VZ/Ljod/app/build.gradle.kts:81:38: Unexpected symbol
e: file:///home/dae/Work/VZ/Ljod/app/build.gradle.kts:81:40: Unexpected symbol
e: file:///home/dae/Work/VZ/Ljod/app/build.gradle.kts:81:41: Unexpected symbol
e: file:///home/dae/Work/VZ/Ljod/app/build.gradle.kts:81:48: Unexpected symbol
e: file:///home/dae/Work/VZ/Ljod/app/build.gradle.kts:84:5: Unexpected symbol
e: file:///home/dae/Work/VZ/Ljod/app/build.gradle.kts:84:19: Unexpected symbol
e: file:///home/dae/Work/VZ/Ljod/app/build.gradle.kts:84:20: Unexpected symbol
e: file:///home/dae/Work/VZ/Ljod/app/build.gradle.kts:84:24: Unexpected symbol
e: file:///home/dae/Work/VZ/Ljod/app/build.gradle.kts:84:25: Unexpected symbol
e: file:///home/dae/Work/VZ/Ljod/app/build.gradle.kts:84:29: Unexpected symbol
e: file:///home/dae/Work/VZ/Ljod/app/build.gradle.kts:84:30: Unexpected symbol
e: file:///home/dae/Work/VZ/Ljod/app/build.gradle.kts:84:33: Unexpected symbol
e: file:///home/dae/Work/VZ/Ljod/app/build.gradle.kts:85:5: Unexpected symbol
e: file:///home/dae/Work/VZ/Ljod/app/build.gradle.kts:85:19: Unexpected symbol
e: file:///home/dae/Work/VZ/Ljod/app/build.gradle.kts:85:20: Unexpected symbol
e: file:///home/dae/Work/VZ/Ljod/app/build.gradle.kts:85:24: Unexpected symbol
e: file:///home/dae/Work/VZ/Ljod/app/build.gradle.kts:85:25: Unexpected symbol
e: file:///home/dae/Work/VZ/Ljod/app/build.gradle.kts:85:33: Unexpected symbol
e: file:///home/dae/Work/VZ/Ljod/app/build.gradle.kts:85:34: Unexpected symbol
e: file:///home/dae/Work/VZ/Ljod/app/build.gradle.kts:85:41: Unexpected symbol
e: file:///home/dae/Work/VZ/Ljod/app/build.gradle.kts:86:5: Unexpected symbol
e: file:///home/dae/Work/VZ/Ljod/app/build.gradle.kts:86:19: Unexpected symbol
e: file:///home/dae/Work/VZ/Ljod/app/build.gradle.kts:86:20: Unexpected symbol
e: file:///home/dae/Work/VZ/Ljod/app/build.gradle.kts:86:24: Unexpected symbol
e: file:///home/dae/Work/VZ/Ljod/app/build.gradle.kts:86:25: Unexpected symbol
e: file:///home/dae/Work/VZ/Ljod/app/build.gradle.kts:86:34: Unexpected symbol
e: file:///home/dae/Work/VZ/Ljod/app/build.gradle.kts:86:35: Unexpected symbol
e: file:///home/dae/Work/VZ/Ljod/app/build.gradle.kts:86:42: Unexpected symbol
e: file:///home/dae/Work/VZ/Ljod/app/build.gradle.kts:87:5: Unexpected symbol
e: file:///home/dae/Work/VZ/Ljod/app/build.gradle.kts:87:19: Unexpected symbol
e: file:///home/dae/Work/VZ/Ljod/app/build.gradle.kts:87:20: Unexpected symbol
e: file:///home/dae/Work/VZ/Ljod/app/build.gradle.kts:87:24: Unexpected symbol
e: file:///home/dae/Work/VZ/Ljod/app/build.gradle.kts:87:25: Unexpected symbol
e: file:///home/dae/Work/VZ/Ljod/app/build.gradle.kts:87:34: Unexpected symbol
e: file:///home/dae/Work/VZ/Ljod/app/build.gradle.kts:87:35: Unexpected symbol
e: file:///home/dae/Work/VZ/Ljod/app/build.gradle.kts:87:44: Unexpected symbol
e: file:///home/dae/Work/VZ/Ljod/app/build.gradle.kts:90:5: Unexpected symbol
e: file:///home/dae/Work/VZ/Ljod/app/build.gradle.kts:90:19: Unexpected symbol
e: file:///home/dae/Work/VZ/Ljod/app/build.gradle.kts:90:20: Unexpected symbol
e: file:///home/dae/Work/VZ/Ljod/app/build.gradle.kts:90:24: Unexpected symbol
e: file:///home/dae/Work/VZ/Ljod/app/build.gradle.kts:90:25: Unexpected symbol
e: file:///home/dae/Work/VZ/Ljod/app/build.gradle.kts:90:31: Unexpected symbol
e: file:///home/dae/Work/VZ/Ljod/app/build.gradle.kts:90:32: Unexpected symbol
e: file:///home/dae/Work/VZ/Ljod/app/build.gradle.kts:90:41: Unexpected symbol
e: file:///home/dae/Work/VZ/Ljod/app/build.gradle.kts:91:5: Unexpected symbol
e: file:///home/dae/Work/VZ/Ljod/app/build.gradle.kts:91:19: Unexpected symbol
e: file:///home/dae/Work/VZ/Ljod/app/build.gradle.kts:91:20: Unexpected symbol
e: file:///home/dae/Work/VZ/Ljod/app/build.gradle.kts:91:24: Unexpected symbol
e: file:///home/dae/Work/VZ/Ljod/app/build.gradle.kts:91:25: Unexpected symbol
e: file:///home/dae/Work/VZ/Ljod/app/build.gradle.kts:91:31: Unexpected symbol
e: file:///home/dae/Work/VZ/Ljod/app/build.gradle.kts:91:32: Unexpected symbol
e: file:///home/dae/Work/VZ/Ljod/app/build.gradle.kts:91:39: Unexpected symbol
e: file:///home/dae/Work/VZ/Ljod/app/build.gradle.kts:92:5: Unexpected symbol
e: file:///home/dae/Work/VZ/Ljod/app/build.gradle.kts:92:19: Unexpected symbol
e: file:///home/dae/Work/VZ/Ljod/app/build.gradle.kts:92:20: Unexpected symbol
e: file:///home/dae/Work/VZ/Ljod/app/build.gradle.kts:92:24: Unexpected symbol
e: file:///home/dae/Work/VZ/Ljod/app/build.gradle.kts:92:25: Unexpected symbol
e: file:///home/dae/Work/VZ/Ljod/app/build.gradle.kts:92:31: Unexpected symbol
e: file:///home/dae/Work/VZ/Ljod/app/build.gradle.kts:92:32: Unexpected symbol
e: file:///home/dae/Work/VZ/Ljod/app/build.gradle.kts:92:38: Unexpected symbol
e: file:///home/dae/Work/VZ/Ljod/app/build.gradle.kts:95:5: Unexpected symbol
e: file:///home/dae/Work/VZ/Ljod/app/build.gradle.kts:95:19: Unexpected symbol
e: file:///home/dae/Work/VZ/Ljod/app/build.gradle.kts:95:20: Unexpected symbol
e: file:///home/dae/Work/VZ/Ljod/app/build.gradle.kts:95:24: Unexpected symbol
e: file:///home/dae/Work/VZ/Ljod/app/build.gradle.kts:95:25: Unexpected symbol
e: file:///home/dae/Work/VZ/Ljod/app/build.gradle.kts:95:29: Unexpected symbol
e: file:///home/dae/Work/VZ/Ljod/app/build.gradle.kts:95:30: Unexpected symbol
e: file:///home/dae/Work/VZ/Ljod/app/build.gradle.kts:95:37: Unexpected symbol
e: file:///home/dae/Work/VZ/Ljod/app/build.gradle.kts:96:5: Unexpected symbol
e: file:///home/dae/Work/VZ/Ljod/app/build.gradle.kts:96:8: Unexpected symbol
e: file:///home/dae/Work/VZ/Ljod/app/build.gradle.kts:96:9: Unexpected symbol
e: file:///home/dae/Work/VZ/Ljod/app/build.gradle.kts:96:13: Unexpected symbol
e: file:///home/dae/Work/VZ/Ljod/app/build.gradle.kts:96:14: Unexpected symbol
e: file:///home/dae/Work/VZ/Ljod/app/build.gradle.kts:96:18: Unexpected symbol
e: file:///home/dae/Work/VZ/Ljod/app/build.gradle.kts:96:19: Unexpected symbol
e: file:///home/dae/Work/VZ/Ljod/app/build.gradle.kts:96:27: Unexpected symbol
e: file:///home/dae/Work/VZ/Ljod/app/build.gradle.kts:97:5: Unexpected symbol
e: file:///home/dae/Work/VZ/Ljod/app/build.gradle.kts:97:19: Unexpected symbol
e: file:///home/dae/Work/VZ/Ljod/app/build.gradle.kts:97:20: Unexpected symbol
e: file:///home/dae/Work/VZ/Ljod/app/build.gradle.kts:97:24: Unexpected symbol
e: file:///home/dae/Work/VZ/Ljod/app/build.gradle.kts:97:25: Unexpected symbol
e: file:///home/dae/Work/VZ/Ljod/app/build.gradle.kts:97:29: Unexpected symbol
e: file:///home/dae/Work/VZ/Ljod/app/build.gradle.kts:97:30: Unexpected symbol
e: file:///home/dae/Work/VZ/Ljod/app/build.gradle.kts:97:40: Unexpected symbol
e: file:///home/dae/Work/VZ/Ljod/app/build.gradle.kts:100:5: Unexpected symbol
e: file:///home/dae/Work/VZ/Ljod/app/build.gradle.kts:100:19: Unexpected symbol
e: file:///home/dae/Work/VZ/Ljod/app/build.gradle.kts:100:20: Unexpected symbol
e: file:///home/dae/Work/VZ/Ljod/app/build.gradle.kts:100:24: Unexpected symbol
e: file:///home/dae/Work/VZ/Ljod/app/build.gradle.kts:100:25: Unexpected symbol
e: file:///home/dae/Work/VZ/Ljod/app/build.gradle.kts:100:29: Unexpected symbol
e: file:///home/dae/Work/VZ/Ljod/app/build.gradle.kts:100:30: Unexpected symbol
e: file:///home/dae/Work/VZ/Ljod/app/build.gradle.kts:100:37: Unexpected symbol
e: file:///home/dae/Work/VZ/Ljod/app/build.gradle.kts:101:5: Unexpected symbol
e: file:///home/dae/Work/VZ/Ljod/app/build.gradle.kts:101:19: Unexpected symbol
e: file:///home/dae/Work/VZ/Ljod/app/build.gradle.kts:101:20: Unexpected symbol
e: file:///home/dae/Work/VZ/Ljod/app/build.gradle.kts:101:24: Unexpected symbol
e: file:///home/dae/Work/VZ/Ljod/app/build.gradle.kts:101:25: Unexpected symbol
e: file:///home/dae/Work/VZ/Ljod/app/build.gradle.kts:101:29: Unexpected symbol
e: file:///home/dae/Work/VZ/Ljod/app/build.gradle.kts:101:30: Unexpected symbol
e: file:///home/dae/Work/VZ/Ljod/app/build.gradle.kts:101:33: Unexpected symbol
e: file:///home/dae/Work/VZ/Ljod/app/build.gradle.kts:102:5: Unexpected symbol
e: file:///home/dae/Work/VZ/Ljod/app/build.gradle.kts:102:8: Unexpected symbol
e: file:///home/dae/Work/VZ/Ljod/app/build.gradle.kts:102:9: Unexpected symbol
e: file:///home/dae/Work/VZ/Ljod/app/build.gradle.kts:102:13: Unexpected symbol
e: file:///home/dae/Work/VZ/Ljod/app/build.gradle.kts:102:14: Unexpected symbol
e: file:///home/dae/Work/VZ/Ljod/app/build.gradle.kts:102:18: Unexpected symbol
e: file:///home/dae/Work/VZ/Ljod/app/build.gradle.kts:102:19: Unexpected symbol
e: file:///home/dae/Work/VZ/Ljod/app/build.gradle.kts:102:27: Unexpected symbol
e: file:///home/dae/Work/VZ/Ljod/app/build.gradle.kts:103:5: Unexpected symbol
e: file:///home/dae/Work/VZ/Ljod/app/build.gradle.kts:103:19: Unexpected symbol
e: file:///home/dae/Work/VZ/Ljod/app/build.gradle.kts:103:20: Unexpected symbol
e: file:///home/dae/Work/VZ/Ljod/app/build.gradle.kts:103:24: Unexpected symbol
e: file:///home/dae/Work/VZ/Ljod/app/build.gradle.kts:103:25: Unexpected symbol
e: file:///home/dae/Work/VZ/Ljod/app/build.gradle.kts:103:34: Unexpected symbol
e: file:///home/dae/Work/VZ/Ljod/app/build.gradle.kts:103:35: Unexpected symbol
e: file:///home/dae/Work/VZ/Ljod/app/build.gradle.kts:103:46: Unexpected symbol
e: file:///home/dae/Work/VZ/Ljod/app/build.gradle.kts:106:5: Unexpected symbol
e: file:///home/dae/Work/VZ/Ljod/app/build.gradle.kts:106:19: Unexpected symbol
e: file:///home/dae/Work/VZ/Ljod/app/build.gradle.kts:106:20: Unexpected symbol
e: file:///home/dae/Work/VZ/Ljod/app/build.gradle.kts:106:24: Unexpected symbol
e: file:///home/dae/Work/VZ/Ljod/app/build.gradle.kts:106:25: Unexpected symbol
e: file:///home/dae/Work/VZ/Ljod/app/build.gradle.kts:106:31: Unexpected symbol
e: file:///home/dae/Work/VZ/Ljod/app/build.gradle.kts:109:5: Unexpected symbol
e: file:///home/dae/Work/VZ/Ljod/app/build.gradle.kts:109:19: Unexpected symbol
e: file:///home/dae/Work/VZ/Ljod/app/build.gradle.kts:109:20: Unexpected symbol
e: file:///home/dae/Work/VZ/Ljod/app/build.gradle.kts:109:24: Unexpected symbol
e: file:///home/dae/Work/VZ/Ljod/app/build.gradle.kts:109:25: Unexpected symbol
e: file:///home/dae/Work/VZ/Ljod/app/build.gradle.kts:109:32: Unexpected symbol
e: file:///home/dae/Work/VZ/Ljod/app/build.gradle.kts:109:33: Unexpected symbol
e: file:///home/dae/Work/VZ/Ljod/app/build.gradle.kts:109:46: Unexpected symbol
e: file:///home/dae/Work/VZ/Ljod/app/build.gradle.kts:109:47: Unexpected symbol
e: file:///home/dae/Work/VZ/Ljod/app/build.gradle.kts:109:51: Unexpected symbol
e: file:///home/dae/Work/VZ/Ljod/app/build.gradle.kts:110:5: Unexpected symbol
e: file:///home/dae/Work/VZ/Ljod/app/build.gradle.kts:110:19: Unexpected symbol
e: file:///home/dae/Work/VZ/Ljod/app/build.gradle.kts:110:20: Unexpected symbol
e: file:///home/dae/Work/VZ/Ljod/app/build.gradle.kts:110:24: Unexpected symbol
e: file:///home/dae/Work/VZ/Ljod/app/build.gradle.kts:110:25: Unexpected symbol
e: file:///home/dae/Work/VZ/Ljod/app/build.gradle.kts:110:32: Unexpected symbol
e: file:///home/dae/Work/VZ/Ljod/app/build.gradle.kts:110:33: Unexpected symbol
e: file:///home/dae/Work/VZ/Ljod/app/build.gradle.kts:110:43: Unexpected symbol
e: file:///home/dae/Work/VZ/Ljod/app/build.gradle.kts:113:5: Unexpected symbol
e: file:///home/dae/Work/VZ/Ljod/app/build.gradle.kts:113:19: Unexpected symbol
e: file:///home/dae/Work/VZ/Ljod/app/build.gradle.kts:113:20: Unexpected symbol
e: file:///home/dae/Work/VZ/Ljod/app/build.gradle.kts:113:24: Unexpected symbol
e: file:///home/dae/Work/VZ/Ljod/app/build.gradle.kts:113:25: Unexpected symbol
e: file:///home/dae/Work/VZ/Ljod/app/build.gradle.kts:113:29: Unexpected symbol
e: file:///home/dae/Work/VZ/Ljod/app/build.gradle.kts:113:30: Unexpected symbol
e: file:///home/dae/Work/VZ/Ljod/app/build.gradle.kts:113:37: Unexpected symbol
e: file:///home/dae/Work/VZ/Ljod/app/build.gradle.kts:114:5: Unexpected symbol
e: file:///home/dae/Work/VZ/Ljod/app/build.gradle.kts:114:19: Unexpected symbol
e: file:///home/dae/Work/VZ/Ljod/app/build.gradle.kts:114:20: Unexpected symbol
e: file:///home/dae/Work/VZ/Ljod/app/build.gradle.kts:114:24: Unexpected symbol
e: file:///home/dae/Work/VZ/Ljod/app/build.gradle.kts:114:25: Unexpected symbol
e: file:///home/dae/Work/VZ/Ljod/app/build.gradle.kts:114:29: Unexpected symbol
e: file:///home/dae/Work/VZ/Ljod/app/build.gradle.kts:114:30: Unexpected symbol
e: file:///home/dae/Work/VZ/Ljod/app/build.gradle.kts:114:37: Unexpected symbol
e: file:///home/dae/Work/VZ/Ljod/app/build.gradle.kts:114:38: Unexpected symbol
e: file:///home/dae/Work/VZ/Ljod/app/build.gradle.kts:114:44: Unexpected symbol
e: file:///home/dae/Work/VZ/Ljod/app/build.gradle.kts:117:5: Unexpected symbol
e: file:///home/dae/Work/VZ/Ljod/app/build.gradle.kts:117:19: Unexpected symbol
e: file:///home/dae/Work/VZ/Ljod/app/build.gradle.kts:117:20: Unexpected symbol
e: file:///home/dae/Work/VZ/Ljod/app/build.gradle.kts:117:24: Unexpected symbol
e: file:///home/dae/Work/VZ/Ljod/app/build.gradle.kts:117:25: Unexpected symbol
e: file:///home/dae/Work/VZ/Ljod/app/build.gradle.kts:117:31: Unexpected symbol
e: file:///home/dae/Work/VZ/Ljod/app/build.gradle.kts:118:5: Unexpected symbol
e: file:///home/dae/Work/VZ/Ljod/app/build.gradle.kts:118:19: Unexpected symbol
e: file:///home/dae/Work/VZ/Ljod/app/build.gradle.kts:118:20: Unexpected symbol
e: file:///home/dae/Work/VZ/Ljod/app/build.gradle.kts:118:24: Unexpected symbol
e: file:///home/dae/Work/VZ/Ljod/app/build.gradle.kts:118:25: Unexpected symbol
e: file:///home/dae/Work/VZ/Ljod/app/build.gradle.kts:118:33: Unexpected symbol
e: file:///home/dae/Work/VZ/Ljod/app/build.gradle.kts:119:5: Unexpected symbol
e: file:///home/dae/Work/VZ/Ljod/app/build.gradle.kts:119:19: Unexpected symbol
e: file:///home/dae/Work/VZ/Ljod/app/build.gradle.kts:119:20: Unexpected symbol
e: file:///home/dae/Work/VZ/Ljod/app/build.gradle.kts:119:24: Unexpected symbol
e: file:///home/dae/Work/VZ/Ljod/app/build.gradle.kts:119:25: Unexpected symbol
e: file:///home/dae/Work/VZ/Ljod/app/build.gradle.kts:119:33: Unexpected symbol
e: file:///home/dae/Work/VZ/Ljod/app/build.gradle.kts:119:34: Unexpected symbol
e: file:///home/dae/Work/VZ/Ljod/app/build.gradle.kts:119:41: Unexpected symbol
e: file:///home/dae/Work/VZ/Ljod/app/build.gradle.kts:120:1: Unexpected symbol

FAILURE: Build failed with an exception.

* Where:
Build file '/home/dae/Work/VZ/Ljod/app/build.gradle.kts' line: 69

* What went wrong:
Script compilation errors:

  Line 069: }
            ^ Unexpected symbol

  Line 071: dependencies {
            ^ Unexpected symbol

  Line 071: dependencies {
                         ^ Unexpected symbol

  Line 073:     val composeBom = platform(libs.compose.bom)
                ^ Unexpected symbol

  Line 073:     val composeBom = platform(libs.compose.bom)
                    ^ Unexpected symbol

  Line 073:     val composeBom = platform(libs.compose.bom)
                               ^ Unexpected symbol

  Line 073:     val composeBom = platform(libs.compose.bom)
                                 ^ Unexpected symbol

  Line 073:     val composeBom = platform(libs.compose.bom)
                                         ^ Unexpected symbol

  Line 073:     val composeBom = platform(libs.compose.bom)
                                          ^ Unexpected symbol

  Line 073:     val composeBom = platform(libs.compose.bom)
                                              ^ Unexpected symbol

  Line 073:     val composeBom = platform(libs.compose.bom)
                                               ^ Unexpected symbol

  Line 073:     val composeBom = platform(libs.compose.bom)
                                                      ^ Unexpected symbol

  Line 073:     val composeBom = platform(libs.compose.bom)
                                                       ^ Unexpected symbol

  Line 073:     val composeBom = platform(libs.compose.bom)
                                                          ^ Unexpected symbol

  Line 074:     implementation(composeBom)
                ^ Unexpected symbol

  Line 074:     implementation(composeBom)
                              ^ Unexpected symbol

  Line 074:     implementation(composeBom)
                               ^ Unexpected symbol

  Line 074:     implementation(composeBom)
                                         ^ Unexpected symbol

  Line 075:     implementation(libs.compose.ui)
                ^ Unexpected symbol

  Line 075:     implementation(libs.compose.ui)
                              ^ Unexpected symbol

  Line 075:     implementation(libs.compose.ui)
                               ^ Unexpected symbol

  Line 075:     implementation(libs.compose.ui)
                                   ^ Unexpected symbol

  Line 075:     implementation(libs.compose.ui)
                                    ^ Unexpected symbol

  Line 075:     implementation(libs.compose.ui)
                                           ^ Unexpected symbol

  Line 075:     implementation(libs.compose.ui)
                                            ^ Unexpected symbol

  Line 075:     implementation(libs.compose.ui)
                                              ^ Unexpected symbol

  Line 076:     implementation(libs.compose.ui.graphics)
                ^ Unexpected symbol

  Line 076:     implementation(libs.compose.ui.graphics)
                              ^ Unexpected symbol

  Line 076:     implementation(libs.compose.ui.graphics)
                               ^ Unexpected symbol

  Line 076:     implementation(libs.compose.ui.graphics)
                                   ^ Unexpected symbol

  Line 076:     implementation(libs.compose.ui.graphics)
                                    ^ Unexpected symbol

  Line 076:     implementation(libs.compose.ui.graphics)
                                           ^ Unexpected symbol

  Line 076:     implementation(libs.compose.ui.graphics)
                                            ^ Unexpected symbol

  Line 076:     implementation(libs.compose.ui.graphics)
                                              ^ Unexpected symbol

  Line 076:     implementation(libs.compose.ui.graphics)
                                               ^ Unexpected symbol

  Line 076:     implementation(libs.compose.ui.graphics)
                                                       ^ Unexpected symbol

  Line 077:     implementation(libs.compose.material3)
                ^ Unexpected symbol

  Line 077:     implementation(libs.compose.material3)
                              ^ Unexpected symbol

  Line 077:     implementation(libs.compose.material3)
                               ^ Unexpected symbol

  Line 077:     implementation(libs.compose.material3)
                                   ^ Unexpected symbol

  Line 077:     implementation(libs.compose.material3)
                                    ^ Unexpected symbol

  Line 077:     implementation(libs.compose.material3)
                                           ^ Unexpected symbol

  Line 077:     implementation(libs.compose.material3)
                                            ^ Unexpected symbol

  Line 077:     implementation(libs.compose.material3)
                                                     ^ Unexpected symbol

  Line 078:     implementation(libs.compose.material.icons)
                ^ Unexpected symbol

  Line 078:     implementation(libs.compose.material.icons)
                              ^ Unexpected symbol

  Line 078:     implementation(libs.compose.material.icons)
                               ^ Unexpected symbol

  Line 078:     implementation(libs.compose.material.icons)
                                   ^ Unexpected symbol

  Line 078:     implementation(libs.compose.material.icons)
                                    ^ Unexpected symbol

  Line 078:     implementation(libs.compose.material.icons)
                                           ^ Unexpected symbol

  Line 078:     implementation(libs.compose.material.icons)
                                            ^ Unexpected symbol

  Line 078:     implementation(libs.compose.material.icons)
                                                    ^ Unexpected symbol

  Line 078:     implementation(libs.compose.material.icons)
                                                     ^ Unexpected symbol

  Line 078:     implementation(libs.compose.material.icons)
                                                          ^ Unexpected symbol

  Line 079:     implementation(libs.compose.animation)
                ^ Unexpected symbol

  Line 079:     implementation(libs.compose.animation)
                              ^ Unexpected symbol

  Line 079:     implementation(libs.compose.animation)
                               ^ Unexpected symbol

  Line 079:     implementation(libs.compose.animation)
                                   ^ Unexpected symbol

  Line 079:     implementation(libs.compose.animation)
                                    ^ Unexpected symbol

  Line 079:     implementation(libs.compose.animation)
                                           ^ Unexpected symbol

  Line 079:     implementation(libs.compose.animation)
                                            ^ Unexpected symbol

  Line 079:     implementation(libs.compose.animation)
                                                     ^ Unexpected symbol

  Line 080:     implementation(libs.compose.foundation)
                ^ Unexpected symbol

  Line 080:     implementation(libs.compose.foundation)
                              ^ Unexpected symbol

  Line 080:     implementation(libs.compose.foundation)
                               ^ Unexpected symbol

  Line 080:     implementation(libs.compose.foundation)
                                   ^ Unexpected symbol

  Line 080:     implementation(libs.compose.foundation)
                                    ^ Unexpected symbol

  Line 080:     implementation(libs.compose.foundation)
                                           ^ Unexpected symbol

  Line 080:     implementation(libs.compose.foundation)
                                            ^ Unexpected symbol

  Line 080:     implementation(libs.compose.foundation)
                                                      ^ Unexpected symbol

  Line 081:     debugImplementation(libs.compose.ui.tooling)
                ^ Unexpected symbol

  Line 081:     debugImplementation(libs.compose.ui.tooling)
                                   ^ Unexpected symbol

  Line 081:     debugImplementation(libs.compose.ui.tooling)
                                    ^ Unexpected symbol

  Line 081:     debugImplementation(libs.compose.ui.tooling)
                                        ^ Unexpected symbol

  Line 081:     debugImplementation(libs.compose.ui.tooling)
                                         ^ Unexpected symbol

  Line 081:     debugImplementation(libs.compose.ui.tooling)
                                                ^ Unexpected symbol

  Line 081:     debugImplementation(libs.compose.ui.tooling)
                                                 ^ Unexpected symbol

  Line 081:     debugImplementation(libs.compose.ui.tooling)
                                                   ^ Unexpected symbol

  Line 081:     debugImplementation(libs.compose.ui.tooling)
                                                    ^ Unexpected symbol

  Line 081:     debugImplementation(libs.compose.ui.tooling)
                                                           ^ Unexpected symbol

  Line 084:     implementation(libs.core.ktx)
                ^ Unexpected symbol

  Line 084:     implementation(libs.core.ktx)
                              ^ Unexpected symbol

  Line 084:     implementation(libs.core.ktx)
                               ^ Unexpected symbol

  Line 084:     implementation(libs.core.ktx)
                                   ^ Unexpected symbol

  Line 084:     implementation(libs.core.ktx)
                                    ^ Unexpected symbol

  Line 084:     implementation(libs.core.ktx)
                                        ^ Unexpected symbol

  Line 084:     implementation(libs.core.ktx)
                                         ^ Unexpected symbol

  Line 084:     implementation(libs.core.ktx)
                                            ^ Unexpected symbol

  Line 085:     implementation(libs.activity.compose)
                ^ Unexpected symbol

  Line 085:     implementation(libs.activity.compose)
                              ^ Unexpected symbol

  Line 085:     implementation(libs.activity.compose)
                               ^ Unexpected symbol

  Line 085:     implementation(libs.activity.compose)
                                   ^ Unexpected symbol

  Line 085:     implementation(libs.activity.compose)
                                    ^ Unexpected symbol

  Line 085:     implementation(libs.activity.compose)
                                            ^ Unexpected symbol

  Line 085:     implementation(libs.activity.compose)
                                             ^ Unexpected symbol

  Line 085:     implementation(libs.activity.compose)
                                                    ^ Unexpected symbol

  Line 086:     implementation(libs.lifecycle.runtime)
                ^ Unexpected symbol

  Line 086:     implementation(libs.lifecycle.runtime)
                              ^ Unexpected symbol

  Line 086:     implementation(libs.lifecycle.runtime)
                               ^ Unexpected symbol

  Line 086:     implementation(libs.lifecycle.runtime)
                                   ^ Unexpected symbol

  Line 086:     implementation(libs.lifecycle.runtime)
                                    ^ Unexpected symbol

  Line 086:     implementation(libs.lifecycle.runtime)
                                             ^ Unexpected symbol

  Line 086:     implementation(libs.lifecycle.runtime)
                                              ^ Unexpected symbol

  Line 086:     implementation(libs.lifecycle.runtime)
                                                     ^ Unexpected symbol

  Line 087:     implementation(libs.lifecycle.viewmodel)
                ^ Unexpected symbol

  Line 087:     implementation(libs.lifecycle.viewmodel)
                              ^ Unexpected symbol

  Line 087:     implementation(libs.lifecycle.viewmodel)
                               ^ Unexpected symbol

  Line 087:     implementation(libs.lifecycle.viewmodel)
                                   ^ Unexpected symbol

  Line 087:     implementation(libs.lifecycle.viewmodel)
                                    ^ Unexpected symbol

  Line 087:     implementation(libs.lifecycle.viewmodel)
                                             ^ Unexpected symbol

  Line 087:     implementation(libs.lifecycle.viewmodel)
                                              ^ Unexpected symbol

  Line 087:     implementation(libs.lifecycle.viewmodel)
                                                       ^ Unexpected symbol

  Line 090:     implementation(libs.media3.exoplayer)
                ^ Unexpected symbol

  Line 090:     implementation(libs.media3.exoplayer)
                              ^ Unexpected symbol

  Line 090:     implementation(libs.media3.exoplayer)
                               ^ Unexpected symbol

  Line 090:     implementation(libs.media3.exoplayer)
                                   ^ Unexpected symbol

  Line 090:     implementation(libs.media3.exoplayer)
                                    ^ Unexpected symbol

  Line 090:     implementation(libs.media3.exoplayer)
                                          ^ Unexpected symbol

  Line 090:     implementation(libs.media3.exoplayer)
                                           ^ Unexpected symbol

  Line 090:     implementation(libs.media3.exoplayer)
                                                    ^ Unexpected symbol

  Line 091:     implementation(libs.media3.session)
                ^ Unexpected symbol

  Line 091:     implementation(libs.media3.session)
                              ^ Unexpected symbol

  Line 091:     implementation(libs.media3.session)
                               ^ Unexpected symbol

  Line 091:     implementation(libs.media3.session)
                                   ^ Unexpected symbol

  Line 091:     implementation(libs.media3.session)
                                    ^ Unexpected symbol

  Line 091:     implementation(libs.media3.session)
                                          ^ Unexpected symbol

  Line 091:     implementation(libs.media3.session)
                                           ^ Unexpected symbol

  Line 091:     implementation(libs.media3.session)
                                                  ^ Unexpected symbol

  Line 092:     implementation(libs.media3.common)
                ^ Unexpected symbol

  Line 092:     implementation(libs.media3.common)
                              ^ Unexpected symbol

  Line 092:     implementation(libs.media3.common)
                               ^ Unexpected symbol

  Line 092:     implementation(libs.media3.common)
                                   ^ Unexpected symbol

  Line 092:     implementation(libs.media3.common)
                                    ^ Unexpected symbol

  Line 092:     implementation(libs.media3.common)
                                          ^ Unexpected symbol

  Line 092:     implementation(libs.media3.common)
                                           ^ Unexpected symbol

  Line 092:     implementation(libs.media3.common)
                                                 ^ Unexpected symbol

  Line 095:     implementation(libs.hilt.android)
                ^ Unexpected symbol

  Line 095:     implementation(libs.hilt.android)
                              ^ Unexpected symbol

  Line 095:     implementation(libs.hilt.android)
                               ^ Unexpected symbol

  Line 095:     implementation(libs.hilt.android)
                                   ^ Unexpected symbol

  Line 095:     implementation(libs.hilt.android)
                                    ^ Unexpected symbol

  Line 095:     implementation(libs.hilt.android)
                                        ^ Unexpected symbol

  Line 095:     implementation(libs.hilt.android)
                                         ^ Unexpected symbol

  Line 095:     implementation(libs.hilt.android)
                                                ^ Unexpected symbol

  Line 096:     ksp(libs.hilt.compiler)
                ^ Unexpected symbol

  Line 096:     ksp(libs.hilt.compiler)
                   ^ Unexpected symbol

  Line 096:     ksp(libs.hilt.compiler)
                    ^ Unexpected symbol

  Line 096:     ksp(libs.hilt.compiler)
                        ^ Unexpected symbol

  Line 096:     ksp(libs.hilt.compiler)
                         ^ Unexpected symbol

  Line 096:     ksp(libs.hilt.compiler)
                             ^ Unexpected symbol

  Line 096:     ksp(libs.hilt.compiler)
                              ^ Unexpected symbol

  Line 096:     ksp(libs.hilt.compiler)
                                      ^ Unexpected symbol

  Line 097:     implementation(libs.hilt.navigation)
                ^ Unexpected symbol

  Line 097:     implementation(libs.hilt.navigation)
                              ^ Unexpected symbol

  Line 097:     implementation(libs.hilt.navigation)
                               ^ Unexpected symbol

  Line 097:     implementation(libs.hilt.navigation)
                                   ^ Unexpected symbol

  Line 097:     implementation(libs.hilt.navigation)
                                    ^ Unexpected symbol

  Line 097:     implementation(libs.hilt.navigation)
                                        ^ Unexpected symbol

  Line 097:     implementation(libs.hilt.navigation)
                                         ^ Unexpected symbol

  Line 097:     implementation(libs.hilt.navigation)
                                                   ^ Unexpected symbol

  Line 100:     implementation(libs.room.runtime)
                ^ Unexpected symbol

  Line 100:     implementation(libs.room.runtime)
                              ^ Unexpected symbol

  Line 100:     implementation(libs.room.runtime)
                               ^ Unexpected symbol

  Line 100:     implementation(libs.room.runtime)
                                   ^ Unexpected symbol

  Line 100:     implementation(libs.room.runtime)
                                    ^ Unexpected symbol

  Line 100:     implementation(libs.room.runtime)
                                        ^ Unexpected symbol

  Line 100:     implementation(libs.room.runtime)
                                         ^ Unexpected symbol

  Line 100:     implementation(libs.room.runtime)
                                                ^ Unexpected symbol

  Line 101:     implementation(libs.room.ktx)
                ^ Unexpected symbol

  Line 101:     implementation(libs.room.ktx)
                              ^ Unexpected symbol

  Line 101:     implementation(libs.room.ktx)
                               ^ Unexpected symbol

  Line 101:     implementation(libs.room.ktx)
                                   ^ Unexpected symbol

  Line 101:     implementation(libs.room.ktx)
                                    ^ Unexpected symbol

  Line 101:     implementation(libs.room.ktx)
                                        ^ Unexpected symbol

  Line 101:     implementation(libs.room.ktx)
                                         ^ Unexpected symbol

  Line 101:     implementation(libs.room.ktx)
                                            ^ Unexpected symbol

  Line 102:     ksp(libs.room.compiler)
                ^ Unexpected symbol

  Line 102:     ksp(libs.room.compiler)
                   ^ Unexpected symbol

  Line 102:     ksp(libs.room.compiler)
                    ^ Unexpected symbol

  Line 102:     ksp(libs.room.compiler)
                        ^ Unexpected symbol

  Line 102:     ksp(libs.room.compiler)
                         ^ Unexpected symbol

  Line 102:     ksp(libs.room.compiler)
                             ^ Unexpected symbol

  Line 102:     ksp(libs.room.compiler)
                              ^ Unexpected symbol

  Line 102:     ksp(libs.room.compiler)
                                      ^ Unexpected symbol

  Line 103:     implementation(libs.datastore.preferences)
                ^ Unexpected symbol

  Line 103:     implementation(libs.datastore.preferences)
                              ^ Unexpected symbol

  Line 103:     implementation(libs.datastore.preferences)
                               ^ Unexpected symbol

  Line 103:     implementation(libs.datastore.preferences)
                                   ^ Unexpected symbol

  Line 103:     implementation(libs.datastore.preferences)
                                    ^ Unexpected symbol

  Line 103:     implementation(libs.datastore.preferences)
                                             ^ Unexpected symbol

  Line 103:     implementation(libs.datastore.preferences)
                                              ^ Unexpected symbol

  Line 103:     implementation(libs.datastore.preferences)
                                                         ^ Unexpected symbol

  Line 106:     implementation(libs.timber)
                ^ Unexpected symbol

  Line 106:     implementation(libs.timber)
                              ^ Unexpected symbol

  Line 106:     implementation(libs.timber)
                               ^ Unexpected symbol

  Line 106:     implementation(libs.timber)
                                   ^ Unexpected symbol

  Line 106:     implementation(libs.timber)
                                    ^ Unexpected symbol

  Line 106:     implementation(libs.timber)
                                          ^ Unexpected symbol

  Line 109:     implementation(libs.kotlinx.serialization.json)
                ^ Unexpected symbol

  Line 109:     implementation(libs.kotlinx.serialization.json)
                              ^ Unexpected symbol

  Line 109:     implementation(libs.kotlinx.serialization.json)
                               ^ Unexpected symbol

  Line 109:     implementation(libs.kotlinx.serialization.json)
                                   ^ Unexpected symbol

  Line 109:     implementation(libs.kotlinx.serialization.json)
                                    ^ Unexpected symbol

  Line 109:     implementation(libs.kotlinx.serialization.json)
                                           ^ Unexpected symbol

  Line 109:     implementation(libs.kotlinx.serialization.json)
                                            ^ Unexpected symbol

  Line 109:     implementation(libs.kotlinx.serialization.json)
                                                         ^ Unexpected symbol

  Line 109:     implementation(libs.kotlinx.serialization.json)
                                                          ^ Unexpected symbol

  Line 109:     implementation(libs.kotlinx.serialization.json)
                                                              ^ Unexpected symbol

  Line 110:     implementation(libs.kotlinx.coroutines)
                ^ Unexpected symbol

  Line 110:     implementation(libs.kotlinx.coroutines)
                              ^ Unexpected symbol

  Line 110:     implementation(libs.kotlinx.coroutines)
                               ^ Unexpected symbol

  Line 110:     implementation(libs.kotlinx.coroutines)
                                   ^ Unexpected symbol

  Line 110:     implementation(libs.kotlinx.coroutines)
                                    ^ Unexpected symbol

  Line 110:     implementation(libs.kotlinx.coroutines)
                                           ^ Unexpected symbol

  Line 110:     implementation(libs.kotlinx.coroutines)
                                            ^ Unexpected symbol

  Line 110:     implementation(libs.kotlinx.coroutines)
                                                      ^ Unexpected symbol

  Line 113:     implementation(libs.coil.compose)
                ^ Unexpected symbol

  Line 113:     implementation(libs.coil.compose)
                              ^ Unexpected symbol

  Line 113:     implementation(libs.coil.compose)
                               ^ Unexpected symbol

  Line 113:     implementation(libs.coil.compose)
                                   ^ Unexpected symbol

  Line 113:     implementation(libs.coil.compose)
                                    ^ Unexpected symbol

  Line 113:     implementation(libs.coil.compose)
                                        ^ Unexpected symbol

  Line 113:     implementation(libs.coil.compose)
                                         ^ Unexpected symbol

  Line 113:     implementation(libs.coil.compose)
                                                ^ Unexpected symbol

  Line 114:     implementation(libs.coil.network.okhttp)
                ^ Unexpected symbol

  Line 114:     implementation(libs.coil.network.okhttp)
                              ^ Unexpected symbol

  Line 114:     implementation(libs.coil.network.okhttp)
                               ^ Unexpected symbol

  Line 114:     implementation(libs.coil.network.okhttp)
                                   ^ Unexpected symbol

  Line 114:     implementation(libs.coil.network.okhttp)
                                    ^ Unexpected symbol

  Line 114:     implementation(libs.coil.network.okhttp)
                                        ^ Unexpected symbol

  Line 114:     implementation(libs.coil.network.okhttp)
                                         ^ Unexpected symbol

  Line 114:     implementation(libs.coil.network.okhttp)
                                                ^ Unexpected symbol

  Line 114:     implementation(libs.coil.network.okhttp)
                                                 ^ Unexpected symbol

  Line 114:     implementation(libs.coil.network.okhttp)
                                                       ^ Unexpected symbol

  Line 117:     implementation(libs.okhttp)
                ^ Unexpected symbol

  Line 117:     implementation(libs.okhttp)
                              ^ Unexpected symbol

  Line 117:     implementation(libs.okhttp)
                               ^ Unexpected symbol

  Line 117:     implementation(libs.okhttp)
                                   ^ Unexpected symbol

  Line 117:     implementation(libs.okhttp)
                                    ^ Unexpected symbol

  Line 117:     implementation(libs.okhttp)
                                          ^ Unexpected symbol

  Line 118:     implementation(libs.retrofit)
                ^ Unexpected symbol

  Line 118:     implementation(libs.retrofit)
                              ^ Unexpected symbol

  Line 118:     implementation(libs.retrofit)
                               ^ Unexpected symbol

  Line 118:     implementation(libs.retrofit)
                                   ^ Unexpected symbol

  Line 118:     implementation(libs.retrofit)
                                    ^ Unexpected symbol

  Line 118:     implementation(libs.retrofit)
                                            ^ Unexpected symbol

  Line 119:     implementation(libs.retrofit.kotlinx)
                ^ Unexpected symbol

  Line 119:     implementation(libs.retrofit.kotlinx)
                              ^ Unexpected symbol

  Line 119:     implementation(libs.retrofit.kotlinx)
                               ^ Unexpected symbol

  Line 119:     implementation(libs.retrofit.kotlinx)
                                   ^ Unexpected symbol

  Line 119:     implementation(libs.retrofit.kotlinx)
                                    ^ Unexpected symbol

  Line 119:     implementation(libs.retrofit.kotlinx)
                                            ^ Unexpected symbol

  Line 119:     implementation(libs.retrofit.kotlinx)
                                             ^ Unexpected symbol

  Line 119:     implementation(libs.retrofit.kotlinx)
                                                    ^ Unexpected symbol

  Line 120: }
            ^ Unexpected symbol

255 errors

* Try:
> Run with --stacktrace option to get the stack trace.
> Run with --info or --debug option to get more log output.
> Run with --scan to get full insights from a Build Scan (powered by Develocity).
> Get more help at https://help.gradle.org.

BUILD FAILED in 2s
[ERROR] async     TOOLING API: Error fetching model: Could not fetch model of type 'EclipseProject' using connection to Gradle distribution 'https://services.gradle.org/distributions/gradle-9.7.1-bin.zip'.
[ERROR] async     TOOLING API: EXCEPTION during resolution for /home/dae/Work/VZ/Ljod/app: Could not fetch model of type 'EclipseProject' using connection to Gradle distribution 'https://services.gradle.org/distributions/gradle-9.7.1-bin.zip'.
[WARN] async     TOOLING API: Falling back to CLI for /home/dae/Work/VZ/Ljod/app
[ERROR] async     CLI: Gradle task FAILED: e: file:///home/dae/Work/VZ/Ljod/app/build.gradle.kts:69:1: Unexpected symbol
e: file:///home/dae/Work/VZ/Ljod/app/build.gradle.kts:71:1: Unexpected symbol
e: file:///home/dae/Work/VZ/Ljod/app/build.gradle.kts:71:14: Unexpected symbol
e: file:///home/dae/Work/VZ/Ljod/app/build.gradle.kts:73:5: Unexpected symbol
e: file:///home/dae/Work/VZ/Ljod/app/build.gradle.kts:73:9: Unexpected symbol
e: file:///home/dae/Work/VZ/Ljod/app/build.gradle.kts:73:20: Unexpected symbol
e: file:///home/dae/Work/VZ/Ljod/app/build.gradle.kts:73:22: Unexpected symbol
e: file:///home/dae/Work/VZ/Ljod/app/build.gradle.kts:73:30: Unexpected symbol
e: file:///home/dae/Work/VZ/Ljod/app/build.gradle.kts:73:31: Unexpected symbol
e: file:///home/dae/Work/VZ/Ljod/app/build.gradle.kts:73:35: Unexpected symbol
e: file:///home/dae/Work/VZ/Ljod/app/build.gradle.kts:73:36: Unexpected symbol
e: file:///home/dae/Work/VZ/Ljod/app/build.gradle.kts:73:43: Unexpected symbol
e: file:///home/dae/Work/VZ/Ljod/app/build.gradle.kts:73:44: Unexpected symbol
e: file:///home/dae/Work/VZ/Ljod/app/build.gradle.kts:73:47: Unexpected symbol
e: file:///home/dae/Work/VZ/Ljod/app/build.gradle.kts:74:5: Unexpected symbol
e: file:///home/dae/Work/VZ/Ljod/app/build.gradle.kts:74:19: Unexpected symbol
e: file:///home/dae/Work/VZ/Ljod/app/build.gradle.kts:74:20: Unexpected symbol
e: file:///home/dae/Work/VZ/Ljod/app/build.gradle.kts:74:30: Unexpected symbol
e: file:///home/dae/Work/VZ/Ljod/app/build.gradle.kts:75:5: Unexpected symbol
e: file:///home/dae/Work/VZ/Ljod/app/build.gradle.kts:75:19: Unexpected symbol
e: file:///home/dae/Work/VZ/Ljod/app/build.gradle.kts:75:20: Unexpected symbol
e: file:///home/dae/Work/VZ/Ljod/app/build.gradle.kts:75:24: Unexpected symbol
e: file:///home/dae/Work/VZ/Ljod/app/build.gradle.kts:75:25: Unexpected symbol
e: file:///home/dae/Work/VZ/Ljod/app/build.gradle.kts:75:32: Unexpected symbol
e: file:///home/dae/Work/VZ/Ljod/app/build.gradle.kts:75:33: Unexpected symbol
e: file:///home/dae/Work/VZ/Ljod/app/build.gradle.kts:75:35: Unexpected symbol
e: file:///home/dae/Work/VZ/Ljod/app/build.gradle.kts:76:5: Unexpected symbol
e: file:///home/dae/Work/VZ/Ljod/app/build.gradle.kts:76:19: Unexpected symbol
e: file:///home/dae/Work/VZ/Ljod/app/build.gradle.kts:76:20: Unexpected symbol
e: file:///home/dae/Work/VZ/Ljod/app/build.gradle.kts:76:24: Unexpected symbol
e: file:///home/dae/Work/VZ/Ljod/app/build.gradle.kts:76:25: Unexpected symbol
e: file:///home/dae/Work/VZ/Ljod/app/build.gradle.kts:76:32: Unexpected symbol
e: file:///home/dae/Work/VZ/Ljod/app/build.gradle.kts:76:33: Unexpected symbol
e: file:///home/dae/Work/VZ/Ljod/app/build.gradle.kts:76:35: Unexpected symbol
e: file:///home/dae/Work/VZ/Ljod/app/build.gradle.kts:76:36: Unexpected symbol
e: file:///home/dae/Work/VZ/Ljod/app/build.gradle.kts:76:44: Unexpected symbol
e: file:///home/dae/Work/VZ/Ljod/app/build.gradle.kts:77:5: Unexpected symbol
e: file:///home/dae/Work/VZ/Ljod/app/build.gradle.kts:77:19: Unexpected symbol
e: file:///home/dae/Work/VZ/Ljod/app/build.gradle.kts:77:20: Unexpected symbol
e: file:///home/dae/Work/VZ/Ljod/app/build.gradle.kts:77:24: Unexpected symbol
e: file:///home/dae/Work/VZ/Ljod/app/build.gradle.kts:77:25: Unexpected symbol
e: file:///home/dae/Work/VZ/Ljod/app/build.gradle.kts:77:32: Unexpected symbol
e: file:///home/dae/Work/VZ/Ljod/app/build.gradle.kts:77:33: Unexpected symbol
e: file:///home/dae/Work/VZ/Ljod/app/build.gradle.kts:77:42: Unexpected symbol
e: file:///home/dae/Work/VZ/Ljod/app/build.gradle.kts:78:5: Unexpected symbol
e: file:///home/dae/Work/VZ/Ljod/app/build.gradle.kts:78:19: Unexpected symbol
e: file:///home/dae/Work/VZ/Ljod/app/build.gradle.kts:78:20: Unexpected symbol
e: file:///home/dae/Work/VZ/Ljod/app/build.gradle.kts:78:24: Unexpected symbol
e: file:///home/dae/Work/VZ/Ljod/app/build.gradle.kts:78:25: Unexpected symbol
e: file:///home/dae/Work/VZ/Ljod/app/build.gradle.kts:78:32: Unexpected symbol
e: file:///home/dae/Work/VZ/Ljod/app/build.gradle.kts:78:33: Unexpected symbol
e: file:///home/dae/Work/VZ/Ljod/app/build.gradle.kts:78:41: Unexpected symbol
e: file:///home/dae/Work/VZ/Ljod/app/build.gradle.kts:78:42: Unexpected symbol
e: file:///home/dae/Work/VZ/Ljod/app/build.gradle.kts:78:47: Unexpected symbol
e: file:///home/dae/Work/VZ/Ljod/app/build.gradle.kts:79:5: Unexpected symbol
e: file:///home/dae/Work/VZ/Ljod/app/build.gradle.kts:79:19: Unexpected symbol
e: file:///home/dae/Work/VZ/Ljod/app/build.gradle.kts:79:20: Unexpected symbol
e: file:///home/dae/Work/VZ/Ljod/app/build.gradle.kts:79:24: Unexpected symbol
e: file:///home/dae/Work/VZ/Ljod/app/build.gradle.kts:79:25: Unexpected symbol
e: file:///home/dae/Work/VZ/Ljod/app/build.gradle.kts:79:32: Unexpected symbol
e: file:///home/dae/Work/VZ/Ljod/app/build.gradle.kts:79:33: Unexpected symbol
e: file:///home/dae/Work/VZ/Ljod/app/build.gradle.kts:79:42: Unexpected symbol
e: file:///home/dae/Work/VZ/Ljod/app/build.gradle.kts:80:5: Unexpected symbol
e: file:///home/dae/Work/VZ/Ljod/app/build.gradle.kts:80:19: Unexpected symbol
e: file:///home/dae/Work/VZ/Ljod/app/build.gradle.kts:80:20: Unexpected symbol
e: file:///home/dae/Work/VZ/Ljod/app/build.gradle.kts:80:24: Unexpected symbol
e: file:///home/dae/Work/VZ/Ljod/app/build.gradle.kts:80:25: Unexpected symbol
e: file:///home/dae/Work/VZ/Ljod/app/build.gradle.kts:80:32: Unexpected symbol
e: file:///home/dae/Work/VZ/Ljod/app/build.gradle.kts:80:33: Unexpected symbol
e: file:///home/dae/Work/VZ/Ljod/app/build.gradle.kts:80:43: Unexpected symbol
e: file:///home/dae/Work/VZ/Ljod/app/build.gradle.kts:81:5: Unexpected symbol
e: file:///home/dae/Work/VZ/Ljod/app/build.gradle.kts:81:24: Unexpected symbol
e: file:///home/dae/Work/VZ/Ljod/app/build.gradle.kts:81:25: Unexpected symbol
e: file:///home/dae/Work/VZ/Ljod/app/build.gradle.kts:81:29: Unexpected symbol
e: file:///home/dae/Work/VZ/Ljod/app/build.gradle.kts:81:30: Unexpected symbol
e: file:///home/dae/Work/VZ/Ljod/app/build.gradle.kts:81:37: Unexpected symbol
e: file:///home/dae/Work/VZ/Ljod/app/build.gradle.kts:81:38: Unexpected symbol
e: file:///home/dae/Work/VZ/Ljod/app/build.gradle.kts:81:40: Unexpected symbol
e: file:///home/dae/Work/VZ/Ljod/app/build.gradle.kts:81:41: Unexpected symbol
e: file:///home/dae/Work/VZ/Ljod/app/build.gradle.kts:81:48: Unexpected symbol
e: file:///home/dae/Work/VZ/Ljod/app/build.gradle.kts:84:5: Unexpected symbol
e: file:///home/dae/Work/VZ/Ljod/app/build.gradle.kts:84:19: Unexpected symbol
e: file:///home/dae/Work/VZ/Ljod/app/build.gradle.kts:84:20: Unexpected symbol
e: file:///home/dae/Work/VZ/Ljod/app/build.gradle.kts:84:24: Unexpected symbol
e: file:///home/dae/Work/VZ/Ljod/app/build.gradle.kts:84:25: Unexpected symbol
e: file:///home/dae/Work/VZ/Ljod/app/build.gradle.kts:84:29: Unexpected symbol
e: file:///home/dae/Work/VZ/Ljod/app/build.gradle.kts:84:30: Unexpected symbol
e: file:///home/dae/Work/VZ/Ljod/app/build.gradle.kts:84:33: Unexpected symbol
e: file:///home/dae/Work/VZ/Ljod/app/build.gradle.kts:85:5: Unexpected symbol
e: file:///home/dae/Work/VZ/Ljod/app/build.gradle.kts:85:19: Unexpected symbol
e: file:///home/dae/Work/VZ/Ljod/app/build.gradle.kts:85:20: Unexpected symbol
e: file:///home/dae/Work/VZ/Ljod/app/build.gradle.kts:85:24: Unexpected symbol
e: file:///home/dae/Work/VZ/Ljod/app/build.gradle.kts:85:25: Unexpected symbol
e: file:///home/dae/Work/VZ/Ljod/app/build.gradle.kts:85:33: Unexpected symbol
e: file:///home/dae/Work/VZ/Ljod/app/build.gradle.kts:85:34: Unexpected symbol
e: file:///home/dae/Work/VZ/Ljod/app/build.gradle.kts:85:41: Unexpected symbol
e: file:///home/dae/Work/VZ/Ljod/app/build.gradle.kts:86:5: Unexpected symbol
e: file:///home/dae/Work/VZ/Ljod/app/build.gradle.kts:86:19: Unexpected symbol
e: file:///home/dae/Work/VZ/Ljod/app/build.gradle.kts:86:20: Unexpected symbol
e: file:///home/dae/Work/VZ/Ljod/app/build.gradle.kts:86:24: Unexpected symbol
e: file:///home/dae/Work/VZ/Ljod/app/build.gradle.kts:86:25: Unexpected symbol
e: file:///home/dae/Work/VZ/Ljod/app/build.gradle.kts:86:34: Unexpected symbol
e: file:///home/dae/Work/VZ/Ljod/app/build.gradle.kts:86:35: Unexpected symbol
e: file:///home/dae/Work/VZ/Ljod/app/build.gradle.kts:86:42: Unexpected symbol
e: file:///home/dae/Work/VZ/Ljod/app/build.gradle.kts:87:5: Unexpected symbol
e: file:///home/dae/Work/VZ/Ljod/app/build.gradle.kts:87:19: Unexpected symbol
e: file:///home/dae/Work/VZ/Ljod/app/build.gradle.kts:87:20: Unexpected symbol
e: file:///home/dae/Work/VZ/Ljod/app/build.gradle.kts:87:24: Unexpected symbol
e: file:///home/dae/Work/VZ/Ljod/app/build.gradle.kts:87:25: Unexpected symbol
e: file:///home/dae/Work/VZ/Ljod/app/build.gradle.kts:87:34: Unexpected symbol
e: file:///home/dae/Work/VZ/Ljod/app/build.gradle.kts:87:35: Unexpected symbol
e: file:///home/dae/Work/VZ/Ljod/app/build.gradle.kts:87:44: Unexpected symbol
e: file:///home/dae/Work/VZ/Ljod/app/build.gradle.kts:90:5: Unexpected symbol
e: file:///home/dae/Work/VZ/Ljod/app/build.gradle.kts:90:19: Unexpected symbol
e: file:///home/dae/Work/VZ/Ljod/app/build.gradle.kts:90:20: Unexpected symbol
e: file:///home/dae/Work/VZ/Ljod/app/build.gradle.kts:90:24: Unexpected symbol
e: file:///home/dae/Work/VZ/Ljod/app/build.gradle.kts:90:25: Unexpected symbol
e: file:///home/dae/Work/VZ/Ljod/app/build.gradle.kts:90:31: Unexpected symbol
e: file:///home/dae/Work/VZ/Ljod/app/build.gradle.kts:90:32: Unexpected symbol
e: file:///home/dae/Work/VZ/Ljod/app/build.gradle.kts:90:41: Unexpected symbol
e: file:///home/dae/Work/VZ/Ljod/app/build.gradle.kts:91:5: Unexpected symbol
e: file:///home/dae/Work/VZ/Ljod/app/build.gradle.kts:91:19: Unexpected symbol
e: file:///home/dae/Work/VZ/Ljod/app/build.gradle.kts:91:20: Unexpected symbol
e: file:///home/dae/Work/VZ/Ljod/app/build.gradle.kts:91:24: Unexpected symbol
e: file:///home/dae/Work/VZ/Ljod/app/build.gradle.kts:91:25: Unexpected symbol
e: file:///home/dae/Work/VZ/Ljod/app/build.gradle.kts:91:31: Unexpected symbol
e: file:///home/dae/Work/VZ/Ljod/app/build.gradle.kts:91:32: Unexpected symbol
e: file:///home/dae/Work/VZ/Ljod/app/build.gradle.kts:91:39: Unexpected symbol
e: file:///home/dae/Work/VZ/Ljod/app/build.gradle.kts:92:5: Unexpected symbol
e: file:///home/dae/Work/VZ/Ljod/app/build.gradle.kts:92:19: Unexpected symbol
e: file:///home/dae/Work/VZ/Ljod/app/build.gradle.kts:92:20: Unexpected symbol
e: file:///home/dae/Work/VZ/Ljod/app/build.gradle.kts:92:24: Unexpected symbol
e: file:///home/dae/Work/VZ/Ljod/app/build.gradle.kts:92:25: Unexpected symbol
e: file:///home/dae/Work/VZ/Ljod/app/build.gradle.kts:92:31: Unexpected symbol
e: file:///home/dae/Work/VZ/Ljod/app/build.gradle.kts:92:32: Unexpected symbol
e: file:///home/dae/Work/VZ/Ljod/app/build.gradle.kts:92:38: Unexpected symbol
e: file:///home/dae/Work/VZ/Ljod/app/build.gradle.kts:95:5: Unexpected symbol
e: file:///home/dae/Work/VZ/Ljod/app/build.gradle.kts:95:19: Unexpected symbol
e: file:///home/dae/Work/VZ/Ljod/app/build.gradle.kts:95:20: Unexpected symbol
e: file:///home/dae/Work/VZ/Ljod/app/build.gradle.kts:95:24: Unexpected symbol
e: file:///home/dae/Work/VZ/Ljod/app/build.gradle.kts:95:25: Unexpected symbol
e: file:///home/dae/Work/VZ/Ljod/app/build.gradle.kts:95:29: Unexpected symbol
e: file:///home/dae/Work/VZ/Ljod/app/build.gradle.kts:95:30: Unexpected symbol
e: file:///home/dae/Work/VZ/Ljod/app/build.gradle.kts:95:37: Unexpected symbol
e: file:///home/dae/Work/VZ/Ljod/app/build.gradle.kts:96:5: Unexpected symbol
e: file:///home/dae/Work/VZ/Ljod/app/build.gradle.kts:96:8: Unexpected symbol
e: file:///home/dae/Work/VZ/Ljod/app/build.gradle.kts:96:9: Unexpected symbol
e: file:///home/dae/Work/VZ/Ljod/app/build.gradle.kts:96:13: Unexpected symbol
e: file:///home/dae/Work/VZ/Ljod/app/build.gradle.kts:96:14: Unexpected symbol
e: file:///home/dae/Work/VZ/Ljod/app/build.gradle.kts:96:18: Unexpected symbol
e: file:///home/dae/Work/VZ/Ljod/app/build.gradle.kts:96:19: Unexpected symbol
e: file:///home/dae/Work/VZ/Ljod/app/build.gradle.kts:96:27: Unexpected symbol
e: file:///home/dae/Work/VZ/Ljod/app/build.gradle.kts:97:5: Unexpected symbol
e: file:///home/dae/Work/VZ/Ljod/app/build.gradle.kts:97:19: Unexpected symbol
e: file:///home/dae/Work/VZ/Ljod/app/build.gradle.kts:97:20: Unexpected symbol
e: file:///home/dae/Work/VZ/Ljod/app/build.gradle.kts:97:24: Unexpected symbol
e: file:///home/dae/Work/VZ/Ljod/app/build.gradle.kts:97:25: Unexpected symbol
e: file:///home/dae/Work/VZ/Ljod/app/build.gradle.kts:97:29: Unexpected symbol
e: file:///home/dae/Work/VZ/Ljod/app/build.gradle.kts:97:30: Unexpected symbol
e: file:///home/dae/Work/VZ/Ljod/app/build.gradle.kts:97:40: Unexpected symbol
e: file:///home/dae/Work/VZ/Ljod/app/build.gradle.kts:100:5: Unexpected symbol
e: file:///home/dae/Work/VZ/Ljod/app/build.gradle.kts:100:19: Unexpected symbol
e: file:///home/dae/Work/VZ/Ljod/app/build.gradle.kts:100:20: Unexpected symbol
e: file:///home/dae/Work/VZ/Ljod/app/build.gradle.kts:100:24: Unexpected symbol
e: file:///home/dae/Work/VZ/Ljod/app/build.gradle.kts:100:25: Unexpected symbol
e: file:///home/dae/Work/VZ/Ljod/app/build.gradle.kts:100:29: Unexpected symbol
e: file:///home/dae/Work/VZ/Ljod/app/build.gradle.kts:100:30: Unexpected symbol
e: file:///home/dae/Work/VZ/Ljod/app/build.gradle.kts:100:37: Unexpected symbol
e: file:///home/dae/Work/VZ/Ljod/app/build.gradle.kts:101:5: Unexpected symbol
e: file:///home/dae/Work/VZ/Ljod/app/build.gradle.kts:101:19: Unexpected symbol
e: file:///home/dae/Work/VZ/Ljod/app/build.gradle.kts:101:20: Unexpected symbol
e: file:///home/dae/Work/VZ/Ljod/app/build.gradle.kts:101:24: Unexpected symbol
e: file:///home/dae/Work/VZ/Ljod/app/build.gradle.kts:101:25: Unexpected symbol
e: file:///home/dae/Work/VZ/Ljod/app/build.gradle.kts:101:29: Unexpected symbol
e: file:///home/dae/Work/VZ/Ljod/app/build.gradle.kts:101:30: Unexpected symbol
e: file:///home/dae/Work/VZ/Ljod/app/build.gradle.kts:101:33: Unexpected symbol
e: file:///home/dae/Work/VZ/Ljod/app/build.gradle.kts:102:5: Unexpected symbol
e: file:///home/dae/Work/VZ/Ljod/app/build.gradle.kts:102:8: Unexpected symbol
e: file:///home/dae/Work/VZ/Ljod/app/build.gradle.kts:102:9: Unexpected symbol
e: file:///home/dae/Work/VZ/Ljod/app/build.gradle.kts:102:13: Unexpected symbol
e: file:///home/dae/Work/VZ/Ljod/app/build.gradle.kts:102:14: Unexpected symbol
e: file:///home/dae/Work/VZ/Ljod/app/build.gradle.kts:102:18: Unexpected symbol
e: file:///home/dae/Work/VZ/Ljod/app/build.gradle.kts:102:19: Unexpected symbol
e: file:///home/dae/Work/VZ/Ljod/app/build.gradle.kts:102:27: Unexpected symbol
e: file:///home/dae/Work/VZ/Ljod/app/build.gradle.kts:103:5: Unexpected symbol
e: file:///home/dae/Work/VZ/Ljod/app/build.gradle.kts:103:19: Unexpected symbol
e: file:///home/dae/Work/VZ/Ljod/app/build.gradle.kts:103:20: Unexpected symbol
e: file:///home/dae/Work/VZ/Ljod/app/build.gradle.kts:103:24: Unexpected symbol
e: file:///home/dae/Work/VZ/Ljod/app/build.gradle.kts:103:25: Unexpected symbol
e: file:///home/dae/Work/VZ/Ljod/app/build.gradle.kts:103:34: Unexpected symbol
e: file:///home/dae/Work/VZ/Ljod/app/build.gradle.kts:103:35: Unexpected symbol
e: file:///home/dae/Work/VZ/Ljod/app/build.gradle.kts:103:46: Unexpected symbol
e: file:///home/dae/Work/VZ/Ljod/app/build.gradle.kts:106:5: Unexpected symbol
e: file:///home/dae/Work/VZ/Ljod/app/build.gradle.kts:106:19: Unexpected symbol
e: file:///home/dae/Work/VZ/Ljod/app/build.gradle.kts:106:20: Unexpected symbol
e: file:///home/dae/Work/VZ/Ljod/app/build.gradle.kts:106:24: Unexpected symbol
e: file:///home/dae/Work/VZ/Ljod/app/build.gradle.kts:106:25: Unexpected symbol
e: file:///home/dae/Work/VZ/Ljod/app/build.gradle.kts:106:31: Unexpected symbol
e: file:///home/dae/Work/VZ/Ljod/app/build.gradle.kts:109:5: Unexpected symbol
e: file:///home/dae/Work/VZ/Ljod/app/build.gradle.kts:109:19: Unexpected symbol
e: file:///home/dae/Work/VZ/Ljod/app/build.gradle.kts:109:20: Unexpected symbol
e: file:///home/dae/Work/VZ/Ljod/app/build.gradle.kts:109:24: Unexpected symbol
e: file:///home/dae/Work/VZ/Ljod/app/build.gradle.kts:109:25: Unexpected symbol
e: file:///home/dae/Work/VZ/Ljod/app/build.gradle.kts:109:32: Unexpected symbol
e: file:///home/dae/Work/VZ/Ljod/app/build.gradle.kts:109:33: Unexpected symbol
e: file:///home/dae/Work/VZ/Ljod/app/build.gradle.kts:109:46: Unexpected symbol
e: file:///home/dae/Work/VZ/Ljod/app/build.gradle.kts:109:47: Unexpected symbol
e: file:///home/dae/Work/VZ/Ljod/app/build.gradle.kts:109:51: Unexpected symbol
e: file:///home/dae/Work/VZ/Ljod/app/build.gradle.kts:110:5: Unexpected symbol
e: file:///home/dae/Work/VZ/Ljod/app/build.gradle.kts:110:19: Unexpected symbol
e: file:///home/dae/Work/VZ/Ljod/app/build.gradle.kts:110:20: Unexpected symbol
e: file:///home/dae/Work/VZ/Ljod/app/build.gradle.kts:110:24: Unexpected symbol
e: file:///home/dae/Work/VZ/Ljod/app/build.gradle.kts:110:25: Unexpected symbol
e: file:///home/dae/Work/VZ/Ljod/app/build.gradle.kts:110:32: Unexpected symbol
e: file:///home/dae/Work/VZ/Ljod/app/build.gradle.kts:110:33: Unexpected symbol
e: file:///home/dae/Work/VZ/Ljod/app/build.gradle.kts:110:43: Unexpected symbol
e: file:///home/dae/Work/VZ/Ljod/app/build.gradle.kts:113:5: Unexpected symbol
e: file:///home/dae/Work/VZ/Ljod/app/build.gradle.kts:113:19: Unexpected symbol
e: file:///home/dae/Work/VZ/Ljod/app/build.gradle.kts:113:20: Unexpected symbol
e: file:///home/dae/Work/VZ/Ljod/app/build.gradle.kts:113:24: Unexpected symbol
e: file:///home/dae/Work/VZ/Ljod/app/build.gradle.kts:113:25: Unexpected symbol
e: file:///home/dae/Work/VZ/Ljod/app/build.gradle.kts:113:29: Unexpected symbol
e: file:///home/dae/Work/VZ/Ljod/app/build.gradle.kts:113:30: Unexpected symbol
e: file:///home/dae/Work/VZ/Ljod/app/build.gradle.kts:113:37: Unexpected symbol
e: file:///home/dae/Work/VZ/Ljod/app/build.gradle.kts:114:5: Unexpected symbol
e: file:///home/dae/Work/VZ/Ljod/app/build.gradle.kts:114:19: Unexpected symbol
e: file:///home/dae/Work/VZ/Ljod/app/build.gradle.kts:114:20: Unexpected symbol
e: file:///home/dae/Work/VZ/Ljod/app/build.gradle.kts:114:24: Unexpected symbol
e: file:///home/dae/Work/VZ/Ljod/app/build.gradle.kts:114:25: Unexpected symbol
e: file:///home/dae/Work/VZ/Ljod/app/build.gradle.kts:114:29: Unexpected symbol
e: file:///home/dae/Work/VZ/Ljod/app/build.gradle.kts:114:30: Unexpected symbol
e: file:///home/dae/Work/VZ/Ljod/app/build.gradle.kts:114:37: Unexpected symbol
e: file:///home/dae/Work/VZ/Ljod/app/build.gradle.kts:114:38: Unexpected symbol
e: file:///home/dae/Work/VZ/Ljod/app/build.gradle.kts:114:44: Unexpected symbol
e: file:///home/dae/Work/VZ/Ljod/app/build.gradle.kts:117:5: Unexpected symbol
e: file:///home/dae/Work/VZ/Ljod/app/build.gradle.kts:117:19: Unexpected symbol
e: file:///home/dae/Work/VZ/Ljod/app/build.gradle.kts:117:20: Unexpected symbol
e: file:///home/dae/Work/VZ/Ljod/app/build.gradle.kts:117:24: Unexpected symbol
e: file:///home/dae/Work/VZ/Ljod/app/build.gradle.kts:117:25: Unexpected symbol
e: file:///home/dae/Work/VZ/Ljod/app/build.gradle.kts:117:31: Unexpected symbol
e: file:///home/dae/Work/VZ/Ljod/app/build.gradle.kts:118:5: Unexpected symbol
e: file:///home/dae/Work/VZ/Ljod/app/build.gradle.kts:118:19: Unexpected symbol
e: file:///home/dae/Work/VZ/Ljod/app/build.gradle.kts:118:20: Unexpected symbol
e: file:///home/dae/Work/VZ/Ljod/app/build.gradle.kts:118:24: Unexpected symbol
e: file:///home/dae/Work/VZ/Ljod/app/build.gradle.kts:118:25: Unexpected symbol
e: file:///home/dae/Work/VZ/Ljod/app/build.gradle.kts:118:33: Unexpected symbol
e: file:///home/dae/Work/VZ/Ljod/app/build.gradle.kts:119:5: Unexpected symbol
e: file:///home/dae/Work/VZ/Ljod/app/build.gradle.kts:119:19: Unexpected symbol
e: file:///home/dae/Work/VZ/Ljod/app/build.gradle.kts:119:20: Unexpected symbol
e: file:///home/dae/Work/VZ/Ljod/app/build.gradle.kts:119:24: Unexpected symbol
e: file:///home/dae/Work/VZ/Ljod/app/build.gradle.kts:119:25: Unexpected symbol
e: file:///home/dae/Work/VZ/Ljod/app/build.gradle.kts:119:33: Unexpected symbol
e: file:///home/dae/Work/VZ/Ljod/app/build.gradle.kts:119:34: Unexpected symbol
e: file:///home/dae/Work/VZ/Ljod/app/build.gradle.kts:119:41: Unexpected symbol
e: file:///home/dae/Work/VZ/Ljod/app/build.gradle.kts:120:1: Unexpected symbol

FAILURE: Build failed with an exception.

* Where:
Build file '/home/dae/Work/VZ/Ljod/app/build.gradle.kts' line: 69

* What went wrong:
Script compilation errors:

  Line 069: }
            ^ Unexpected symbol

  Line 071: dependencies {
            ^ Unexpected symbol

  Line 071: dependencies {
                         ^ Unexpected symbol

  Line 073:     val composeBom = platform(libs.compose.bom)
                ^ Unexpected symbol

  Line 073:     val composeBom = platform(libs.compose.bom)
                    ^ Unexpected symbol

  Line 073:     val composeBom = platform(libs.compose.bom)
                               ^ Unexpected symbol

  Line 073:     val composeBom = platform(libs.compose.bom)
                                 ^ Unexpected symbol

  Line 073:     val composeBom = platform(libs.compose.bom)
                                         ^ Unexpected symbol

  Line 073:     val composeBom = platform(libs.compose.bom)
                                          ^ Unexpected symbol

  Line 073:     val composeBom = platform(libs.compose.bom)
                                              ^ Unexpected symbol

  Line 073:     val composeBom = platform(libs.compose.bom)
                                               ^ Unexpected symbol

  Line 073:     val composeBom = platform(libs.compose.bom)
                                                      ^ Unexpected symbol

  Line 073:     val composeBom = platform(libs.compose.bom)
                                                       ^ Unexpected symbol

  Line 073:     val composeBom = platform(libs.compose.bom)
                                                          ^ Unexpected symbol

  Line 074:     implementation(composeBom)
                ^ Unexpected symbol

  Line 074:     implementation(composeBom)
                              ^ Unexpected symbol

  Line 074:     implementation(composeBom)
                               ^ Unexpected symbol

  Line 074:     implementation(composeBom)
                                         ^ Unexpected symbol

  Line 075:     implementation(libs.compose.ui)
                ^ Unexpected symbol

  Line 075:     implementation(libs.compose.ui)
                              ^ Unexpected symbol

  Line 075:     implementation(libs.compose.ui)
                               ^ Unexpected symbol

  Line 075:     implementation(libs.compose.ui)
                                   ^ Unexpected symbol

  Line 075:     implementation(libs.compose.ui)
                                    ^ Unexpected symbol

  Line 075:     implementation(libs.compose.ui)
                                           ^ Unexpected symbol

  Line 075:     implementation(libs.compose.ui)
                                            ^ Unexpected symbol

  Line 075:     implementation(libs.compose.ui)
                                              ^ Unexpected symbol

  Line 076:     implementation(libs.compose.ui.graphics)
                ^ Unexpected symbol

  Line 076:     implementation(libs.compose.ui.graphics)
                              ^ Unexpected symbol

  Line 076:     implementation(libs.compose.ui.graphics)
                               ^ Unexpected symbol

  Line 076:     implementation(libs.compose.ui.graphics)
                                   ^ Unexpected symbol

  Line 076:     implementation(libs.compose.ui.graphics)
                                    ^ Unexpected symbol

  Line 076:     implementation(libs.compose.ui.graphics)
                                           ^ Unexpected symbol

  Line 076:     implementation(libs.compose.ui.graphics)
                                            ^ Unexpected symbol

  Line 076:     implementation(libs.compose.ui.graphics)
                                              ^ Unexpected symbol

  Line 076:     implementation(libs.compose.ui.graphics)
                                               ^ Unexpected symbol

  Line 076:     implementation(libs.compose.ui.graphics)
                                                       ^ Unexpected symbol

  Line 077:     implementation(libs.compose.material3)
                ^ Unexpected symbol

  Line 077:     implementation(libs.compose.material3)
                              ^ Unexpected symbol

  Line 077:     implementation(libs.compose.material3)
                               ^ Unexpected symbol

  Line 077:     implementation(libs.compose.material3)
                                   ^ Unexpected symbol

  Line 077:     implementation(libs.compose.material3)
                                    ^ Unexpected symbol

  Line 077:     implementation(libs.compose.material3)
                                           ^ Unexpected symbol

  Line 077:     implementation(libs.compose.material3)
                                            ^ Unexpected symbol

  Line 077:     implementation(libs.compose.material3)
                                                     ^ Unexpected symbol

  Line 078:     implementation(libs.compose.material.icons)
                ^ Unexpected symbol

  Line 078:     implementation(libs.compose.material.icons)
                              ^ Unexpected symbol

  Line 078:     implementation(libs.compose.material.icons)
                               ^ Unexpected symbol

  Line 078:     implementation(libs.compose.material.icons)
                                   ^ Unexpected symbol

  Line 078:     implementation(libs.compose.material.icons)
                                    ^ Unexpected symbol

  Line 078:     implementation(libs.compose.material.icons)
                                           ^ Unexpected symbol

  Line 078:     implementation(libs.compose.material.icons)
                                            ^ Unexpected symbol

  Line 078:     implementation(libs.compose.material.icons)
                                                    ^ Unexpected symbol

  Line 078:     implementation(libs.compose.material.icons)
                                                     ^ Unexpected symbol

  Line 078:     implementation(libs.compose.material.icons)
                                                          ^ Unexpected symbol

  Line 079:     implementation(libs.compose.animation)
                ^ Unexpected symbol

  Line 079:     implementation(libs.compose.animation)
                              ^ Unexpected symbol

  Line 079:     implementation(libs.compose.animation)
                               ^ Unexpected symbol

  Line 079:     implementation(libs.compose.animation)
                                   ^ Unexpected symbol

  Line 079:     implementation(libs.compose.animation)
                                    ^ Unexpected symbol

  Line 079:     implementation(libs.compose.animation)
                                           ^ Unexpected symbol

  Line 079:     implementation(libs.compose.animation)
                                            ^ Unexpected symbol

  Line 079:     implementation(libs.compose.animation)
                                                     ^ Unexpected symbol

  Line 080:     implementation(libs.compose.foundation)
                ^ Unexpected symbol

  Line 080:     implementation(libs.compose.foundation)
                              ^ Unexpected symbol

  Line 080:     implementation(libs.compose.foundation)
                               ^ Unexpected symbol

  Line 080:     implementation(libs.compose.foundation)
                                   ^ Unexpected symbol

  Line 080:     implementation(libs.compose.foundation)
                                    ^ Unexpected symbol

  Line 080:     implementation(libs.compose.foundation)
                                           ^ Unexpected symbol

  Line 080:     implementation(libs.compose.foundation)
                                            ^ Unexpected symbol

  Line 080:     implementation(libs.compose.foundation)
                                                      ^ Unexpected symbol

  Line 081:     debugImplementation(libs.compose.ui.tooling)
                ^ Unexpected symbol

  Line 081:     debugImplementation(libs.compose.ui.tooling)
                                   ^ Unexpected symbol

  Line 081:     debugImplementation(libs.compose.ui.tooling)
                                    ^ Unexpected symbol

  Line 081:     debugImplementation(libs.compose.ui.tooling)
                                        ^ Unexpected symbol

  Line 081:     debugImplementation(libs.compose.ui.tooling)
                                         ^ Unexpected symbol

  Line 081:     debugImplementation(libs.compose.ui.tooling)
                                                ^ Unexpected symbol

  Line 081:     debugImplementation(libs.compose.ui.tooling)
                                                 ^ Unexpected symbol

  Line 081:     debugImplementation(libs.compose.ui.tooling)
                                                   ^ Unexpected symbol

  Line 081:     debugImplementation(libs.compose.ui.tooling)
                                                    ^ Unexpected symbol

  Line 081:     debugImplementation(libs.compose.ui.tooling)
                                                           ^ Unexpected symbol

  Line 084:     implementation(libs.core.ktx)
                ^ Unexpected symbol

  Line 084:     implementation(libs.core.ktx)
                              ^ Unexpected symbol

  Line 084:     implementation(libs.core.ktx)
                               ^ Unexpected symbol

  Line 084:     implementation(libs.core.ktx)
                                   ^ Unexpected symbol

  Line 084:     implementation(libs.core.ktx)
                                    ^ Unexpected symbol

  Line 084:     implementation(libs.core.ktx)
                                        ^ Unexpected symbol

  Line 084:     implementation(libs.core.ktx)
                                         ^ Unexpected symbol

  Line 084:     implementation(libs.core.ktx)
                                            ^ Unexpected symbol

  Line 085:     implementation(libs.activity.compose)
                ^ Unexpected symbol

  Line 085:     implementation(libs.activity.compose)
                              ^ Unexpected symbol

  Line 085:     implementation(libs.activity.compose)
                               ^ Unexpected symbol

  Line 085:     implementation(libs.activity.compose)
                                   ^ Unexpected symbol

  Line 085:     implementation(libs.activity.compose)
                                    ^ Unexpected symbol

  Line 085:     implementation(libs.activity.compose)
                                            ^ Unexpected symbol

  Line 085:     implementation(libs.activity.compose)
                                             ^ Unexpected symbol

  Line 085:     implementation(libs.activity.compose)
                                                    ^ Unexpected symbol

  Line 086:     implementation(libs.lifecycle.runtime)
                ^ Unexpected symbol

  Line 086:     implementation(libs.lifecycle.runtime)
                              ^ Unexpected symbol

  Line 086:     implementation(libs.lifecycle.runtime)
                               ^ Unexpected symbol

  Line 086:     implementation(libs.lifecycle.runtime)
                                   ^ Unexpected symbol

  Line 086:     implementation(libs.lifecycle.runtime)
                                    ^ Unexpected symbol

  Line 086:     implementation(libs.lifecycle.runtime)
                                             ^ Unexpected symbol

  Line 086:     implementation(libs.lifecycle.runtime)
                                              ^ Unexpected symbol

  Line 086:     implementation(libs.lifecycle.runtime)
                                                     ^ Unexpected symbol

  Line 087:     implementation(libs.lifecycle.viewmodel)
                ^ Unexpected symbol

  Line 087:     implementation(libs.lifecycle.viewmodel)
                              ^ Unexpected symbol

  Line 087:     implementation(libs.lifecycle.viewmodel)
                               ^ Unexpected symbol

  Line 087:     implementation(libs.lifecycle.viewmodel)
                                   ^ Unexpected symbol

  Line 087:     implementation(libs.lifecycle.viewmodel)
                                    ^ Unexpected symbol

  Line 087:     implementation(libs.lifecycle.viewmodel)
                                             ^ Unexpected symbol

  Line 087:     implementation(libs.lifecycle.viewmodel)
                                              ^ Unexpected symbol

  Line 087:     implementation(libs.lifecycle.viewmodel)
                                                       ^ Unexpected symbol

  Line 090:     implementation(libs.media3.exoplayer)
                ^ Unexpected symbol

  Line 090:     implementation(libs.media3.exoplayer)
                              ^ Unexpected symbol

  Line 090:     implementation(libs.media3.exoplayer)
                               ^ Unexpected symbol

  Line 090:     implementation(libs.media3.exoplayer)
                                   ^ Unexpected symbol

  Line 090:     implementation(libs.media3.exoplayer)
                                    ^ Unexpected symbol

  Line 090:     implementation(libs.media3.exoplayer)
                                          ^ Unexpected symbol

  Line 090:     implementation(libs.media3.exoplayer)
                                           ^ Unexpected symbol

  Line 090:     implementation(libs.media3.exoplayer)
                                                    ^ Unexpected symbol

  Line 091:     implementation(libs.media3.session)
                ^ Unexpected symbol

  Line 091:     implementation(libs.media3.session)
                              ^ Unexpected symbol

  Line 091:     implementation(libs.media3.session)
                               ^ Unexpected symbol

  Line 091:     implementation(libs.media3.session)
                                   ^ Unexpected symbol

  Line 091:     implementation(libs.media3.session)
                                    ^ Unexpected symbol

  Line 091:     implementation(libs.media3.session)
                                          ^ Unexpected symbol

  Line 091:     implementation(libs.media3.session)
                                           ^ Unexpected symbol

  Line 091:     implementation(libs.media3.session)
                                                  ^ Unexpected symbol

  Line 092:     implementation(libs.media3.common)
                ^ Unexpected symbol

  Line 092:     implementation(libs.media3.common)
                              ^ Unexpected symbol

  Line 092:     implementation(libs.media3.common)
                               ^ Unexpected symbol

  Line 092:     implementation(libs.media3.common)
                                   ^ Unexpected symbol

  Line 092:     implementation(libs.media3.common)
                                    ^ Unexpected symbol

  Line 092:     implementation(libs.media3.common)
                                          ^ Unexpected symbol

  Line 092:     implementation(libs.media3.common)
                                           ^ Unexpected symbol

  Line 092:     implementation(libs.media3.common)
                                                 ^ Unexpected symbol

  Line 095:     implementation(libs.hilt.android)
                ^ Unexpected symbol

  Line 095:     implementation(libs.hilt.android)
                              ^ Unexpected symbol

  Line 095:     implementation(libs.hilt.android)
                               ^ Unexpected symbol

  Line 095:     implementation(libs.hilt.android)
                                   ^ Unexpected symbol

  Line 095:     implementation(libs.hilt.android)
                                    ^ Unexpected symbol

  Line 095:     implementation(libs.hilt.android)
                                        ^ Unexpected symbol

  Line 095:     implementation(libs.hilt.android)
                                         ^ Unexpected symbol

  Line 095:     implementation(libs.hilt.android)
                                                ^ Unexpected symbol

  Line 096:     ksp(libs.hilt.compiler)
                ^ Unexpected symbol

  Line 096:     ksp(libs.hilt.compiler)
                   ^ Unexpected symbol

  Line 096:     ksp(libs.hilt.compiler)
                    ^ Unexpected symbol

  Line 096:     ksp(libs.hilt.compiler)
                        ^ Unexpected symbol

  Line 096:     ksp(libs.hilt.compiler)
                         ^ Unexpected symbol

  Line 096:     ksp(libs.hilt.compiler)
                             ^ Unexpected symbol

  Line 096:     ksp(libs.hilt.compiler)
                              ^ Unexpected symbol

  Line 096:     ksp(libs.hilt.compiler)
                                      ^ Unexpected symbol

  Line 097:     implementation(libs.hilt.navigation)
                ^ Unexpected symbol

  Line 097:     implementation(libs.hilt.navigation)
                              ^ Unexpected symbol

  Line 097:     implementation(libs.hilt.navigation)
                               ^ Unexpected symbol

  Line 097:     implementation(libs.hilt.navigation)
                                   ^ Unexpected symbol

  Line 097:     implementation(libs.hilt.navigation)
                                    ^ Unexpected symbol

  Line 097:     implementation(libs.hilt.navigation)
                                        ^ Unexpected symbol

  Line 097:     implementation(libs.hilt.navigation)
                                         ^ Unexpected symbol

  Line 097:     implementation(libs.hilt.navigation)
                                                   ^ Unexpected symbol

  Line 100:     implementation(libs.room.runtime)
                ^ Unexpected symbol

  Line 100:     implementation(libs.room.runtime)
                              ^ Unexpected symbol

  Line 100:     implementation(libs.room.runtime)
                               ^ Unexpected symbol

  Line 100:     implementation(libs.room.runtime)
                                   ^ Unexpected symbol

  Line 100:     implementation(libs.room.runtime)
                                    ^ Unexpected symbol

  Line 100:     implementation(libs.room.runtime)
                                        ^ Unexpected symbol

  Line 100:     implementation(libs.room.runtime)
                                         ^ Unexpected symbol

  Line 100:     implementation(libs.room.runtime)
                                                ^ Unexpected symbol

  Line 101:     implementation(libs.room.ktx)
                ^ Unexpected symbol

  Line 101:     implementation(libs.room.ktx)
                              ^ Unexpected symbol

  Line 101:     implementation(libs.room.ktx)
                               ^ Unexpected symbol

  Line 101:     implementation(libs.room.ktx)
                                   ^ Unexpected symbol

  Line 101:     implementation(libs.room.ktx)
                                    ^ Unexpected symbol

  Line 101:     implementation(libs.room.ktx)
                                        ^ Unexpected symbol

  Line 101:     implementation(libs.room.ktx)
                                         ^ Unexpected symbol

  Line 101:     implementation(libs.room.ktx)
                                            ^ Unexpected symbol

  Line 102:     ksp(libs.room.compiler)
                ^ Unexpected symbol

  Line 102:     ksp(libs.room.compiler)
                   ^ Unexpected symbol

  Line 102:     ksp(libs.room.compiler)
                    ^ Unexpected symbol

  Line 102:     ksp(libs.room.compiler)
                        ^ Unexpected symbol

  Line 102:     ksp(libs.room.compiler)
                         ^ Unexpected symbol

  Line 102:     ksp(libs.room.compiler)
                             ^ Unexpected symbol

  Line 102:     ksp(libs.room.compiler)
                              ^ Unexpected symbol

  Line 102:     ksp(libs.room.compiler)
                                      ^ Unexpected symbol

  Line 103:     implementation(libs.datastore.preferences)
                ^ Unexpected symbol

  Line 103:     implementation(libs.datastore.preferences)
                              ^ Unexpected symbol

  Line 103:     implementation(libs.datastore.preferences)
                               ^ Unexpected symbol

  Line 103:     implementation(libs.datastore.preferences)
                                   ^ Unexpected symbol

  Line 103:     implementation(libs.datastore.preferences)
                                    ^ Unexpected symbol

  Line 103:     implementation(libs.datastore.preferences)
                                             ^ Unexpected symbol

  Line 103:     implementation(libs.datastore.preferences)
                                              ^ Unexpected symbol

  Line 103:     implementation(libs.datastore.preferences)
                                                         ^ Unexpected symbol

  Line 106:     implementation(libs.timber)
                ^ Unexpected symbol

  Line 106:     implementation(libs.timber)
                              ^ Unexpected symbol

  Line 106:     implementation(libs.timber)
                               ^ Unexpected symbol

  Line 106:     implementation(libs.timber)
                                   ^ Unexpected symbol

  Line 106:     implementation(libs.timber)
                                    ^ Unexpected symbol

  Line 106:     implementation(libs.timber)
                                          ^ Unexpected symbol

  Line 109:     implementation(libs.kotlinx.serialization.json)
                ^ Unexpected symbol

  Line 109:     implementation(libs.kotlinx.serialization.json)
                              ^ Unexpected symbol

  Line 109:     implementation(libs.kotlinx.serialization.json)
                               ^ Unexpected symbol

  Line 109:     implementation(libs.kotlinx.serialization.json)
                                   ^ Unexpected symbol

  Line 109:     implementation(libs.kotlinx.serialization.json)
                                    ^ Unexpected symbol

  Line 109:     implementation(libs.kotlinx.serialization.json)
                                           ^ Unexpected symbol

  Line 109:     implementation(libs.kotlinx.serialization.json)
                                            ^ Unexpected symbol

  Line 109:     implementation(libs.kotlinx.serialization.json)
                                                         ^ Unexpected symbol

  Line 109:     implementation(libs.kotlinx.serialization.json)
                                                          ^ Unexpected symbol

  Line 109:     implementation(libs.kotlinx.serialization.json)
                                                              ^ Unexpected symbol

  Line 110:     implementation(libs.kotlinx.coroutines)
                ^ Unexpected symbol

  Line 110:     implementation(libs.kotlinx.coroutines)
                              ^ Unexpected symbol

  Line 110:     implementation(libs.kotlinx.coroutines)
                               ^ Unexpected symbol

  Line 110:     implementation(libs.kotlinx.coroutines)
                                   ^ Unexpected symbol

  Line 110:     implementation(libs.kotlinx.coroutines)
                                    ^ Unexpected symbol

  Line 110:     implementation(libs.kotlinx.coroutines)
                                           ^ Unexpected symbol

  Line 110:     implementation(libs.kotlinx.coroutines)
                                            ^ Unexpected symbol

  Line 110:     implementation(libs.kotlinx.coroutines)
                                                      ^ Unexpected symbol

  Line 113:     implementation(libs.coil.compose)
                ^ Unexpected symbol

  Line 113:     implementation(libs.coil.compose)
                              ^ Unexpected symbol

  Line 113:     implementation(libs.coil.compose)
                               ^ Unexpected symbol

  Line 113:     implementation(libs.coil.compose)
                                   ^ Unexpected symbol

  Line 113:     implementation(libs.coil.compose)
                                    ^ Unexpected symbol

  Line 113:     implementation(libs.coil.compose)
                                        ^ Unexpected symbol

  Line 113:     implementation(libs.coil.compose)
                                         ^ Unexpected symbol

  Line 113:     implementation(libs.coil.compose)
                                                ^ Unexpected symbol

  Line 114:     implementation(libs.coil.network.okhttp)
                ^ Unexpected symbol

  Line 114:     implementation(libs.coil.network.okhttp)
                              ^ Unexpected symbol

  Line 114:     implementation(libs.coil.network.okhttp)
                               ^ Unexpected symbol

  Line 114:     implementation(libs.coil.network.okhttp)
                                   ^ Unexpected symbol

  Line 114:     implementation(libs.coil.network.okhttp)
                                    ^ Unexpected symbol

  Line 114:     implementation(libs.coil.network.okhttp)
                                        ^ Unexpected symbol

  Line 114:     implementation(libs.coil.network.okhttp)
                                         ^ Unexpected symbol

  Line 114:     implementation(libs.coil.network.okhttp)
                                                ^ Unexpected symbol

  Line 114:     implementation(libs.coil.network.okhttp)
                                                 ^ Unexpected symbol

  Line 114:     implementation(libs.coil.network.okhttp)
                                                       ^ Unexpected symbol

  Line 117:     implementation(libs.okhttp)
                ^ Unexpected symbol

  Line 117:     implementation(libs.okhttp)
                              ^ Unexpected symbol

  Line 117:     implementation(libs.okhttp)
                               ^ Unexpected symbol

  Line 117:     implementation(libs.okhttp)
                                   ^ Unexpected symbol

  Line 117:     implementation(libs.okhttp)
                                    ^ Unexpected symbol

  Line 117:     implementation(libs.okhttp)
                                          ^ Unexpected symbol

  Line 118:     implementation(libs.retrofit)
                ^ Unexpected symbol

  Line 118:     implementation(libs.retrofit)
                              ^ Unexpected symbol

  Line 118:     implementation(libs.retrofit)
                               ^ Unexpected symbol

  Line 118:     implementation(libs.retrofit)
                                   ^ Unexpected symbol

  Line 118:     implementation(libs.retrofit)
                                    ^ Unexpected symbol

  Line 118:     implementation(libs.retrofit)
                                            ^ Unexpected symbol

  Line 119:     implementation(libs.retrofit.kotlinx)
                ^ Unexpected symbol

  Line 119:     implementation(libs.retrofit.kotlinx)
                              ^ Unexpected symbol

  Line 119:     implementation(libs.retrofit.kotlinx)
                               ^ Unexpected symbol

  Line 119:     implementation(libs.retrofit.kotlinx)
                                   ^ Unexpected symbol

  Line 119:     implementation(libs.retrofit.kotlinx)
                                    ^ Unexpected symbol

  Line 119:     implementation(libs.retrofit.kotlinx)
                                            ^ Unexpected symbol

  Line 119:     implementation(libs.retrofit.kotlinx)
                                             ^ Unexpected symbol

  Line 119:     implementation(libs.retrofit.kotlinx)
                                                    ^ Unexpected symbol

  Line 120: }
            ^ Unexpected symbol

255 errors

* Try:
> Run with --stacktrace option to get the stack trace.
> Run with --info or --debug option to get more log output.
> Run with --scan to get full insights from a Build Scan (powered by Develocity).
> Get more help at https://help.gradle.org.

BUILD FAILED in 2s
[INFO]           Found kotlinc at /usr/bin/kotlinc
[INFO]           Could not resolve kotlin-stdlib using Maven: Cannot invoke "java.nio.file.Path.getFileSystem()" because "path" is null
[INFO]           Successfully resolved kotlin-stdlib using Gradle to /home/dae/.gradle/caches/modules-2/files-2.1/org.jetbrains.kotlin/kotlin-stdlib/2.4.0/4e9f4b531dce5c7dee58ed2de9a8b9a763c8dc6c/kotlin-stdlib-2.4.0.jar
[INFO] ..worker-1Scanning 1 JARs for external symbols...
[INFO] ..worker-1Indexed external symbols from 1 JARs in 173 ms
[INFO] ..worker-1Updated full symbol index in 20985 ms! (13709 symbol(s))
[INFO] client    Classpath has not changed. Fetching 1 entries from cache
[INFO] async     Classpath with sources has not changed. Fetching from cache
[INFO] debounce0 Linting .../app/build.gradle.kts
[INFO] debounce0 compileFiles: 1 files in lint set, 0 detected as changed (forceFresh=false)
[INFO] debounce0 doLint: got context with diagnostics, files=1
[INFO] debounce0 Converting diagnostic: MISSING_SCRIPT_STANDARD_TEMPLATE at 0-299 (severity: ERROR)
[INFO] debounce0 Converting diagnostic: MISSING_SCRIPT_STANDARD_TEMPLATE at 0-3475 (severity: ERROR)
[INFO] debounce0 Converting diagnostic: UNRESOLVED_REFERENCE at 20-24 (severity: ERROR)
[INFO] debounce0 Converting diagnostic: UNRESOLVED_REFERENCE at 14-19 (severity: ERROR)
[INFO] debounce0 Converting diagnostic: UNRESOLVED_REFERENCE at 76-80 (severity: ERROR)
[INFO] debounce0 Converting diagnostic: UNRESOLVED_REFERENCE at 70-75 (severity: ERROR)
[INFO] debounce0 Converting diagnostic: UNRESOLVED_REFERENCE at 127-131 (severity: ERROR)
[INFO] debounce0 Converting diagnostic: UNRESOLVED_REFERENCE at 121-126 (severity: ERROR)
[INFO] debounce0 Converting diagnostic: UNRESOLVED_REFERENCE at 184-188 (severity: ERROR)
[INFO] debounce0 Converting diagnostic: UNRESOLVED_REFERENCE at 178-183 (severity: ERROR)
[INFO] debounce0 Converting diagnostic: UNRESOLVED_REFERENCE at 224-228 (severity: ERROR)
[INFO] debounce0 Converting diagnostic: UNRESOLVED_REFERENCE at 218-223 (severity: ERROR)
[INFO] debounce0 Converting diagnostic: UNRESOLVED_REFERENCE at 265-269 (severity: ERROR)
[INFO] debounce0 Converting diagnostic: UNRESOLVED_REFERENCE at 259-264 (severity: ERROR)
[INFO] debounce0 Converting diagnostic: UNRESOLVED_REFERENCE at 0-7 (severity: ERROR)
[INFO] debounce0 Converting diagnostic: UNRESOLVED_REFERENCE at 20-24 (severity: ERROR)
[INFO] debounce0 Converting diagnostic: UNRESOLVED_REFERENCE at 14-19 (severity: ERROR)
[INFO] debounce0 Converting diagnostic: UNRESOLVED_REFERENCE at 64-68 (severity: ERROR)
[INFO] debounce0 Converting diagnostic: UNRESOLVED_REFERENCE at 58-63 (severity: ERROR)
[INFO] debounce0 Converting diagnostic: UNRESOLVED_REFERENCE at 103-107 (severity: ERROR)
[INFO] debounce0 Converting diagnostic: UNRESOLVED_REFERENCE at 97-102 (severity: ERROR)
[INFO] debounce0 Converting diagnostic: UNRESOLVED_REFERENCE at 148-152 (severity: ERROR)
[INFO] debounce0 Converting diagnostic: UNRESOLVED_REFERENCE at 142-147 (severity: ERROR)
[INFO] debounce0 Converting diagnostic: UNRESOLVED_REFERENCE at 176-180 (severity: ERROR)
[INFO] debounce0 Converting diagnostic: UNRESOLVED_REFERENCE at 170-175 (severity: ERROR)
[INFO] debounce0 Converting diagnostic: UNRESOLVED_REFERENCE at 205-209 (severity: ERROR)
[INFO] debounce0 Converting diagnostic: UNRESOLVED_REFERENCE at 199-204 (severity: ERROR)
[INFO] debounce0 Converting diagnostic: UNRESOLVED_REFERENCE at 0-7 (severity: ERROR)
[INFO] debounce0 Converting diagnostic: UNRESOLVED_REFERENCE at 242-248 (severity: ERROR)
[INFO] debounce0 Converting diagnostic: UNRESOLVED_REFERENCE at 264-271 (severity: ERROR)
[INFO] debounce0 Converting diagnostic: UNRESOLVED_REFERENCE at 257-261 (severity: ERROR)
[INFO] debounce0 Converting diagnostic: UNRESOLVED_REFERENCE at 304-326 (severity: ERROR)
[INFO] debounce0 Converting diagnostic: UNRESOLVED_REFERENCE at 338-346 (severity: ERROR)
[INFO] debounce0 Converting diagnostic: UNRESOLVED_REFERENCE at 229-235 (severity: ERROR)
[INFO] debounce0 Converting diagnostic: UNRESOLVED_REFERENCE at 372-381 (severity: ERROR)
[INFO] debounce0 Converting diagnostic: UNRESOLVED_REFERENCE at 402-412 (severity: ERROR)
[INFO] debounce0 Converting diagnostic: UNRESOLVED_REFERENCE at 447-460 (severity: ERROR)
[INFO] debounce0 Converting diagnostic: UNRESOLVED_REFERENCE at 485-491 (severity: ERROR)
[INFO] debounce0 Converting diagnostic: UNRESOLVED_REFERENCE at 505-514 (severity: ERROR)
[INFO] debounce0 Converting diagnostic: UNRESOLVED_REFERENCE at 528-539 (severity: ERROR)
[INFO] debounce0 Converting diagnostic: UNRESOLVED_REFERENCE at 552-563 (severity: ERROR)
[INFO] debounce0 Converting diagnostic: UNRESOLVED_REFERENCE at 583-608 (severity: ERROR)
[INFO] debounce0 Converting diagnostic: UNRESOLVED_REFERENCE at 423-436 (severity: ERROR)
[INFO] debounce0 Converting diagnostic: UNRESOLVED_REFERENCE at 705-720 (severity: ERROR)
[INFO] debounce0 Converting diagnostic: UNRESOLVED_REFERENCE at 685-690 (severity: ERROR)
[INFO] debounce0 Converting diagnostic: UNRESOLVED_REFERENCE at 769-784 (severity: ERROR)
[INFO] debounce0 Converting diagnostic: UNRESOLVED_REFERENCE at 804-821 (severity: ERROR)
[INFO] debounce0 Converting diagnostic: UNRESOLVED_REFERENCE at 872-894 (severity: ERROR)
[INFO] debounce0 Converting diagnostic: UNRESOLVED_REFERENCE at 841-854 (severity: ERROR)
[INFO] debounce0 Converting diagnostic: UNRESOLVED_REFERENCE at 992-1005 (severity: ERROR)
[INFO] debounce0 Converting diagnostic: UNRESOLVED_REFERENCE at 1008-1022 (severity: ERROR)
[INFO] debounce0 Converting diagnostic: UNRESOLVED_REFERENCE at 747-754 (severity: ERROR)
[INFO] debounce0 Converting diagnostic: UNRESOLVED_REFERENCE at 664-674 (severity: ERROR)
[INFO] debounce0 Converting diagnostic: UNRESOLVED_REFERENCE at 1093-1112 (severity: ERROR)
[INFO] debounce0 Converting diagnostic: UNRESOLVED_REFERENCE at 1115-1126 (severity: ERROR)
[INFO] debounce0 Converting diagnostic: UNRESOLVED_REFERENCE at 1146-1165 (severity: ERROR)
[INFO] debounce0 Converting diagnostic: UNRESOLVED_REFERENCE at 1168-1179 (severity: ERROR)
[INFO] debounce0 Converting diagnostic: UNRESOLVED_REFERENCE at 1068-1082 (severity: ERROR)
[INFO] debounce0 Converting diagnostic: UNRESOLVED_REFERENCE at 1226-1233 (severity: ERROR)
[INFO] debounce0 Converting diagnostic: UNRESOLVED_REFERENCE at 1249-1260 (severity: ERROR)
[INFO] debounce0 Converting diagnostic: UNRESOLVED_REFERENCE at 1202-1215 (severity: ERROR)
[INFO] debounce0 Converting diagnostic: UNRESOLVED_REFERENCE at 1294-1306 (severity: ERROR)
[INFO] debounce0 Converting diagnostic: UNRESOLVED_REFERENCE at 1322-1338 (severity: ERROR)
[INFO] debounce0 Converting diagnostic: UNRESOLVED_REFERENCE at 1279-1283 (severity: ERROR)
[INFO] debounce0 Converting diagnostic: UNRESOLVED_REFERENCE at 358-365 (severity: ERROR)
[INFO] debounce0 Converting diagnostic: UNRESOLVED_REFERENCE at 1412-1421 (severity: ERROR)
[INFO] debounce0 Converting diagnostic: UNRESOLVED_REFERENCE at 1424-1428 (severity: ERROR)
[INFO] debounce0 Converting diagnostic: UNRESOLVED_REFERENCE at 1504-1517 (severity: ERROR)
[INFO] debounce0 Converting diagnostic: UNRESOLVED_REFERENCE at 1575-1583 (severity: ERROR)
[INFO] debounce0 Converting diagnostic: UNRESOLVED_REFERENCE at 1643-1654 (severity: ERROR)
[INFO] debounce0 Converting diagnostic: UNRESOLVED_REFERENCE at 1380-1386 (severity: ERROR)
[INFO] debounce0 Converting diagnostic: UNRESOLVED_REFERENCE at 1355-1369 (severity: ERROR)
[INFO] debounce0 Converting diagnostic: UNRESOLVED_REFERENCE at 1781-1785 (severity: ERROR)
[INFO] debounce0 Converting diagnostic: UNRESOLVED_REFERENCE at 1772-1780 (severity: ERROR)
[INFO] debounce0 Converting diagnostic: UNRESOLVED_REFERENCE at 1803-1817 (severity: ERROR)
[INFO] debounce0 Converting diagnostic: UNRESOLVED_REFERENCE at 1849-1853 (severity: ERROR)
[INFO] debounce0 Converting diagnostic: UNRESOLVED_REFERENCE at 1834-1848 (severity: ERROR)
[INFO] debounce0 Converting diagnostic: UNRESOLVED_REFERENCE at 1885-1889 (severity: ERROR)
[INFO] debounce0 Converting diagnostic: UNRESOLVED_REFERENCE at 1870-1884 (severity: ERROR)
[INFO] debounce0 Converting diagnostic: UNRESOLVED_REFERENCE at 1930-1934 (severity: ERROR)
[INFO] debounce0 Converting diagnostic: UNRESOLVED_REFERENCE at 1915-1929 (severity: ERROR)
[INFO] debounce0 Converting diagnostic: UNRESOLVED_REFERENCE at 1973-1977 (severity: ERROR)
[INFO] debounce0 Converting diagnostic: UNRESOLVED_REFERENCE at 1958-1972 (severity: ERROR)
[INFO] debounce0 Converting diagnostic: UNRESOLVED_REFERENCE at 2021-2025 (severity: ERROR)
[INFO] debounce0 Converting diagnostic: UNRESOLVED_REFERENCE at 2006-2020 (severity: ERROR)
[INFO] debounce0 Converting diagnostic: UNRESOLVED_REFERENCE at 2064-2068 (severity: ERROR)
[INFO] debounce0 Converting diagnostic: UNRESOLVED_REFERENCE at 2049-2063 (severity: ERROR)
[INFO] debounce0 Converting diagnostic: UNRESOLVED_REFERENCE at 2113-2117 (severity: ERROR)
[INFO] debounce0 Converting diagnostic: UNRESOLVED_REFERENCE at 2093-2112 (severity: ERROR)
[INFO] debounce0 Converting diagnostic: UNRESOLVED_REFERENCE at 2170-2174 (severity: ERROR)
[INFO] debounce0 Converting diagnostic: UNRESOLVED_REFERENCE at 2155-2169 (severity: ERROR)
[INFO] debounce0 Converting diagnostic: UNRESOLVED_REFERENCE at 2204-2208 (severity: ERROR)
[INFO] debounce0 Converting diagnostic: UNRESOLVED_REFERENCE at 2189-2203 (severity: ERROR)
[INFO] debounce0 Converting diagnostic: UNRESOLVED_REFERENCE at 2246-2250 (severity: ERROR)
[INFO] debounce0 Converting diagnostic: UNRESOLVED_REFERENCE at 2231-2245 (severity: ERROR)
[INFO] debounce0 Converting diagnostic: UNRESOLVED_REFERENCE at 2289-2293 (severity: ERROR)
[INFO] debounce0 Converting diagnostic: UNRESOLVED_REFERENCE at 2274-2288 (severity: ERROR)
[INFO] debounce0 Converting diagnostic: UNRESOLVED_REFERENCE at 2349-2353 (severity: ERROR)
[INFO] debounce0 Converting diagnostic: UNRESOLVED_REFERENCE at 2334-2348 (severity: ERROR)
[INFO] debounce0 Converting diagnostic: UNRESOLVED_REFERENCE at 2391-2395 (severity: ERROR)
[INFO] debounce0 Converting diagnostic: UNRESOLVED_REFERENCE at 2376-2390 (severity: ERROR)
[INFO] debounce0 Converting diagnostic: UNRESOLVED_REFERENCE at 2431-2435 (severity: ERROR)
[INFO] debounce0 Converting diagnostic: UNRESOLVED_REFERENCE at 2416-2430 (severity: ERROR)
[INFO] debounce0 Converting diagnostic: UNRESOLVED_REFERENCE at 2481-2485 (severity: ERROR)
[INFO] debounce0 Converting diagnostic: UNRESOLVED_REFERENCE at 2466-2480 (severity: ERROR)
[INFO] debounce0 Converting diagnostic: UNRESOLVED_REFERENCE at 2508-2512 (severity: ERROR)
[INFO] debounce0 Converting diagnostic: UNRESOLVED_REFERENCE at 2504-2507 (severity: ERROR)
[INFO] debounce0 Converting diagnostic: UNRESOLVED_REFERENCE at 2547-2551 (severity: ERROR)
[INFO] debounce0 Converting diagnostic: UNRESOLVED_REFERENCE at 2532-2546 (severity: ERROR)
[INFO] debounce0 Converting diagnostic: UNRESOLVED_REFERENCE at 2608-2612 (severity: ERROR)
[INFO] debounce0 Converting diagnostic: UNRESOLVED_REFERENCE at 2593-2607 (severity: ERROR)
[INFO] debounce0 Converting diagnostic: UNRESOLVED_REFERENCE at 2646-2650 (severity: ERROR)
[INFO] debounce0 Converting diagnostic: UNRESOLVED_REFERENCE at 2631-2645 (severity: ERROR)
[INFO] debounce0 Converting diagnostic: UNRESOLVED_REFERENCE at 2669-2673 (severity: ERROR)
[INFO] debounce0 Converting diagnostic: UNRESOLVED_REFERENCE at 2665-2668 (severity: ERROR)
[INFO] debounce0 Converting diagnostic: UNRESOLVED_REFERENCE at 2708-2712 (severity: ERROR)
[INFO] debounce0 Converting diagnostic: UNRESOLVED_REFERENCE at 2693-2707 (severity: ERROR)
[INFO] debounce0 Converting diagnostic: UNRESOLVED_REFERENCE at 2771-2775 (severity: ERROR)
[INFO] debounce0 Converting diagnostic: UNRESOLVED_REFERENCE at 2756-2770 (severity: ERROR)
[INFO] debounce0 Converting diagnostic: UNRESOLVED_REFERENCE at 2838-2842 (severity: ERROR)
[INFO] debounce0 Converting diagnostic: UNRESOLVED_REFERENCE at 2823-2837 (severity: ERROR)
[INFO] debounce0 Converting diagnostic: UNRESOLVED_REFERENCE at 2890-2894 (severity: ERROR)
[INFO] debounce0 Converting diagnostic: UNRESOLVED_REFERENCE at 2875-2889 (severity: ERROR)
[INFO] debounce0 Converting diagnostic: UNRESOLVED_REFERENCE at 2956-2960 (severity: ERROR)
[INFO] debounce0 Converting diagnostic: UNRESOLVED_REFERENCE at 2941-2955 (severity: ERROR)
[INFO] debounce0 Converting diagnostic: UNRESOLVED_REFERENCE at 2994-2998 (severity: ERROR)
[INFO] debounce0 Converting diagnostic: UNRESOLVED_REFERENCE at 2979-2993 (severity: ERROR)
[INFO] debounce0 Converting diagnostic: UNRESOLVED_REFERENCE at 3055-3059 (severity: ERROR)
[INFO] debounce0 Converting diagnostic: UNRESOLVED_REFERENCE at 3040-3054 (severity: ERROR)
[INFO] debounce0 Converting diagnostic: UNRESOLVED_REFERENCE at 3087-3091 (severity: ERROR)
[INFO] debounce0 Converting diagnostic: UNRESOLVED_REFERENCE at 3072-3086 (severity: ERROR)
[INFO] debounce0 Converting diagnostic: UNRESOLVED_REFERENCE at 3121-3125 (severity: ERROR)
[INFO] debounce0 Converting diagnostic: UNRESOLVED_REFERENCE at 3106-3120 (severity: ERROR)
[INFO] debounce0 Converting diagnostic: UNRESOLVED_REFERENCE at 1715-1727 (severity: ERROR)
[INFO] debounce0 Converting diagnostic: UNRESOLVED_REFERENCE at 3197-3206 (severity: ERROR)
[INFO] debounce0 Converting diagnostic: UNRESOLVED_REFERENCE at 3209-3213 (severity: ERROR)
[INFO] debounce0 Converting diagnostic: UNRESOLVED_REFERENCE at 3285-3298 (severity: ERROR)
[INFO] debounce0 Converting diagnostic: UNRESOLVED_REFERENCE at 3352-3360 (severity: ERROR)
[INFO] debounce0 Converting diagnostic: UNRESOLVED_REFERENCE at 3416-3427 (severity: ERROR)
[INFO] debounce0 Converting diagnostic: UNRESOLVED_REFERENCE at 3169-3175 (severity: ERROR)
[INFO] debounce0 Converting diagnostic: UNRESOLVED_REFERENCE at 3148-3162 (severity: ERROR)
[INFO] debounce0 Semantic diagnostics: 141
[INFO] debounce0 Parser diagnostics: 0
[INFO] debounce0 Total diagnostics after filtering: 141
[INFO] debounce0 Ignore 14 diagnostics in .../Ljod/build.gradle.kts because it's not open
[INFO] debounce0 Ignore 127 diagnostics in .../app/build.gradle.kts because it's not open
[INFO] client    Classpath has not changed. Fetching 1 entries from cache
[INFO] async     Classpath with sources has not changed. Fetching from cache
[INFO] debounce0 Linting .../app/build.gradle.kts
[INFO] debounce0 compileFiles: 1 files in lint set, 0 detected as changed (forceFresh=false)
[INFO] debounce0 doLint: got context with diagnostics, files=1
[INFO] debounce0 Converting diagnostic: MISSING_SCRIPT_STANDARD_TEMPLATE at 0-299 (severity: ERROR)
[INFO] debounce0 Converting diagnostic: MISSING_SCRIPT_STANDARD_TEMPLATE at 0-3475 (severity: ERROR)
[INFO] debounce0 Converting diagnostic: UNRESOLVED_REFERENCE at 20-24 (severity: ERROR)
[INFO] debounce0 Converting diagnostic: UNRESOLVED_REFERENCE at 14-19 (severity: ERROR)
[INFO] debounce0 Converting diagnostic: UNRESOLVED_REFERENCE at 76-80 (severity: ERROR)
[INFO] debounce0 Converting diagnostic: UNRESOLVED_REFERENCE at 70-75 (severity: ERROR)
[INFO] debounce0 Converting diagnostic: UNRESOLVED_REFERENCE at 127-131 (severity: ERROR)
[INFO] debounce0 Converting diagnostic: UNRESOLVED_REFERENCE at 121-126 (severity: ERROR)
[INFO] debounce0 Converting diagnostic: UNRESOLVED_REFERENCE at 184-188 (severity: ERROR)
[INFO] debounce0 Converting diagnostic: UNRESOLVED_REFERENCE at 178-183 (severity: ERROR)
[INFO] debounce0 Converting diagnostic: UNRESOLVED_REFERENCE at 224-228 (severity: ERROR)
[INFO] debounce0 Converting diagnostic: UNRESOLVED_REFERENCE at 218-223 (severity: ERROR)
[INFO] debounce0 Converting diagnostic: UNRESOLVED_REFERENCE at 265-269 (severity: ERROR)
[INFO] debounce0 Converting diagnostic: UNRESOLVED_REFERENCE at 259-264 (severity: ERROR)
[INFO] debounce0 Converting diagnostic: UNRESOLVED_REFERENCE at 0-7 (severity: ERROR)
[INFO] debounce0 Converting diagnostic: UNRESOLVED_REFERENCE at 20-24 (severity: ERROR)
[INFO] debounce0 Converting diagnostic: UNRESOLVED_REFERENCE at 14-19 (severity: ERROR)
[INFO] debounce0 Converting diagnostic: UNRESOLVED_REFERENCE at 64-68 (severity: ERROR)
[INFO] debounce0 Converting diagnostic: UNRESOLVED_REFERENCE at 58-63 (severity: ERROR)
[INFO] debounce0 Converting diagnostic: UNRESOLVED_REFERENCE at 103-107 (severity: ERROR)
[INFO] debounce0 Converting diagnostic: UNRESOLVED_REFERENCE at 97-102 (severity: ERROR)
[INFO] debounce0 Converting diagnostic: UNRESOLVED_REFERENCE at 148-152 (severity: ERROR)
[INFO] debounce0 Converting diagnostic: UNRESOLVED_REFERENCE at 142-147 (severity: ERROR)
[INFO] debounce0 Converting diagnostic: UNRESOLVED_REFERENCE at 176-180 (severity: ERROR)
[INFO] debounce0 Converting diagnostic: UNRESOLVED_REFERENCE at 170-175 (severity: ERROR)
[INFO] debounce0 Converting diagnostic: UNRESOLVED_REFERENCE at 205-209 (severity: ERROR)
[INFO] debounce0 Converting diagnostic: UNRESOLVED_REFERENCE at 199-204 (severity: ERROR)
[INFO] debounce0 Converting diagnostic: UNRESOLVED_REFERENCE at 0-7 (severity: ERROR)
[INFO] debounce0 Converting diagnostic: UNRESOLVED_REFERENCE at 242-248 (severity: ERROR)
[INFO] debounce0 Converting diagnostic: UNRESOLVED_REFERENCE at 264-271 (severity: ERROR)
[INFO] debounce0 Converting diagnostic: UNRESOLVED_REFERENCE at 257-261 (severity: ERROR)
[INFO] debounce0 Converting diagnostic: UNRESOLVED_REFERENCE at 304-326 (severity: ERROR)
[INFO] debounce0 Converting diagnostic: UNRESOLVED_REFERENCE at 338-346 (severity: ERROR)
[INFO] debounce0 Converting diagnostic: UNRESOLVED_REFERENCE at 229-235 (severity: ERROR)
[INFO] debounce0 Converting diagnostic: UNRESOLVED_REFERENCE at 372-381 (severity: ERROR)
[INFO] debounce0 Converting diagnostic: UNRESOLVED_REFERENCE at 402-412 (severity: ERROR)
[INFO] debounce0 Converting diagnostic: UNRESOLVED_REFERENCE at 447-460 (severity: ERROR)
[INFO] debounce0 Converting diagnostic: UNRESOLVED_REFERENCE at 485-491 (severity: ERROR)
[INFO] debounce0 Converting diagnostic: UNRESOLVED_REFERENCE at 505-514 (severity: ERROR)
[INFO] debounce0 Converting diagnostic: UNRESOLVED_REFERENCE at 528-539 (severity: ERROR)
[INFO] debounce0 Converting diagnostic: UNRESOLVED_REFERENCE at 552-563 (severity: ERROR)
[INFO] debounce0 Converting diagnostic: UNRESOLVED_REFERENCE at 583-608 (severity: ERROR)
[INFO] debounce0 Converting diagnostic: UNRESOLVED_REFERENCE at 423-436 (severity: ERROR)
[INFO] debounce0 Converting diagnostic: UNRESOLVED_REFERENCE at 705-720 (severity: ERROR)
[INFO] debounce0 Converting diagnostic: UNRESOLVED_REFERENCE at 685-690 (severity: ERROR)
[INFO] debounce0 Converting diagnostic: UNRESOLVED_REFERENCE at 769-784 (severity: ERROR)
[INFO] debounce0 Converting diagnostic: UNRESOLVED_REFERENCE at 804-821 (severity: ERROR)
[INFO] debounce0 Converting diagnostic: UNRESOLVED_REFERENCE at 872-894 (severity: ERROR)
[INFO] debounce0 Converting diagnostic: UNRESOLVED_REFERENCE at 841-854 (severity: ERROR)
[INFO] debounce0 Converting diagnostic: UNRESOLVED_REFERENCE at 992-1005 (severity: ERROR)
[INFO] debounce0 Converting diagnostic: UNRESOLVED_REFERENCE at 1008-1022 (severity: ERROR)
[INFO] debounce0 Converting diagnostic: UNRESOLVED_REFERENCE at 747-754 (severity: ERROR)
[INFO] debounce0 Converting diagnostic: UNRESOLVED_REFERENCE at 664-674 (severity: ERROR)
[INFO] debounce0 Converting diagnostic: UNRESOLVED_REFERENCE at 1093-1112 (severity: ERROR)
[INFO] debounce0 Converting diagnostic: UNRESOLVED_REFERENCE at 1115-1126 (severity: ERROR)
[INFO] debounce0 Converting diagnostic: UNRESOLVED_REFERENCE at 1146-1165 (severity: ERROR)
[INFO] debounce0 Converting diagnostic: UNRESOLVED_REFERENCE at 1168-1179 (severity: ERROR)
[INFO] debounce0 Converting diagnostic: UNRESOLVED_REFERENCE at 1068-1082 (severity: ERROR)
[INFO] debounce0 Converting diagnostic: UNRESOLVED_REFERENCE at 1226-1233 (severity: ERROR)
[INFO] debounce0 Converting diagnostic: UNRESOLVED_REFERENCE at 1249-1260 (severity: ERROR)
[INFO] debounce0 Converting diagnostic: UNRESOLVED_REFERENCE at 1202-1215 (severity: ERROR)
[INFO] debounce0 Converting diagnostic: UNRESOLVED_REFERENCE at 1294-1306 (severity: ERROR)
[INFO] debounce0 Converting diagnostic: UNRESOLVED_REFERENCE at 1322-1338 (severity: ERROR)
[INFO] debounce0 Converting diagnostic: UNRESOLVED_REFERENCE at 1279-1283 (severity: ERROR)
[INFO] debounce0 Converting diagnostic: UNRESOLVED_REFERENCE at 358-365 (severity: ERROR)
[INFO] debounce0 Converting diagnostic: UNRESOLVED_REFERENCE at 1412-1421 (severity: ERROR)
[INFO] debounce0 Converting diagnostic: UNRESOLVED_REFERENCE at 1424-1428 (severity: ERROR)
[INFO] debounce0 Converting diagnostic: UNRESOLVED_REFERENCE at 1504-1517 (severity: ERROR)
[INFO] debounce0 Converting diagnostic: UNRESOLVED_REFERENCE at 1575-1583 (severity: ERROR)
[INFO] debounce0 Converting diagnostic: UNRESOLVED_REFERENCE at 1643-1654 (severity: ERROR)
[INFO] debounce0 Converting diagnostic: UNRESOLVED_REFERENCE at 1380-1386 (severity: ERROR)
[INFO] debounce0 Converting diagnostic: UNRESOLVED_REFERENCE at 1355-1369 (severity: ERROR)
[INFO] debounce0 Converting diagnostic: UNRESOLVED_REFERENCE at 1781-1785 (severity: ERROR)
[INFO] debounce0 Converting diagnostic: UNRESOLVED_REFERENCE at 1772-1780 (severity: ERROR)
[INFO] debounce0 Converting diagnostic: UNRESOLVED_REFERENCE at 1803-1817 (severity: ERROR)
[INFO] debounce0 Converting diagnostic: UNRESOLVED_REFERENCE at 1849-1853 (severity: ERROR)
[INFO] debounce0 Converting diagnostic: UNRESOLVED_REFERENCE at 1834-1848 (severity: ERROR)
[INFO] debounce0 Converting diagnostic: UNRESOLVED_REFERENCE at 1885-1889 (severity: ERROR)
[INFO] debounce0 Converting diagnostic: UNRESOLVED_REFERENCE at 1870-1884 (severity: ERROR)
[INFO] debounce0 Converting diagnostic: UNRESOLVED_REFERENCE at 1930-1934 (severity: ERROR)
[INFO] debounce0 Converting diagnostic: UNRESOLVED_REFERENCE at 1915-1929 (severity: ERROR)
[INFO] debounce0 Converting diagnostic: UNRESOLVED_REFERENCE at 1973-1977 (severity: ERROR)
[INFO] debounce0 Converting diagnostic: UNRESOLVED_REFERENCE at 1958-1972 (severity: ERROR)
[INFO] debounce0 Converting diagnostic: UNRESOLVED_REFERENCE at 2021-2025 (severity: ERROR)
[INFO] debounce0 Converting diagnostic: UNRESOLVED_REFERENCE at 2006-2020 (severity: ERROR)
[INFO] debounce0 Converting diagnostic: UNRESOLVED_REFERENCE at 2064-2068 (severity: ERROR)
[INFO] debounce0 Converting diagnostic: UNRESOLVED_REFERENCE at 2049-2063 (severity: ERROR)
[INFO] debounce0 Converting diagnostic: UNRESOLVED_REFERENCE at 2113-2117 (severity: ERROR)
[INFO] debounce0 Converting diagnostic: UNRESOLVED_REFERENCE at 2093-2112 (severity: ERROR)
[INFO] debounce0 Converting diagnostic: UNRESOLVED_REFERENCE at 2170-2174 (severity: ERROR)
[INFO] debounce0 Converting diagnostic: UNRESOLVED_REFERENCE at 2155-2169 (severity: ERROR)
[INFO] debounce0 Converting diagnostic: UNRESOLVED_REFERENCE at 2204-2208 (severity: ERROR)
[INFO] debounce0 Converting diagnostic: UNRESOLVED_REFERENCE at 2189-2203 (severity: ERROR)
[INFO] debounce0 Converting diagnostic: UNRESOLVED_REFERENCE at 2246-2250 (severity: ERROR)
[INFO] debounce0 Converting diagnostic: UNRESOLVED_REFERENCE at 2231-2245 (severity: ERROR)
[INFO] debounce0 Converting diagnostic: UNRESOLVED_REFERENCE at 2289-2293 (severity: ERROR)
[INFO] debounce0 Converting diagnostic: UNRESOLVED_REFERENCE at 2274-2288 (severity: ERROR)
[INFO] debounce0 Converting diagnostic: UNRESOLVED_REFERENCE at 2349-2353 (severity: ERROR)
[INFO] debounce0 Converting diagnostic: UNRESOLVED_REFERENCE at 2334-2348 (severity: ERROR)
[INFO] debounce0 Converting diagnostic: UNRESOLVED_REFERENCE at 2391-2395 (severity: ERROR)
[INFO] debounce0 Converting diagnostic: UNRESOLVED_REFERENCE at 2376-2390 (severity: ERROR)
[INFO] debounce0 Converting diagnostic: UNRESOLVED_REFERENCE at 2431-2435 (severity: ERROR)
[INFO] debounce0 Converting diagnostic: UNRESOLVED_REFERENCE at 2416-2430 (severity: ERROR)
[INFO] debounce0 Converting diagnostic: UNRESOLVED_REFERENCE at 2481-2485 (severity: ERROR)
[INFO] debounce0 Converting diagnostic: UNRESOLVED_REFERENCE at 2466-2480 (severity: ERROR)
[INFO] debounce0 Converting diagnostic: UNRESOLVED_REFERENCE at 2508-2512 (severity: ERROR)
[INFO] debounce0 Converting diagnostic: UNRESOLVED_REFERENCE at 2504-2507 (severity: ERROR)
[INFO] debounce0 Converting diagnostic: UNRESOLVED_REFERENCE at 2547-2551 (severity: ERROR)
[INFO] debounce0 Converting diagnostic: UNRESOLVED_REFERENCE at 2532-2546 (severity: ERROR)
[INFO] debounce0 Converting diagnostic: UNRESOLVED_REFERENCE at 2608-2612 (severity: ERROR)
[INFO] debounce0 Converting diagnostic: UNRESOLVED_REFERENCE at 2593-2607 (severity: ERROR)
[INFO] debounce0 Converting diagnostic: UNRESOLVED_REFERENCE at 2646-2650 (severity: ERROR)
[INFO] debounce0 Converting diagnostic: UNRESOLVED_REFERENCE at 2631-2645 (severity: ERROR)
[INFO] debounce0 Converting diagnostic: UNRESOLVED_REFERENCE at 2669-2673 (severity: ERROR)
[INFO] debounce0 Converting diagnostic: UNRESOLVED_REFERENCE at 2665-2668 (severity: ERROR)
[INFO] debounce0 Converting diagnostic: UNRESOLVED_REFERENCE at 2708-2712 (severity: ERROR)
[INFO] debounce0 Converting diagnostic: UNRESOLVED_REFERENCE at 2693-2707 (severity: ERROR)
[INFO] debounce0 Converting diagnostic: UNRESOLVED_REFERENCE at 2771-2775 (severity: ERROR)
[INFO] debounce0 Converting diagnostic: UNRESOLVED_REFERENCE at 2756-2770 (severity: ERROR)
[INFO] debounce0 Converting diagnostic: UNRESOLVED_REFERENCE at 2838-2842 (severity: ERROR)
[INFO] debounce0 Converting diagnostic: UNRESOLVED_REFERENCE at 2823-2837 (severity: ERROR)
[INFO] debounce0 Converting diagnostic: UNRESOLVED_REFERENCE at 2890-2894 (severity: ERROR)
[INFO] debounce0 Converting diagnostic: UNRESOLVED_REFERENCE at 2875-2889 (severity: ERROR)
[INFO] debounce0 Converting diagnostic: UNRESOLVED_REFERENCE at 2956-2960 (severity: ERROR)
[INFO] debounce0 Converting diagnostic: UNRESOLVED_REFERENCE at 2941-2955 (severity: ERROR)
[INFO] debounce0 Converting diagnostic: UNRESOLVED_REFERENCE at 2994-2998 (severity: ERROR)
[INFO] debounce0 Converting diagnostic: UNRESOLVED_REFERENCE at 2979-2993 (severity: ERROR)
[INFO] debounce0 Converting diagnostic: UNRESOLVED_REFERENCE at 3055-3059 (severity: ERROR)
[INFO] debounce0 Converting diagnostic: UNRESOLVED_REFERENCE at 3040-3054 (severity: ERROR)
[INFO] debounce0 Converting diagnostic: UNRESOLVED_REFERENCE at 3087-3091 (severity: ERROR)
[INFO] debounce0 Converting diagnostic: UNRESOLVED_REFERENCE at 3072-3086 (severity: ERROR)
[INFO] debounce0 Converting diagnostic: UNRESOLVED_REFERENCE at 3121-3125 (severity: ERROR)
[INFO] debounce0 Converting diagnostic: UNRESOLVED_REFERENCE at 3106-3120 (severity: ERROR)
[INFO] debounce0 Converting diagnostic: UNRESOLVED_REFERENCE at 1715-1727 (severity: ERROR)
[INFO] debounce0 Converting diagnostic: UNRESOLVED_REFERENCE at 3197-3206 (severity: ERROR)
[INFO] debounce0 Converting diagnostic: UNRESOLVED_REFERENCE at 3209-3213 (severity: ERROR)
[INFO] debounce0 Converting diagnostic: UNRESOLVED_REFERENCE at 3285-3298 (severity: ERROR)
[INFO] debounce0 Converting diagnostic: UNRESOLVED_REFERENCE at 3352-3360 (severity: ERROR)
[INFO] debounce0 Converting diagnostic: UNRESOLVED_REFERENCE at 3416-3427 (severity: ERROR)
[INFO] debounce0 Converting diagnostic: UNRESOLVED_REFERENCE at 3169-3175 (severity: ERROR)
[INFO] debounce0 Converting diagnostic: UNRESOLVED_REFERENCE at 3148-3162 (severity: ERROR)
[INFO] debounce0 Semantic diagnostics: 141
[INFO] debounce0 Parser diagnostics: 0
[INFO] debounce0 Total diagnostics after filtering: 141
[INFO] debounce0 Ignore 14 diagnostics in .../Ljod/build.gradle.kts because it's not open
[INFO] debounce0 Ignore 127 diagnostics in .../app/build.gradle.kts because it's not open
[INFO] client    Cached classpath is outdated or not found. Resolving again
[ERROR] client    TOOLING API: Error fetching model: Could not fetch model of type 'EclipseProject' using connection to Gradle distribution 'https://services.gradle.org/distributions/gradle-9.7.1-bin.zip'.
[ERROR] client    TOOLING API: EXCEPTION during resolution for /home/dae/Work/VZ/Ljod: Could not fetch model of type 'EclipseProject' using connection to Gradle distribution 'https://services.gradle.org/distributions/gradle-9.7.1-bin.zip'.
[WARN] client    TOOLING API: Falling back to CLI for /home/dae/Work/VZ/Ljod
[ERROR] client    CLI: Gradle task FAILED: e: file:///home/dae/Work/VZ/Ljod/app/build.gradle.kts:69:1: Unexpected symbol
e: file:///home/dae/Work/VZ/Ljod/app/build.gradle.kts:71:1: Unexpected symbol
e: file:///home/dae/Work/VZ/Ljod/app/build.gradle.kts:71:14: Unexpected symbol
e: file:///home/dae/Work/VZ/Ljod/app/build.gradle.kts:73:5: Unexpected symbol
e: file:///home/dae/Work/VZ/Ljod/app/build.gradle.kts:73:9: Unexpected symbol
e: file:///home/dae/Work/VZ/Ljod/app/build.gradle.kts:73:20: Unexpected symbol
e: file:///home/dae/Work/VZ/Ljod/app/build.gradle.kts:73:22: Unexpected symbol
e: file:///home/dae/Work/VZ/Ljod/app/build.gradle.kts:73:30: Unexpected symbol
e: file:///home/dae/Work/VZ/Ljod/app/build.gradle.kts:73:31: Unexpected symbol
e: file:///home/dae/Work/VZ/Ljod/app/build.gradle.kts:73:35: Unexpected symbol
e: file:///home/dae/Work/VZ/Ljod/app/build.gradle.kts:73:36: Unexpected symbol
e: file:///home/dae/Work/VZ/Ljod/app/build.gradle.kts:73:43: Unexpected symbol
e: file:///home/dae/Work/VZ/Ljod/app/build.gradle.kts:73:44: Unexpected symbol
e: file:///home/dae/Work/VZ/Ljod/app/build.gradle.kts:73:47: Unexpected symbol
e: file:///home/dae/Work/VZ/Ljod/app/build.gradle.kts:74:5: Unexpected symbol
e: file:///home/dae/Work/VZ/Ljod/app/build.gradle.kts:74:19: Unexpected symbol
e: file:///home/dae/Work/VZ/Ljod/app/build.gradle.kts:74:20: Unexpected symbol
e: file:///home/dae/Work/VZ/Ljod/app/build.gradle.kts:74:30: Unexpected symbol
e: file:///home/dae/Work/VZ/Ljod/app/build.gradle.kts:75:5: Unexpected symbol
e: file:///home/dae/Work/VZ/Ljod/app/build.gradle.kts:75:19: Unexpected symbol
e: file:///home/dae/Work/VZ/Ljod/app/build.gradle.kts:75:20: Unexpected symbol
e: file:///home/dae/Work/VZ/Ljod/app/build.gradle.kts:75:24: Unexpected symbol
e: file:///home/dae/Work/VZ/Ljod/app/build.gradle.kts:75:25: Unexpected symbol
e: file:///home/dae/Work/VZ/Ljod/app/build.gradle.kts:75:32: Unexpected symbol
e: file:///home/dae/Work/VZ/Ljod/app/build.gradle.kts:75:33: Unexpected symbol
e: file:///home/dae/Work/VZ/Ljod/app/build.gradle.kts:75:35: Unexpected symbol
e: file:///home/dae/Work/VZ/Ljod/app/build.gradle.kts:76:5: Unexpected symbol
e: file:///home/dae/Work/VZ/Ljod/app/build.gradle.kts:76:19: Unexpected symbol
e: file:///home/dae/Work/VZ/Ljod/app/build.gradle.kts:76:20: Unexpected symbol
e: file:///home/dae/Work/VZ/Ljod/app/build.gradle.kts:76:24: Unexpected symbol
e: file:///home/dae/Work/VZ/Ljod/app/build.gradle.kts:76:25: Unexpected symbol
e: file:///home/dae/Work/VZ/Ljod/app/build.gradle.kts:76:32: Unexpected symbol
e: file:///home/dae/Work/VZ/Ljod/app/build.gradle.kts:76:33: Unexpected symbol
e: file:///home/dae/Work/VZ/Ljod/app/build.gradle.kts:76:35: Unexpected symbol
e: file:///home/dae/Work/VZ/Ljod/app/build.gradle.kts:76:36: Unexpected symbol
e: file:///home/dae/Work/VZ/Ljod/app/build.gradle.kts:76:44: Unexpected symbol
e: file:///home/dae/Work/VZ/Ljod/app/build.gradle.kts:77:5: Unexpected symbol
e: file:///home/dae/Work/VZ/Ljod/app/build.gradle.kts:77:19: Unexpected symbol
e: file:///home/dae/Work/VZ/Ljod/app/build.gradle.kts:77:20: Unexpected symbol
e: file:///home/dae/Work/VZ/Ljod/app/build.gradle.kts:77:24: Unexpected symbol
e: file:///home/dae/Work/VZ/Ljod/app/build.gradle.kts:77:25: Unexpected symbol
e: file:///home/dae/Work/VZ/Ljod/app/build.gradle.kts:77:32: Unexpected symbol
e: file:///home/dae/Work/VZ/Ljod/app/build.gradle.kts:77:33: Unexpected symbol
e: file:///home/dae/Work/VZ/Ljod/app/build.gradle.kts:77:42: Unexpected symbol
e: file:///home/dae/Work/VZ/Ljod/app/build.gradle.kts:78:5: Unexpected symbol
e: file:///home/dae/Work/VZ/Ljod/app/build.gradle.kts:78:19: Unexpected symbol
e: file:///home/dae/Work/VZ/Ljod/app/build.gradle.kts:78:20: Unexpected symbol
e: file:///home/dae/Work/VZ/Ljod/app/build.gradle.kts:78:24: Unexpected symbol
e: file:///home/dae/Work/VZ/Ljod/app/build.gradle.kts:78:25: Unexpected symbol
e: file:///home/dae/Work/VZ/Ljod/app/build.gradle.kts:78:32: Unexpected symbol
e: file:///home/dae/Work/VZ/Ljod/app/build.gradle.kts:78:33: Unexpected symbol
e: file:///home/dae/Work/VZ/Ljod/app/build.gradle.kts:78:41: Unexpected symbol
e: file:///home/dae/Work/VZ/Ljod/app/build.gradle.kts:78:42: Unexpected symbol
e: file:///home/dae/Work/VZ/Ljod/app/build.gradle.kts:78:47: Unexpected symbol
e: file:///home/dae/Work/VZ/Ljod/app/build.gradle.kts:79:5: Unexpected symbol
e: file:///home/dae/Work/VZ/Ljod/app/build.gradle.kts:79:19: Unexpected symbol
e: file:///home/dae/Work/VZ/Ljod/app/build.gradle.kts:79:20: Unexpected symbol
e: file:///home/dae/Work/VZ/Ljod/app/build.gradle.kts:79:24: Unexpected symbol
e: file:///home/dae/Work/VZ/Ljod/app/build.gradle.kts:79:25: Unexpected symbol
e: file:///home/dae/Work/VZ/Ljod/app/build.gradle.kts:79:32: Unexpected symbol
e: file:///home/dae/Work/VZ/Ljod/app/build.gradle.kts:79:33: Unexpected symbol
e: file:///home/dae/Work/VZ/Ljod/app/build.gradle.kts:79:42: Unexpected symbol
e: file:///home/dae/Work/VZ/Ljod/app/build.gradle.kts:80:5: Unexpected symbol
e: file:///home/dae/Work/VZ/Ljod/app/build.gradle.kts:80:19: Unexpected symbol
e: file:///home/dae/Work/VZ/Ljod/app/build.gradle.kts:80:20: Unexpected symbol
e: file:///home/dae/Work/VZ/Ljod/app/build.gradle.kts:80:24: Unexpected symbol
e: file:///home/dae/Work/VZ/Ljod/app/build.gradle.kts:80:25: Unexpected symbol
e: file:///home/dae/Work/VZ/Ljod/app/build.gradle.kts:80:32: Unexpected symbol
e: file:///home/dae/Work/VZ/Ljod/app/build.gradle.kts:80:33: Unexpected symbol
e: file:///home/dae/Work/VZ/Ljod/app/build.gradle.kts:80:43: Unexpected symbol
e: file:///home/dae/Work/VZ/Ljod/app/build.gradle.kts:81:5: Unexpected symbol
e: file:///home/dae/Work/VZ/Ljod/app/build.gradle.kts:81:24: Unexpected symbol
e: file:///home/dae/Work/VZ/Ljod/app/build.gradle.kts:81:25: Unexpected symbol
e: file:///home/dae/Work/VZ/Ljod/app/build.gradle.kts:81:29: Unexpected symbol
e: file:///home/dae/Work/VZ/Ljod/app/build.gradle.kts:81:30: Unexpected symbol
e: file:///home/dae/Work/VZ/Ljod/app/build.gradle.kts:81:37: Unexpected symbol
e: file:///home/dae/Work/VZ/Ljod/app/build.gradle.kts:81:38: Unexpected symbol
e: file:///home/dae/Work/VZ/Ljod/app/build.gradle.kts:81:40: Unexpected symbol
e: file:///home/dae/Work/VZ/Ljod/app/build.gradle.kts:81:41: Unexpected symbol
e: file:///home/dae/Work/VZ/Ljod/app/build.gradle.kts:81:48: Unexpected symbol
e: file:///home/dae/Work/VZ/Ljod/app/build.gradle.kts:84:5: Unexpected symbol
e: file:///home/dae/Work/VZ/Ljod/app/build.gradle.kts:84:19: Unexpected symbol
e: file:///home/dae/Work/VZ/Ljod/app/build.gradle.kts:84:20: Unexpected symbol
e: file:///home/dae/Work/VZ/Ljod/app/build.gradle.kts:84:24: Unexpected symbol
e: file:///home/dae/Work/VZ/Ljod/app/build.gradle.kts:84:25: Unexpected symbol
e: file:///home/dae/Work/VZ/Ljod/app/build.gradle.kts:84:29: Unexpected symbol
e: file:///home/dae/Work/VZ/Ljod/app/build.gradle.kts:84:30: Unexpected symbol
e: file:///home/dae/Work/VZ/Ljod/app/build.gradle.kts:84:33: Unexpected symbol
e: file:///home/dae/Work/VZ/Ljod/app/build.gradle.kts:85:5: Unexpected symbol
e: file:///home/dae/Work/VZ/Ljod/app/build.gradle.kts:85:19: Unexpected symbol
e: file:///home/dae/Work/VZ/Ljod/app/build.gradle.kts:85:20: Unexpected symbol
e: file:///home/dae/Work/VZ/Ljod/app/build.gradle.kts:85:24: Unexpected symbol
e: file:///home/dae/Work/VZ/Ljod/app/build.gradle.kts:85:25: Unexpected symbol
e: file:///home/dae/Work/VZ/Ljod/app/build.gradle.kts:85:33: Unexpected symbol
e: file:///home/dae/Work/VZ/Ljod/app/build.gradle.kts:85:34: Unexpected symbol
e: file:///home/dae/Work/VZ/Ljod/app/build.gradle.kts:85:41: Unexpected symbol
e: file:///home/dae/Work/VZ/Ljod/app/build.gradle.kts:86:5: Unexpected symbol
e: file:///home/dae/Work/VZ/Ljod/app/build.gradle.kts:86:19: Unexpected symbol
e: file:///home/dae/Work/VZ/Ljod/app/build.gradle.kts:86:20: Unexpected symbol
e: file:///home/dae/Work/VZ/Ljod/app/build.gradle.kts:86:24: Unexpected symbol
e: file:///home/dae/Work/VZ/Ljod/app/build.gradle.kts:86:25: Unexpected symbol
e: file:///home/dae/Work/VZ/Ljod/app/build.gradle.kts:86:34: Unexpected symbol
e: file:///home/dae/Work/VZ/Ljod/app/build.gradle.kts:86:35: Unexpected symbol
e: file:///home/dae/Work/VZ/Ljod/app/build.gradle.kts:86:42: Unexpected symbol
e: file:///home/dae/Work/VZ/Ljod/app/build.gradle.kts:87:5: Unexpected symbol
e: file:///home/dae/Work/VZ/Ljod/app/build.gradle.kts:87:19: Unexpected symbol
e: file:///home/dae/Work/VZ/Ljod/app/build.gradle.kts:87:20: Unexpected symbol
e: file:///home/dae/Work/VZ/Ljod/app/build.gradle.kts:87:24: Unexpected symbol
e: file:///home/dae/Work/VZ/Ljod/app/build.gradle.kts:87:25: Unexpected symbol
e: file:///home/dae/Work/VZ/Ljod/app/build.gradle.kts:87:34: Unexpected symbol
e: file:///home/dae/Work/VZ/Ljod/app/build.gradle.kts:87:35: Unexpected symbol
e: file:///home/dae/Work/VZ/Ljod/app/build.gradle.kts:87:44: Unexpected symbol
e: file:///home/dae/Work/VZ/Ljod/app/build.gradle.kts:90:5: Unexpected symbol
e: file:///home/dae/Work/VZ/Ljod/app/build.gradle.kts:90:19: Unexpected symbol
e: file:///home/dae/Work/VZ/Ljod/app/build.gradle.kts:90:20: Unexpected symbol
e: file:///home/dae/Work/VZ/Ljod/app/build.gradle.kts:90:24: Unexpected symbol
e: file:///home/dae/Work/VZ/Ljod/app/build.gradle.kts:90:25: Unexpected symbol
e: file:///home/dae/Work/VZ/Ljod/app/build.gradle.kts:90:31: Unexpected symbol
e: file:///home/dae/Work/VZ/Ljod/app/build.gradle.kts:90:32: Unexpected symbol
e: file:///home/dae/Work/VZ/Ljod/app/build.gradle.kts:90:41: Unexpected symbol
e: file:///home/dae/Work/VZ/Ljod/app/build.gradle.kts:91:5: Unexpected symbol
e: file:///home/dae/Work/VZ/Ljod/app/build.gradle.kts:91:19: Unexpected symbol
e: file:///home/dae/Work/VZ/Ljod/app/build.gradle.kts:91:20: Unexpected symbol
e: file:///home/dae/Work/VZ/Ljod/app/build.gradle.kts:91:24: Unexpected symbol
e: file:///home/dae/Work/VZ/Ljod/app/build.gradle.kts:91:25: Unexpected symbol
e: file:///home/dae/Work/VZ/Ljod/app/build.gradle.kts:91:31: Unexpected symbol
e: file:///home/dae/Work/VZ/Ljod/app/build.gradle.kts:91:32: Unexpected symbol
e: file:///home/dae/Work/VZ/Ljod/app/build.gradle.kts:91:39: Unexpected symbol
e: file:///home/dae/Work/VZ/Ljod/app/build.gradle.kts:92:5: Unexpected symbol
e: file:///home/dae/Work/VZ/Ljod/app/build.gradle.kts:92:19: Unexpected symbol
e: file:///home/dae/Work/VZ/Ljod/app/build.gradle.kts:92:20: Unexpected symbol
e: file:///home/dae/Work/VZ/Ljod/app/build.gradle.kts:92:24: Unexpected symbol
e: file:///home/dae/Work/VZ/Ljod/app/build.gradle.kts:92:25: Unexpected symbol
e: file:///home/dae/Work/VZ/Ljod/app/build.gradle.kts:92:31: Unexpected symbol
e: file:///home/dae/Work/VZ/Ljod/app/build.gradle.kts:92:32: Unexpected symbol
e: file:///home/dae/Work/VZ/Ljod/app/build.gradle.kts:92:38: Unexpected symbol
e: file:///home/dae/Work/VZ/Ljod/app/build.gradle.kts:95:5: Unexpected symbol
e: file:///home/dae/Work/VZ/Ljod/app/build.gradle.kts:95:19: Unexpected symbol
e: file:///home/dae/Work/VZ/Ljod/app/build.gradle.kts:95:20: Unexpected symbol
e: file:///home/dae/Work/VZ/Ljod/app/build.gradle.kts:95:24: Unexpected symbol
e: file:///home/dae/Work/VZ/Ljod/app/build.gradle.kts:95:25: Unexpected symbol
e: file:///home/dae/Work/VZ/Ljod/app/build.gradle.kts:95:29: Unexpected symbol
e: file:///home/dae/Work/VZ/Ljod/app/build.gradle.kts:95:30: Unexpected symbol
e: file:///home/dae/Work/VZ/Ljod/app/build.gradle.kts:95:37: Unexpected symbol
e: file:///home/dae/Work/VZ/Ljod/app/build.gradle.kts:96:5: Unexpected symbol
e: file:///home/dae/Work/VZ/Ljod/app/build.gradle.kts:96:8: Unexpected symbol
e: file:///home/dae/Work/VZ/Ljod/app/build.gradle.kts:96:9: Unexpected symbol
e: file:///home/dae/Work/VZ/Ljod/app/build.gradle.kts:96:13: Unexpected symbol
e: file:///home/dae/Work/VZ/Ljod/app/build.gradle.kts:96:14: Unexpected symbol
e: file:///home/dae/Work/VZ/Ljod/app/build.gradle.kts:96:18: Unexpected symbol
e: file:///home/dae/Work/VZ/Ljod/app/build.gradle.kts:96:19: Unexpected symbol
e: file:///home/dae/Work/VZ/Ljod/app/build.gradle.kts:96:27: Unexpected symbol
e: file:///home/dae/Work/VZ/Ljod/app/build.gradle.kts:97:5: Unexpected symbol
e: file:///home/dae/Work/VZ/Ljod/app/build.gradle.kts:97:19: Unexpected symbol
e: file:///home/dae/Work/VZ/Ljod/app/build.gradle.kts:97:20: Unexpected symbol
e: file:///home/dae/Work/VZ/Ljod/app/build.gradle.kts:97:24: Unexpected symbol
e: file:///home/dae/Work/VZ/Ljod/app/build.gradle.kts:97:25: Unexpected symbol
e: file:///home/dae/Work/VZ/Ljod/app/build.gradle.kts:97:29: Unexpected symbol
e: file:///home/dae/Work/VZ/Ljod/app/build.gradle.kts:97:30: Unexpected symbol
e: file:///home/dae/Work/VZ/Ljod/app/build.gradle.kts:97:40: Unexpected symbol
e: file:///home/dae/Work/VZ/Ljod/app/build.gradle.kts:100:5: Unexpected symbol
e: file:///home/dae/Work/VZ/Ljod/app/build.gradle.kts:100:19: Unexpected symbol
e: file:///home/dae/Work/VZ/Ljod/app/build.gradle.kts:100:20: Unexpected symbol
e: file:///home/dae/Work/VZ/Ljod/app/build.gradle.kts:100:24: Unexpected symbol
e: file:///home/dae/Work/VZ/Ljod/app/build.gradle.kts:100:25: Unexpected symbol
e: file:///home/dae/Work/VZ/Ljod/app/build.gradle.kts:100:29: Unexpected symbol
e: file:///home/dae/Work/VZ/Ljod/app/build.gradle.kts:100:30: Unexpected symbol
e: file:///home/dae/Work/VZ/Ljod/app/build.gradle.kts:100:37: Unexpected symbol
e: file:///home/dae/Work/VZ/Ljod/app/build.gradle.kts:101:5: Unexpected symbol
e: file:///home/dae/Work/VZ/Ljod/app/build.gradle.kts:101:19: Unexpected symbol
e: file:///home/dae/Work/VZ/Ljod/app/build.gradle.kts:101:20: Unexpected symbol
e: file:///home/dae/Work/VZ/Ljod/app/build.gradle.kts:101:24: Unexpected symbol
e: file:///home/dae/Work/VZ/Ljod/app/build.gradle.kts:101:25: Unexpected symbol
e: file:///home/dae/Work/VZ/Ljod/app/build.gradle.kts:101:29: Unexpected symbol
e: file:///home/dae/Work/VZ/Ljod/app/build.gradle.kts:101:30: Unexpected symbol
e: file:///home/dae/Work/VZ/Ljod/app/build.gradle.kts:101:33: Unexpected symbol
e: file:///home/dae/Work/VZ/Ljod/app/build.gradle.kts:102:5: Unexpected symbol
e: file:///home/dae/Work/VZ/Ljod/app/build.gradle.kts:102:8: Unexpected symbol
e: file:///home/dae/Work/VZ/Ljod/app/build.gradle.kts:102:9: Unexpected symbol
e: file:///home/dae/Work/VZ/Ljod/app/build.gradle.kts:102:13: Unexpected symbol
e: file:///home/dae/Work/VZ/Ljod/app/build.gradle.kts:102:14: Unexpected symbol
e: file:///home/dae/Work/VZ/Ljod/app/build.gradle.kts:102:18: Unexpected symbol
e: file:///home/dae/Work/VZ/Ljod/app/build.gradle.kts:102:19: Unexpected symbol
e: file:///home/dae/Work/VZ/Ljod/app/build.gradle.kts:102:27: Unexpected symbol
e: file:///home/dae/Work/VZ/Ljod/app/build.gradle.kts:103:5: Unexpected symbol
e: file:///home/dae/Work/VZ/Ljod/app/build.gradle.kts:103:19: Unexpected symbol
e: file:///home/dae/Work/VZ/Ljod/app/build.gradle.kts:103:20: Unexpected symbol
e: file:///home/dae/Work/VZ/Ljod/app/build.gradle.kts:103:24: Unexpected symbol
e: file:///home/dae/Work/VZ/Ljod/app/build.gradle.kts:103:25: Unexpected symbol
e: file:///home/dae/Work/VZ/Ljod/app/build.gradle.kts:103:34: Unexpected symbol
e: file:///home/dae/Work/VZ/Ljod/app/build.gradle.kts:103:35: Unexpected symbol
e: file:///home/dae/Work/VZ/Ljod/app/build.gradle.kts:103:46: Unexpected symbol
e: file:///home/dae/Work/VZ/Ljod/app/build.gradle.kts:106:5: Unexpected symbol
e: file:///home/dae/Work/VZ/Ljod/app/build.gradle.kts:106:19: Unexpected symbol
e: file:///home/dae/Work/VZ/Ljod/app/build.gradle.kts:106:20: Unexpected symbol
e: file:///home/dae/Work/VZ/Ljod/app/build.gradle.kts:106:24: Unexpected symbol
e: file:///home/dae/Work/VZ/Ljod/app/build.gradle.kts:106:25: Unexpected symbol
e: file:///home/dae/Work/VZ/Ljod/app/build.gradle.kts:106:31: Unexpected symbol
e: file:///home/dae/Work/VZ/Ljod/app/build.gradle.kts:109:5: Unexpected symbol
e: file:///home/dae/Work/VZ/Ljod/app/build.gradle.kts:109:19: Unexpected symbol
e: file:///home/dae/Work/VZ/Ljod/app/build.gradle.kts:109:20: Unexpected symbol
e: file:///home/dae/Work/VZ/Ljod/app/build.gradle.kts:109:24: Unexpected symbol
e: file:///home/dae/Work/VZ/Ljod/app/build.gradle.kts:109:25: Unexpected symbol
e: file:///home/dae/Work/VZ/Ljod/app/build.gradle.kts:109:32: Unexpected symbol
e: file:///home/dae/Work/VZ/Ljod/app/build.gradle.kts:109:33: Unexpected symbol
e: file:///home/dae/Work/VZ/Ljod/app/build.gradle.kts:109:46: Unexpected symbol
e: file:///home/dae/Work/VZ/Ljod/app/build.gradle.kts:109:47: Unexpected symbol
e: file:///home/dae/Work/VZ/Ljod/app/build.gradle.kts:109:51: Unexpected symbol
e: file:///home/dae/Work/VZ/Ljod/app/build.gradle.kts:110:5: Unexpected symbol
e: file:///home/dae/Work/VZ/Ljod/app/build.gradle.kts:110:19: Unexpected symbol
e: file:///home/dae/Work/VZ/Ljod/app/build.gradle.kts:110:20: Unexpected symbol
e: file:///home/dae/Work/VZ/Ljod/app/build.gradle.kts:110:24: Unexpected symbol
e: file:///home/dae/Work/VZ/Ljod/app/build.gradle.kts:110:25: Unexpected symbol
e: file:///home/dae/Work/VZ/Ljod/app/build.gradle.kts:110:32: Unexpected symbol
e: file:///home/dae/Work/VZ/Ljod/app/build.gradle.kts:110:33: Unexpected symbol
e: file:///home/dae/Work/VZ/Ljod/app/build.gradle.kts:110:43: Unexpected symbol
e: file:///home/dae/Work/VZ/Ljod/app/build.gradle.kts:113:5: Unexpected symbol
e: file:///home/dae/Work/VZ/Ljod/app/build.gradle.kts:113:19: Unexpected symbol
e: file:///home/dae/Work/VZ/Ljod/app/build.gradle.kts:113:20: Unexpected symbol
e: file:///home/dae/Work/VZ/Ljod/app/build.gradle.kts:113:24: Unexpected symbol
e: file:///home/dae/Work/VZ/Ljod/app/build.gradle.kts:113:25: Unexpected symbol
e: file:///home/dae/Work/VZ/Ljod/app/build.gradle.kts:113:29: Unexpected symbol
e: file:///home/dae/Work/VZ/Ljod/app/build.gradle.kts:113:30: Unexpected symbol
e: file:///home/dae/Work/VZ/Ljod/app/build.gradle.kts:113:37: Unexpected symbol
e: file:///home/dae/Work/VZ/Ljod/app/build.gradle.kts:114:5: Unexpected symbol
e: file:///home/dae/Work/VZ/Ljod/app/build.gradle.kts:114:19: Unexpected symbol
e: file:///home/dae/Work/VZ/Ljod/app/build.gradle.kts:114:20: Unexpected symbol
e: file:///home/dae/Work/VZ/Ljod/app/build.gradle.kts:114:24: Unexpected symbol
e: file:///home/dae/Work/VZ/Ljod/app/build.gradle.kts:114:25: Unexpected symbol
e: file:///home/dae/Work/VZ/Ljod/app/build.gradle.kts:114:29: Unexpected symbol
e: file:///home/dae/Work/VZ/Ljod/app/build.gradle.kts:114:30: Unexpected symbol
e: file:///home/dae/Work/VZ/Ljod/app/build.gradle.kts:114:37: Unexpected symbol
e: file:///home/dae/Work/VZ/Ljod/app/build.gradle.kts:114:38: Unexpected symbol
e: file:///home/dae/Work/VZ/Ljod/app/build.gradle.kts:114:44: Unexpected symbol
e: file:///home/dae/Work/VZ/Ljod/app/build.gradle.kts:117:5: Unexpected symbol
e: file:///home/dae/Work/VZ/Ljod/app/build.gradle.kts:117:19: Unexpected symbol
e: file:///home/dae/Work/VZ/Ljod/app/build.gradle.kts:117:20: Unexpected symbol
e: file:///home/dae/Work/VZ/Ljod/app/build.gradle.kts:117:24: Unexpected symbol
e: file:///home/dae/Work/VZ/Ljod/app/build.gradle.kts:117:25: Unexpected symbol
e: file:///home/dae/Work/VZ/Ljod/app/build.gradle.kts:117:31: Unexpected symbol
e: file:///home/dae/Work/VZ/Ljod/app/build.gradle.kts:118:5: Unexpected symbol
e: file:///home/dae/Work/VZ/Ljod/app/build.gradle.kts:118:19: Unexpected symbol
e: file:///home/dae/Work/VZ/Ljod/app/build.gradle.kts:118:20: Unexpected symbol
e: file:///home/dae/Work/VZ/Ljod/app/build.gradle.kts:118:24: Unexpected symbol
e: file:///home/dae/Work/VZ/Ljod/app/build.gradle.kts:118:25: Unexpected symbol
e: file:///home/dae/Work/VZ/Ljod/app/build.gradle.kts:118:33: Unexpected symbol
e: file:///home/dae/Work/VZ/Ljod/app/build.gradle.kts:119:5: Unexpected symbol
e: file:///home/dae/Work/VZ/Ljod/app/build.gradle.kts:119:19: Unexpected symbol
e: file:///home/dae/Work/VZ/Ljod/app/build.gradle.kts:119:20: Unexpected symbol
e: file:///home/dae/Work/VZ/Ljod/app/build.gradle.kts:119:24: Unexpected symbol
e: file:///home/dae/Work/VZ/Ljod/app/build.gradle.kts:119:25: Unexpected symbol
e: file:///home/dae/Work/VZ/Ljod/app/build.gradle.kts:119:33: Unexpected symbol
e: file:///home/dae/Work/VZ/Ljod/app/build.gradle.kts:119:34: Unexpected symbol
e: file:///home/dae/Work/VZ/Ljod/app/build.gradle.kts:119:41: Unexpected symbol
e: file:///home/dae/Work/VZ/Ljod/app/build.gradle.kts:122:5: Unexpected symbol
e: file:///home/dae/Work/VZ/Ljod/app/build.gradle.kts:122:19: Unexpected symbol
e: file:///home/dae/Work/VZ/Ljod/app/build.gradle.kts:122:20: Unexpected symbol
e: file:///home/dae/Work/VZ/Ljod/app/build.gradle.kts:122:24: Unexpected symbol
e: file:///home/dae/Work/VZ/Ljod/app/build.gradle.kts:122:25: Unexpected symbol
e: file:///home/dae/Work/VZ/Ljod/app/build.gradle.kts:122:34: Unexpected symbol
e: file:///home/dae/Work/VZ/Ljod/app/build.gradle.kts:123:5: Unexpected symbol
e: file:///home/dae/Work/VZ/Ljod/app/build.gradle.kts:123:19: Unexpected symbol
e: file:///home/dae/Work/VZ/Ljod/app/build.gradle.kts:123:20: Unexpected symbol
e: file:///home/dae/Work/VZ/Ljod/app/build.gradle.kts:123:24: Unexpected symbol
e: file:///home/dae/Work/VZ/Ljod/app/build.gradle.kts:123:25: Unexpected symbol
e: file:///home/dae/Work/VZ/Ljod/app/build.gradle.kts:123:33: Unexpected symbol
e: file:///home/dae/Work/VZ/Ljod/app/build.gradle.kts:123:34: Unexpected symbol
e: file:///home/dae/Work/VZ/Ljod/app/build.gradle.kts:123:40: Unexpected symbol
e: file:///home/dae/Work/VZ/Ljod/app/build.gradle.kts:126:5: Unexpected symbol
e: file:///home/dae/Work/VZ/Ljod/app/build.gradle.kts:126:19: Unexpected symbol
e: file:///home/dae/Work/VZ/Ljod/app/build.gradle.kts:126:20: Unexpected symbol
e: file:///home/dae/Work/VZ/Ljod/app/build.gradle.kts:126:24: Unexpected symbol
e: file:///home/dae/Work/VZ/Ljod/app/build.gradle.kts:126:25: Unexpected symbol
e: file:///home/dae/Work/VZ/Ljod/app/build.gradle.kts:126:36: Unexpected symbol
e: file:///home/dae/Work/VZ/Ljod/app/build.gradle.kts:127:5: Unexpected symbol
e: file:///home/dae/Work/VZ/Ljod/app/build.gradle.kts:127:19: Unexpected symbol
e: file:///home/dae/Work/VZ/Ljod/app/build.gradle.kts:127:20: Unexpected symbol
e: file:///home/dae/Work/VZ/Ljod/app/build.gradle.kts:127:24: Unexpected symbol
e: file:///home/dae/Work/VZ/Ljod/app/build.gradle.kts:127:25: Unexpected symbol
e: file:///home/dae/Work/VZ/Ljod/app/build.gradle.kts:127:33: Unexpected symbol
e: file:///home/dae/Work/VZ/Ljod/app/build.gradle.kts:127:34: Unexpected symbol
e: file:///home/dae/Work/VZ/Ljod/app/build.gradle.kts:127:41: Unexpected symbol
e: file:///home/dae/Work/VZ/Ljod/app/build.gradle.kts:130:5: Unexpected symbol
e: file:///home/dae/Work/VZ/Ljod/app/build.gradle.kts:130:19: Unexpected symbol
e: file:///home/dae/Work/VZ/Ljod/app/build.gradle.kts:130:20: Unexpected symbol
e: file:///home/dae/Work/VZ/Ljod/app/build.gradle.kts:130:24: Unexpected symbol
e: file:///home/dae/Work/VZ/Ljod/app/build.gradle.kts:130:25: Unexpected symbol
e: file:///home/dae/Work/VZ/Ljod/app/build.gradle.kts:130:34: Unexpected symbol
e: file:///home/dae/Work/VZ/Ljod/app/build.gradle.kts:130:35: Unexpected symbol
e: file:///home/dae/Work/VZ/Ljod/app/build.gradle.kts:130:46: Unexpected symbol
e: file:///home/dae/Work/VZ/Ljod/app/build.gradle.kts:131:5: Unexpected symbol
e: file:///home/dae/Work/VZ/Ljod/app/build.gradle.kts:131:19: Unexpected symbol
e: file:///home/dae/Work/VZ/Ljod/app/build.gradle.kts:131:20: Unexpected symbol
e: file:///home/dae/Work/VZ/Ljod/app/build.gradle.kts:131:24: Unexpected symbol
e: file:///home/dae/Work/VZ/Ljod/app/build.gradle.kts:131:25: Unexpected symbol
e: file:///home/dae/Work/VZ/Ljod/app/build.gradle.kts:131:34: Unexpected symbol
e: file:///home/dae/Work/VZ/Ljod/app/build.gradle.kts:132:5: Unexpected symbol
e: file:///home/dae/Work/VZ/Ljod/app/build.gradle.kts:132:19: Unexpected symbol
e: file:///home/dae/Work/VZ/Ljod/app/build.gradle.kts:132:20: Unexpected symbol
e: file:///home/dae/Work/VZ/Ljod/app/build.gradle.kts:132:24: Unexpected symbol
e: file:///home/dae/Work/VZ/Ljod/app/build.gradle.kts:132:25: Unexpected symbol
e: file:///home/dae/Work/VZ/Ljod/app/build.gradle.kts:132:31: Unexpected symbol
e: file:///home/dae/Work/VZ/Ljod/app/build.gradle.kts:133:5: Unexpected symbol
e: file:///home/dae/Work/VZ/Ljod/app/build.gradle.kts:133:19: Unexpected symbol
e: file:///home/dae/Work/VZ/Ljod/app/build.gradle.kts:133:20: Unexpected symbol
e: file:///home/dae/Work/VZ/Ljod/app/build.gradle.kts:133:24: Unexpected symbol
e: file:///home/dae/Work/VZ/Ljod/app/build.gradle.kts:133:25: Unexpected symbol
e: file:///home/dae/Work/VZ/Ljod/app/build.gradle.kts:133:31: Unexpected symbol
e: file:///home/dae/Work/VZ/Ljod/app/build.gradle.kts:133:32: Unexpected symbol
e: file:///home/dae/Work/VZ/Ljod/app/build.gradle.kts:133:41: Unexpected symbol
e: file:///home/dae/Work/VZ/Ljod/app/build.gradle.kts:136:5: Unexpected symbol
e: file:///home/dae/Work/VZ/Ljod/app/build.gradle.kts:136:26: Unexpected symbol
e: file:///home/dae/Work/VZ/Ljod/app/build.gradle.kts:136:27: Unexpected symbol
e: file:///home/dae/Work/VZ/Ljod/app/build.gradle.kts:136:31: Unexpected symbol
e: file:///home/dae/Work/VZ/Ljod/app/build.gradle.kts:136:32: Unexpected symbol
e: file:///home/dae/Work/VZ/Ljod/app/build.gradle.kts:136:39: Unexpected symbol
e: file:///home/dae/Work/VZ/Ljod/app/build.gradle.kts:137:1: Unexpected symbol

FAILURE: Build failed with an exception.

* Where:
Build file '/home/dae/Work/VZ/Ljod/app/build.gradle.kts' line: 69

* What went wrong:
Script compilation errors:

  Line 069: }
            ^ Unexpected symbol

  Line 071: dependencies {
            ^ Unexpected symbol

  Line 071: dependencies {
                         ^ Unexpected symbol

  Line 073:     val composeBom = platform(libs.compose.bom)
                ^ Unexpected symbol

  Line 073:     val composeBom = platform(libs.compose.bom)
                    ^ Unexpected symbol

  Line 073:     val composeBom = platform(libs.compose.bom)
                               ^ Unexpected symbol

  Line 073:     val composeBom = platform(libs.compose.bom)
                                 ^ Unexpected symbol

  Line 073:     val composeBom = platform(libs.compose.bom)
                                         ^ Unexpected symbol

  Line 073:     val composeBom = platform(libs.compose.bom)
                                          ^ Unexpected symbol

  Line 073:     val composeBom = platform(libs.compose.bom)
                                              ^ Unexpected symbol

  Line 073:     val composeBom = platform(libs.compose.bom)
                                               ^ Unexpected symbol

  Line 073:     val composeBom = platform(libs.compose.bom)
                                                      ^ Unexpected symbol

  Line 073:     val composeBom = platform(libs.compose.bom)
                                                       ^ Unexpected symbol

  Line 073:     val composeBom = platform(libs.compose.bom)
                                                          ^ Unexpected symbol

  Line 074:     implementation(composeBom)
                ^ Unexpected symbol

  Line 074:     implementation(composeBom)
                              ^ Unexpected symbol

  Line 074:     implementation(composeBom)
                               ^ Unexpected symbol

  Line 074:     implementation(composeBom)
                                         ^ Unexpected symbol

  Line 075:     implementation(libs.compose.ui)
                ^ Unexpected symbol

  Line 075:     implementation(libs.compose.ui)
                              ^ Unexpected symbol

  Line 075:     implementation(libs.compose.ui)
                               ^ Unexpected symbol

  Line 075:     implementation(libs.compose.ui)
                                   ^ Unexpected symbol

  Line 075:     implementation(libs.compose.ui)
                                    ^ Unexpected symbol

  Line 075:     implementation(libs.compose.ui)
                                           ^ Unexpected symbol

  Line 075:     implementation(libs.compose.ui)
                                            ^ Unexpected symbol

  Line 075:     implementation(libs.compose.ui)
                                              ^ Unexpected symbol

  Line 076:     implementation(libs.compose.ui.graphics)
                ^ Unexpected symbol

  Line 076:     implementation(libs.compose.ui.graphics)
                              ^ Unexpected symbol

  Line 076:     implementation(libs.compose.ui.graphics)
                               ^ Unexpected symbol

  Line 076:     implementation(libs.compose.ui.graphics)
                                   ^ Unexpected symbol

  Line 076:     implementation(libs.compose.ui.graphics)
                                    ^ Unexpected symbol

  Line 076:     implementation(libs.compose.ui.graphics)
                                           ^ Unexpected symbol

  Line 076:     implementation(libs.compose.ui.graphics)
                                            ^ Unexpected symbol

  Line 076:     implementation(libs.compose.ui.graphics)
                                              ^ Unexpected symbol

  Line 076:     implementation(libs.compose.ui.graphics)
                                               ^ Unexpected symbol

  Line 076:     implementation(libs.compose.ui.graphics)
                                                       ^ Unexpected symbol

  Line 077:     implementation(libs.compose.material3)
                ^ Unexpected symbol

  Line 077:     implementation(libs.compose.material3)
                              ^ Unexpected symbol

  Line 077:     implementation(libs.compose.material3)
                               ^ Unexpected symbol

  Line 077:     implementation(libs.compose.material3)
                                   ^ Unexpected symbol

  Line 077:     implementation(libs.compose.material3)
                                    ^ Unexpected symbol

  Line 077:     implementation(libs.compose.material3)
                                           ^ Unexpected symbol

  Line 077:     implementation(libs.compose.material3)
                                            ^ Unexpected symbol

  Line 077:     implementation(libs.compose.material3)
                                                     ^ Unexpected symbol

  Line 078:     implementation(libs.compose.material.icons)
                ^ Unexpected symbol

  Line 078:     implementation(libs.compose.material.icons)
                              ^ Unexpected symbol

  Line 078:     implementation(libs.compose.material.icons)
                               ^ Unexpected symbol

  Line 078:     implementation(libs.compose.material.icons)
                                   ^ Unexpected symbol

  Line 078:     implementation(libs.compose.material.icons)
                                    ^ Unexpected symbol

  Line 078:     implementation(libs.compose.material.icons)
                                           ^ Unexpected symbol

  Line 078:     implementation(libs.compose.material.icons)
                                            ^ Unexpected symbol

  Line 078:     implementation(libs.compose.material.icons)
                                                    ^ Unexpected symbol

  Line 078:     implementation(libs.compose.material.icons)
                                                     ^ Unexpected symbol

  Line 078:     implementation(libs.compose.material.icons)
                                                          ^ Unexpected symbol

  Line 079:     implementation(libs.compose.animation)
                ^ Unexpected symbol

  Line 079:     implementation(libs.compose.animation)
                              ^ Unexpected symbol

  Line 079:     implementation(libs.compose.animation)
                               ^ Unexpected symbol

  Line 079:     implementation(libs.compose.animation)
                                   ^ Unexpected symbol

  Line 079:     implementation(libs.compose.animation)
                                    ^ Unexpected symbol

  Line 079:     implementation(libs.compose.animation)
                                           ^ Unexpected symbol

  Line 079:     implementation(libs.compose.animation)
                                            ^ Unexpected symbol

  Line 079:     implementation(libs.compose.animation)
                                                     ^ Unexpected symbol

  Line 080:     implementation(libs.compose.foundation)
                ^ Unexpected symbol

  Line 080:     implementation(libs.compose.foundation)
                              ^ Unexpected symbol

  Line 080:     implementation(libs.compose.foundation)
                               ^ Unexpected symbol

  Line 080:     implementation(libs.compose.foundation)
                                   ^ Unexpected symbol

  Line 080:     implementation(libs.compose.foundation)
                                    ^ Unexpected symbol

  Line 080:     implementation(libs.compose.foundation)
                                           ^ Unexpected symbol

  Line 080:     implementation(libs.compose.foundation)
                                            ^ Unexpected symbol

  Line 080:     implementation(libs.compose.foundation)
                                                      ^ Unexpected symbol

  Line 081:     debugImplementation(libs.compose.ui.tooling)
                ^ Unexpected symbol

  Line 081:     debugImplementation(libs.compose.ui.tooling)
                                   ^ Unexpected symbol

  Line 081:     debugImplementation(libs.compose.ui.tooling)
                                    ^ Unexpected symbol

  Line 081:     debugImplementation(libs.compose.ui.tooling)
                                        ^ Unexpected symbol

  Line 081:     debugImplementation(libs.compose.ui.tooling)
                                         ^ Unexpected symbol

  Line 081:     debugImplementation(libs.compose.ui.tooling)
                                                ^ Unexpected symbol

  Line 081:     debugImplementation(libs.compose.ui.tooling)
                                                 ^ Unexpected symbol

  Line 081:     debugImplementation(libs.compose.ui.tooling)
                                                   ^ Unexpected symbol

  Line 081:     debugImplementation(libs.compose.ui.tooling)
                                                    ^ Unexpected symbol

  Line 081:     debugImplementation(libs.compose.ui.tooling)
                                                           ^ Unexpected symbol

  Line 084:     implementation(libs.core.ktx)
                ^ Unexpected symbol

  Line 084:     implementation(libs.core.ktx)
                              ^ Unexpected symbol

  Line 084:     implementation(libs.core.ktx)
                               ^ Unexpected symbol

  Line 084:     implementation(libs.core.ktx)
                                   ^ Unexpected symbol

  Line 084:     implementation(libs.core.ktx)
                                    ^ Unexpected symbol

  Line 084:     implementation(libs.core.ktx)
                                        ^ Unexpected symbol

  Line 084:     implementation(libs.core.ktx)
                                         ^ Unexpected symbol

  Line 084:     implementation(libs.core.ktx)
                                            ^ Unexpected symbol

  Line 085:     implementation(libs.activity.compose)
                ^ Unexpected symbol

  Line 085:     implementation(libs.activity.compose)
                              ^ Unexpected symbol

  Line 085:     implementation(libs.activity.compose)
                               ^ Unexpected symbol

  Line 085:     implementation(libs.activity.compose)
                                   ^ Unexpected symbol

  Line 085:     implementation(libs.activity.compose)
                                    ^ Unexpected symbol

  Line 085:     implementation(libs.activity.compose)
                                            ^ Unexpected symbol

  Line 085:     implementation(libs.activity.compose)
                                             ^ Unexpected symbol

  Line 085:     implementation(libs.activity.compose)
                                                    ^ Unexpected symbol

  Line 086:     implementation(libs.lifecycle.runtime)
                ^ Unexpected symbol

  Line 086:     implementation(libs.lifecycle.runtime)
                              ^ Unexpected symbol

  Line 086:     implementation(libs.lifecycle.runtime)
                               ^ Unexpected symbol

  Line 086:     implementation(libs.lifecycle.runtime)
                                   ^ Unexpected symbol

  Line 086:     implementation(libs.lifecycle.runtime)
                                    ^ Unexpected symbol

  Line 086:     implementation(libs.lifecycle.runtime)
                                             ^ Unexpected symbol

  Line 086:     implementation(libs.lifecycle.runtime)
                                              ^ Unexpected symbol

  Line 086:     implementation(libs.lifecycle.runtime)
                                                     ^ Unexpected symbol

  Line 087:     implementation(libs.lifecycle.viewmodel)
                ^ Unexpected symbol

  Line 087:     implementation(libs.lifecycle.viewmodel)
                              ^ Unexpected symbol

  Line 087:     implementation(libs.lifecycle.viewmodel)
                               ^ Unexpected symbol

  Line 087:     implementation(libs.lifecycle.viewmodel)
                                   ^ Unexpected symbol

  Line 087:     implementation(libs.lifecycle.viewmodel)
                                    ^ Unexpected symbol

  Line 087:     implementation(libs.lifecycle.viewmodel)
                                             ^ Unexpected symbol

  Line 087:     implementation(libs.lifecycle.viewmodel)
                                              ^ Unexpected symbol

  Line 087:     implementation(libs.lifecycle.viewmodel)
                                                       ^ Unexpected symbol

  Line 090:     implementation(libs.media3.exoplayer)
                ^ Unexpected symbol

  Line 090:     implementation(libs.media3.exoplayer)
                              ^ Unexpected symbol

  Line 090:     implementation(libs.media3.exoplayer)
                               ^ Unexpected symbol

  Line 090:     implementation(libs.media3.exoplayer)
                                   ^ Unexpected symbol

  Line 090:     implementation(libs.media3.exoplayer)
                                    ^ Unexpected symbol

  Line 090:     implementation(libs.media3.exoplayer)
                                          ^ Unexpected symbol

  Line 090:     implementation(libs.media3.exoplayer)
                                           ^ Unexpected symbol

  Line 090:     implementation(libs.media3.exoplayer)
                                                    ^ Unexpected symbol

  Line 091:     implementation(libs.media3.session)
                ^ Unexpected symbol

  Line 091:     implementation(libs.media3.session)
                              ^ Unexpected symbol

  Line 091:     implementation(libs.media3.session)
                               ^ Unexpected symbol

  Line 091:     implementation(libs.media3.session)
                                   ^ Unexpected symbol

  Line 091:     implementation(libs.media3.session)
                                    ^ Unexpected symbol

  Line 091:     implementation(libs.media3.session)
                                          ^ Unexpected symbol

  Line 091:     implementation(libs.media3.session)
                                           ^ Unexpected symbol

  Line 091:     implementation(libs.media3.session)
                                                  ^ Unexpected symbol

  Line 092:     implementation(libs.media3.common)
                ^ Unexpected symbol

  Line 092:     implementation(libs.media3.common)
                              ^ Unexpected symbol

  Line 092:     implementation(libs.media3.common)
                               ^ Unexpected symbol

  Line 092:     implementation(libs.media3.common)
                                   ^ Unexpected symbol

  Line 092:     implementation(libs.media3.common)
                                    ^ Unexpected symbol

  Line 092:     implementation(libs.media3.common)
                                          ^ Unexpected symbol

  Line 092:     implementation(libs.media3.common)
                                           ^ Unexpected symbol

  Line 092:     implementation(libs.media3.common)
                                                 ^ Unexpected symbol

  Line 095:     implementation(libs.hilt.android)
                ^ Unexpected symbol

  Line 095:     implementation(libs.hilt.android)
                              ^ Unexpected symbol

  Line 095:     implementation(libs.hilt.android)
                               ^ Unexpected symbol

  Line 095:     implementation(libs.hilt.android)
                                   ^ Unexpected symbol

  Line 095:     implementation(libs.hilt.android)
                                    ^ Unexpected symbol

  Line 095:     implementation(libs.hilt.android)
                                        ^ Unexpected symbol

  Line 095:     implementation(libs.hilt.android)
                                         ^ Unexpected symbol

  Line 095:     implementation(libs.hilt.android)
                                                ^ Unexpected symbol

  Line 096:     ksp(libs.hilt.compiler)
                ^ Unexpected symbol

  Line 096:     ksp(libs.hilt.compiler)
                   ^ Unexpected symbol

  Line 096:     ksp(libs.hilt.compiler)
                    ^ Unexpected symbol

  Line 096:     ksp(libs.hilt.compiler)
                        ^ Unexpected symbol

  Line 096:     ksp(libs.hilt.compiler)
                         ^ Unexpected symbol

  Line 096:     ksp(libs.hilt.compiler)
                             ^ Unexpected symbol

  Line 096:     ksp(libs.hilt.compiler)
                              ^ Unexpected symbol

  Line 096:     ksp(libs.hilt.compiler)
                                      ^ Unexpected symbol

  Line 097:     implementation(libs.hilt.navigation)
                ^ Unexpected symbol

  Line 097:     implementation(libs.hilt.navigation)
                              ^ Unexpected symbol

  Line 097:     implementation(libs.hilt.navigation)
                               ^ Unexpected symbol

  Line 097:     implementation(libs.hilt.navigation)
                                   ^ Unexpected symbol

  Line 097:     implementation(libs.hilt.navigation)
                                    ^ Unexpected symbol

  Line 097:     implementation(libs.hilt.navigation)
                                        ^ Unexpected symbol

  Line 097:     implementation(libs.hilt.navigation)
                                         ^ Unexpected symbol

  Line 097:     implementation(libs.hilt.navigation)
                                                   ^ Unexpected symbol

  Line 100:     implementation(libs.room.runtime)
                ^ Unexpected symbol

  Line 100:     implementation(libs.room.runtime)
                              ^ Unexpected symbol

  Line 100:     implementation(libs.room.runtime)
                               ^ Unexpected symbol

  Line 100:     implementation(libs.room.runtime)
                                   ^ Unexpected symbol

  Line 100:     implementation(libs.room.runtime)
                                    ^ Unexpected symbol

  Line 100:     implementation(libs.room.runtime)
                                        ^ Unexpected symbol

  Line 100:     implementation(libs.room.runtime)
                                         ^ Unexpected symbol

  Line 100:     implementation(libs.room.runtime)
                                                ^ Unexpected symbol

  Line 101:     implementation(libs.room.ktx)
                ^ Unexpected symbol

  Line 101:     implementation(libs.room.ktx)
                              ^ Unexpected symbol

  Line 101:     implementation(libs.room.ktx)
                               ^ Unexpected symbol

  Line 101:     implementation(libs.room.ktx)
                                   ^ Unexpected symbol

  Line 101:     implementation(libs.room.ktx)
                                    ^ Unexpected symbol

  Line 101:     implementation(libs.room.ktx)
                                        ^ Unexpected symbol

  Line 101:     implementation(libs.room.ktx)
                                         ^ Unexpected symbol

  Line 101:     implementation(libs.room.ktx)
                                            ^ Unexpected symbol

  Line 102:     ksp(libs.room.compiler)
                ^ Unexpected symbol

  Line 102:     ksp(libs.room.compiler)
                   ^ Unexpected symbol

  Line 102:     ksp(libs.room.compiler)
                    ^ Unexpected symbol

  Line 102:     ksp(libs.room.compiler)
                        ^ Unexpected symbol

  Line 102:     ksp(libs.room.compiler)
                         ^ Unexpected symbol

  Line 102:     ksp(libs.room.compiler)
                             ^ Unexpected symbol

  Line 102:     ksp(libs.room.compiler)
                              ^ Unexpected symbol

  Line 102:     ksp(libs.room.compiler)
                                      ^ Unexpected symbol

  Line 103:     implementation(libs.datastore.preferences)
                ^ Unexpected symbol

  Line 103:     implementation(libs.datastore.preferences)
                              ^ Unexpected symbol

  Line 103:     implementation(libs.datastore.preferences)
                               ^ Unexpected symbol

  Line 103:     implementation(libs.datastore.preferences)
                                   ^ Unexpected symbol

  Line 103:     implementation(libs.datastore.preferences)
                                    ^ Unexpected symbol

  Line 103:     implementation(libs.datastore.preferences)
                                             ^ Unexpected symbol

  Line 103:     implementation(libs.datastore.preferences)
                                              ^ Unexpected symbol

  Line 103:     implementation(libs.datastore.preferences)
                                                         ^ Unexpected symbol

  Line 106:     implementation(libs.timber)
                ^ Unexpected symbol

  Line 106:     implementation(libs.timber)
                              ^ Unexpected symbol

  Line 106:     implementation(libs.timber)
                               ^ Unexpected symbol

  Line 106:     implementation(libs.timber)
                                   ^ Unexpected symbol

  Line 106:     implementation(libs.timber)
                                    ^ Unexpected symbol

  Line 106:     implementation(libs.timber)
                                          ^ Unexpected symbol

  Line 109:     implementation(libs.kotlinx.serialization.json)
                ^ Unexpected symbol

  Line 109:     implementation(libs.kotlinx.serialization.json)
                              ^ Unexpected symbol

  Line 109:     implementation(libs.kotlinx.serialization.json)
                               ^ Unexpected symbol

  Line 109:     implementation(libs.kotlinx.serialization.json)
                                   ^ Unexpected symbol

  Line 109:     implementation(libs.kotlinx.serialization.json)
                                    ^ Unexpected symbol

  Line 109:     implementation(libs.kotlinx.serialization.json)
                                           ^ Unexpected symbol

  Line 109:     implementation(libs.kotlinx.serialization.json)
                                            ^ Unexpected symbol

  Line 109:     implementation(libs.kotlinx.serialization.json)
                                                         ^ Unexpected symbol

  Line 109:     implementation(libs.kotlinx.serialization.json)
                                                          ^ Unexpected symbol

  Line 109:     implementation(libs.kotlinx.serialization.json)
                                                              ^ Unexpected symbol

  Line 110:     implementation(libs.kotlinx.coroutines)
                ^ Unexpected symbol

  Line 110:     implementation(libs.kotlinx.coroutines)
                              ^ Unexpected symbol

  Line 110:     implementation(libs.kotlinx.coroutines)
                               ^ Unexpected symbol

  Line 110:     implementation(libs.kotlinx.coroutines)
                                   ^ Unexpected symbol

  Line 110:     implementation(libs.kotlinx.coroutines)
                                    ^ Unexpected symbol

  Line 110:     implementation(libs.kotlinx.coroutines)
                                           ^ Unexpected symbol

  Line 110:     implementation(libs.kotlinx.coroutines)
                                            ^ Unexpected symbol

  Line 110:     implementation(libs.kotlinx.coroutines)
                                                      ^ Unexpected symbol

  Line 113:     implementation(libs.coil.compose)
                ^ Unexpected symbol

  Line 113:     implementation(libs.coil.compose)
                              ^ Unexpected symbol

  Line 113:     implementation(libs.coil.compose)
                               ^ Unexpected symbol

  Line 113:     implementation(libs.coil.compose)
                                   ^ Unexpected symbol

  Line 113:     implementation(libs.coil.compose)
                                    ^ Unexpected symbol

  Line 113:     implementation(libs.coil.compose)
                                        ^ Unexpected symbol

  Line 113:     implementation(libs.coil.compose)
                                         ^ Unexpected symbol

  Line 113:     implementation(libs.coil.compose)
                                                ^ Unexpected symbol

  Line 114:     implementation(libs.coil.network.okhttp)
                ^ Unexpected symbol

  Line 114:     implementation(libs.coil.network.okhttp)
                              ^ Unexpected symbol

  Line 114:     implementation(libs.coil.network.okhttp)
                               ^ Unexpected symbol

  Line 114:     implementation(libs.coil.network.okhttp)
                                   ^ Unexpected symbol

  Line 114:     implementation(libs.coil.network.okhttp)
                                    ^ Unexpected symbol

  Line 114:     implementation(libs.coil.network.okhttp)
                                        ^ Unexpected symbol

  Line 114:     implementation(libs.coil.network.okhttp)
                                         ^ Unexpected symbol

  Line 114:     implementation(libs.coil.network.okhttp)
                                                ^ Unexpected symbol

  Line 114:     implementation(libs.coil.network.okhttp)
                                                 ^ Unexpected symbol

  Line 114:     implementation(libs.coil.network.okhttp)
                                                       ^ Unexpected symbol

  Line 117:     implementation(libs.okhttp)
                ^ Unexpected symbol

  Line 117:     implementation(libs.okhttp)
                              ^ Unexpected symbol

  Line 117:     implementation(libs.okhttp)
                               ^ Unexpected symbol

  Line 117:     implementation(libs.okhttp)
                                   ^ Unexpected symbol

  Line 117:     implementation(libs.okhttp)
                                    ^ Unexpected symbol

  Line 117:     implementation(libs.okhttp)
                                          ^ Unexpected symbol

  Line 118:     implementation(libs.retrofit)
                ^ Unexpected symbol

  Line 118:     implementation(libs.retrofit)
                              ^ Unexpected symbol

  Line 118:     implementation(libs.retrofit)
                               ^ Unexpected symbol

  Line 118:     implementation(libs.retrofit)
                                   ^ Unexpected symbol

  Line 118:     implementation(libs.retrofit)
                                    ^ Unexpected symbol

  Line 118:     implementation(libs.retrofit)
                                            ^ Unexpected symbol

  Line 119:     implementation(libs.retrofit.kotlinx)
                ^ Unexpected symbol

  Line 119:     implementation(libs.retrofit.kotlinx)
                              ^ Unexpected symbol

  Line 119:     implementation(libs.retrofit.kotlinx)
                               ^ Unexpected symbol

  Line 119:     implementation(libs.retrofit.kotlinx)
                                   ^ Unexpected symbol

  Line 119:     implementation(libs.retrofit.kotlinx)
                                    ^ Unexpected symbol

  Line 119:     implementation(libs.retrofit.kotlinx)
                                            ^ Unexpected symbol

  Line 119:     implementation(libs.retrofit.kotlinx)
                                             ^ Unexpected symbol

  Line 119:     implementation(libs.retrofit.kotlinx)
                                                    ^ Unexpected symbol

  Line 122:     implementation(libs.biometric)
                ^ Unexpected symbol

  Line 122:     implementation(libs.biometric)
                              ^ Unexpected symbol

  Line 122:     implementation(libs.biometric)
                               ^ Unexpected symbol

  Line 122:     implementation(libs.biometric)
                                   ^ Unexpected symbol

  Line 122:     implementation(libs.biometric)
                                    ^ Unexpected symbol

  Line 122:     implementation(libs.biometric)
                                             ^ Unexpected symbol

  Line 123:     implementation(libs.security.crypto)
                ^ Unexpected symbol

  Line 123:     implementation(libs.security.crypto)
                              ^ Unexpected symbol

  Line 123:     implementation(libs.security.crypto)
                               ^ Unexpected symbol

  Line 123:     implementation(libs.security.crypto)
                                   ^ Unexpected symbol

  Line 123:     implementation(libs.security.crypto)
                                    ^ Unexpected symbol

  Line 123:     implementation(libs.security.crypto)
                                            ^ Unexpected symbol

  Line 123:     implementation(libs.security.crypto)
                                             ^ Unexpected symbol

  Line 123:     implementation(libs.security.crypto)
                                                   ^ Unexpected symbol

  Line 126:     implementation(libs.workmanager)
                ^ Unexpected symbol

  Line 126:     implementation(libs.workmanager)
                              ^ Unexpected symbol

  Line 126:     implementation(libs.workmanager)
                               ^ Unexpected symbol

  Line 126:     implementation(libs.workmanager)
                                   ^ Unexpected symbol

  Line 126:     implementation(libs.workmanager)
                                    ^ Unexpected symbol

  Line 126:     implementation(libs.workmanager)
                                               ^ Unexpected symbol

  Line 127:     implementation(libs.fragment.compose)
                ^ Unexpected symbol

  Line 127:     implementation(libs.fragment.compose)
                              ^ Unexpected symbol

  Line 127:     implementation(libs.fragment.compose)
                               ^ Unexpected symbol

  Line 127:     implementation(libs.fragment.compose)
                                   ^ Unexpected symbol

  Line 127:     implementation(libs.fragment.compose)
                                    ^ Unexpected symbol

  Line 127:     implementation(libs.fragment.compose)
                                            ^ Unexpected symbol

  Line 127:     implementation(libs.fragment.compose)
                                             ^ Unexpected symbol

  Line 127:     implementation(libs.fragment.compose)
                                                    ^ Unexpected symbol

  Line 130:     implementation(libs.datastore.preferences)
                ^ Unexpected symbol

  Line 130:     implementation(libs.datastore.preferences)
                              ^ Unexpected symbol

  Line 130:     implementation(libs.datastore.preferences)
                               ^ Unexpected symbol

  Line 130:     implementation(libs.datastore.preferences)
                                   ^ Unexpected symbol

  Line 130:     implementation(libs.datastore.preferences)
                                    ^ Unexpected symbol

  Line 130:     implementation(libs.datastore.preferences)
                                             ^ Unexpected symbol

  Line 130:     implementation(libs.datastore.preferences)
                                              ^ Unexpected symbol

  Line 130:     implementation(libs.datastore.preferences)
                                                         ^ Unexpected symbol

  Line 131:     implementation(libs.datastore)
                ^ Unexpected symbol

  Line 131:     implementation(libs.datastore)
                              ^ Unexpected symbol

  Line 131:     implementation(libs.datastore)
                               ^ Unexpected symbol

  Line 131:     implementation(libs.datastore)
                                   ^ Unexpected symbol

  Line 131:     implementation(libs.datastore)
                                    ^ Unexpected symbol

  Line 131:     implementation(libs.datastore)
                                             ^ Unexpected symbol

  Line 132:     implementation(libs.glance)
                ^ Unexpected symbol

  Line 132:     implementation(libs.glance)
                              ^ Unexpected symbol

  Line 132:     implementation(libs.glance)
                               ^ Unexpected symbol

  Line 132:     implementation(libs.glance)
                                   ^ Unexpected symbol

  Line 132:     implementation(libs.glance)
                                    ^ Unexpected symbol

  Line 132:     implementation(libs.glance)
                                          ^ Unexpected symbol

  Line 133:     implementation(libs.glance.material3)
                ^ Unexpected symbol

  Line 133:     implementation(libs.glance.material3)
                              ^ Unexpected symbol

  Line 133:     implementation(libs.glance.material3)
                               ^ Unexpected symbol

  Line 133:     implementation(libs.glance.material3)
                                   ^ Unexpected symbol

  Line 133:     implementation(libs.glance.material3)
                                    ^ Unexpected symbol

  Line 133:     implementation(libs.glance.material3)
                                          ^ Unexpected symbol

  Line 133:     implementation(libs.glance.material3)
                                           ^ Unexpected symbol

  Line 133:     implementation(libs.glance.material3)
                                                    ^ Unexpected symbol

  Line 136:     coreLibraryDesugaring(libs.desugar)
                ^ Unexpected symbol

  Line 136:     coreLibraryDesugaring(libs.desugar)
                                     ^ Unexpected symbol

  Line 136:     coreLibraryDesugaring(libs.desugar)
                                      ^ Unexpected symbol

  Line 136:     coreLibraryDesugaring(libs.desugar)
                                          ^ Unexpected symbol

  Line 136:     coreLibraryDesugaring(libs.desugar)
                                           ^ Unexpected symbol

  Line 136:     coreLibraryDesugaring(libs.desugar)
                                                  ^ Unexpected symbol

  Line 137: }
            ^ Unexpected symbol

317 errors

* Try:
> Run with --stacktrace option to get the stack trace.
> Run with --info or --debug option to get more log output.
> Run with --scan to get full insights from a Build Scan (powered by Develocity).
> Get more help at https://help.gradle.org.

BUILD FAILED in 1s
[ERROR] client    TOOLING API: Error fetching model: Could not fetch model of type 'EclipseProject' using connection to Gradle distribution 'https://services.gradle.org/distributions/gradle-9.7.1-bin.zip'.
[ERROR] client    TOOLING API: EXCEPTION during resolution for /home/dae/Work/VZ/Ljod/app: Could not fetch model of type 'EclipseProject' using connection to Gradle distribution 'https://services.gradle.org/distributions/gradle-9.7.1-bin.zip'.
[WARN] client    TOOLING API: Falling back to CLI for /home/dae/Work/VZ/Ljod/app
[ERROR] client    CLI: Gradle task FAILED: e: file:///home/dae/Work/VZ/Ljod/app/build.gradle.kts:69:1: Unexpected symbol
e: file:///home/dae/Work/VZ/Ljod/app/build.gradle.kts:71:1: Unexpected symbol
e: file:///home/dae/Work/VZ/Ljod/app/build.gradle.kts:71:14: Unexpected symbol
e: file:///home/dae/Work/VZ/Ljod/app/build.gradle.kts:73:5: Unexpected symbol
e: file:///home/dae/Work/VZ/Ljod/app/build.gradle.kts:73:9: Unexpected symbol
e: file:///home/dae/Work/VZ/Ljod/app/build.gradle.kts:73:20: Unexpected symbol
e: file:///home/dae/Work/VZ/Ljod/app/build.gradle.kts:73:22: Unexpected symbol
e: file:///home/dae/Work/VZ/Ljod/app/build.gradle.kts:73:30: Unexpected symbol
e: file:///home/dae/Work/VZ/Ljod/app/build.gradle.kts:73:31: Unexpected symbol
e: file:///home/dae/Work/VZ/Ljod/app/build.gradle.kts:73:35: Unexpected symbol
e: file:///home/dae/Work/VZ/Ljod/app/build.gradle.kts:73:36: Unexpected symbol
e: file:///home/dae/Work/VZ/Ljod/app/build.gradle.kts:73:43: Unexpected symbol
e: file:///home/dae/Work/VZ/Ljod/app/build.gradle.kts:73:44: Unexpected symbol
e: file:///home/dae/Work/VZ/Ljod/app/build.gradle.kts:73:47: Unexpected symbol
e: file:///home/dae/Work/VZ/Ljod/app/build.gradle.kts:74:5: Unexpected symbol
e: file:///home/dae/Work/VZ/Ljod/app/build.gradle.kts:74:19: Unexpected symbol
e: file:///home/dae/Work/VZ/Ljod/app/build.gradle.kts:74:20: Unexpected symbol
e: file:///home/dae/Work/VZ/Ljod/app/build.gradle.kts:74:30: Unexpected symbol
e: file:///home/dae/Work/VZ/Ljod/app/build.gradle.kts:75:5: Unexpected symbol
e: file:///home/dae/Work/VZ/Ljod/app/build.gradle.kts:75:19: Unexpected symbol
e: file:///home/dae/Work/VZ/Ljod/app/build.gradle.kts:75:20: Unexpected symbol
e: file:///home/dae/Work/VZ/Ljod/app/build.gradle.kts:75:24: Unexpected symbol
e: file:///home/dae/Work/VZ/Ljod/app/build.gradle.kts:75:25: Unexpected symbol
e: file:///home/dae/Work/VZ/Ljod/app/build.gradle.kts:75:32: Unexpected symbol
e: file:///home/dae/Work/VZ/Ljod/app/build.gradle.kts:75:33: Unexpected symbol
e: file:///home/dae/Work/VZ/Ljod/app/build.gradle.kts:75:35: Unexpected symbol
e: file:///home/dae/Work/VZ/Ljod/app/build.gradle.kts:76:5: Unexpected symbol
e: file:///home/dae/Work/VZ/Ljod/app/build.gradle.kts:76:19: Unexpected symbol
e: file:///home/dae/Work/VZ/Ljod/app/build.gradle.kts:76:20: Unexpected symbol
e: file:///home/dae/Work/VZ/Ljod/app/build.gradle.kts:76:24: Unexpected symbol
e: file:///home/dae/Work/VZ/Ljod/app/build.gradle.kts:76:25: Unexpected symbol
e: file:///home/dae/Work/VZ/Ljod/app/build.gradle.kts:76:32: Unexpected symbol
e: file:///home/dae/Work/VZ/Ljod/app/build.gradle.kts:76:33: Unexpected symbol
e: file:///home/dae/Work/VZ/Ljod/app/build.gradle.kts:76:35: Unexpected symbol
e: file:///home/dae/Work/VZ/Ljod/app/build.gradle.kts:76:36: Unexpected symbol
e: file:///home/dae/Work/VZ/Ljod/app/build.gradle.kts:76:44: Unexpected symbol
e: file:///home/dae/Work/VZ/Ljod/app/build.gradle.kts:77:5: Unexpected symbol
e: file:///home/dae/Work/VZ/Ljod/app/build.gradle.kts:77:19: Unexpected symbol
e: file:///home/dae/Work/VZ/Ljod/app/build.gradle.kts:77:20: Unexpected symbol
e: file:///home/dae/Work/VZ/Ljod/app/build.gradle.kts:77:24: Unexpected symbol
e: file:///home/dae/Work/VZ/Ljod/app/build.gradle.kts:77:25: Unexpected symbol
e: file:///home/dae/Work/VZ/Ljod/app/build.gradle.kts:77:32: Unexpected symbol
e: file:///home/dae/Work/VZ/Ljod/app/build.gradle.kts:77:33: Unexpected symbol
e: file:///home/dae/Work/VZ/Ljod/app/build.gradle.kts:77:42: Unexpected symbol
e: file:///home/dae/Work/VZ/Ljod/app/build.gradle.kts:78:5: Unexpected symbol
e: file:///home/dae/Work/VZ/Ljod/app/build.gradle.kts:78:19: Unexpected symbol
e: file:///home/dae/Work/VZ/Ljod/app/build.gradle.kts:78:20: Unexpected symbol
e: file:///home/dae/Work/VZ/Ljod/app/build.gradle.kts:78:24: Unexpected symbol
e: file:///home/dae/Work/VZ/Ljod/app/build.gradle.kts:78:25: Unexpected symbol
e: file:///home/dae/Work/VZ/Ljod/app/build.gradle.kts:78:32: Unexpected symbol
e: file:///home/dae/Work/VZ/Ljod/app/build.gradle.kts:78:33: Unexpected symbol
e: file:///home/dae/Work/VZ/Ljod/app/build.gradle.kts:78:41: Unexpected symbol
e: file:///home/dae/Work/VZ/Ljod/app/build.gradle.kts:78:42: Unexpected symbol
e: file:///home/dae/Work/VZ/Ljod/app/build.gradle.kts:78:47: Unexpected symbol
e: file:///home/dae/Work/VZ/Ljod/app/build.gradle.kts:79:5: Unexpected symbol
e: file:///home/dae/Work/VZ/Ljod/app/build.gradle.kts:79:19: Unexpected symbol
e: file:///home/dae/Work/VZ/Ljod/app/build.gradle.kts:79:20: Unexpected symbol
e: file:///home/dae/Work/VZ/Ljod/app/build.gradle.kts:79:24: Unexpected symbol
e: file:///home/dae/Work/VZ/Ljod/app/build.gradle.kts:79:25: Unexpected symbol
e: file:///home/dae/Work/VZ/Ljod/app/build.gradle.kts:79:32: Unexpected symbol
e: file:///home/dae/Work/VZ/Ljod/app/build.gradle.kts:79:33: Unexpected symbol
e: file:///home/dae/Work/VZ/Ljod/app/build.gradle.kts:79:42: Unexpected symbol
e: file:///home/dae/Work/VZ/Ljod/app/build.gradle.kts:80:5: Unexpected symbol
e: file:///home/dae/Work/VZ/Ljod/app/build.gradle.kts:80:19: Unexpected symbol
e: file:///home/dae/Work/VZ/Ljod/app/build.gradle.kts:80:20: Unexpected symbol
e: file:///home/dae/Work/VZ/Ljod/app/build.gradle.kts:80:24: Unexpected symbol
e: file:///home/dae/Work/VZ/Ljod/app/build.gradle.kts:80:25: Unexpected symbol
e: file:///home/dae/Work/VZ/Ljod/app/build.gradle.kts:80:32: Unexpected symbol
e: file:///home/dae/Work/VZ/Ljod/app/build.gradle.kts:80:33: Unexpected symbol
e: file:///home/dae/Work/VZ/Ljod/app/build.gradle.kts:80:43: Unexpected symbol
e: file:///home/dae/Work/VZ/Ljod/app/build.gradle.kts:81:5: Unexpected symbol
e: file:///home/dae/Work/VZ/Ljod/app/build.gradle.kts:81:24: Unexpected symbol
e: file:///home/dae/Work/VZ/Ljod/app/build.gradle.kts:81:25: Unexpected symbol
e: file:///home/dae/Work/VZ/Ljod/app/build.gradle.kts:81:29: Unexpected symbol
e: file:///home/dae/Work/VZ/Ljod/app/build.gradle.kts:81:30: Unexpected symbol
e: file:///home/dae/Work/VZ/Ljod/app/build.gradle.kts:81:37: Unexpected symbol
e: file:///home/dae/Work/VZ/Ljod/app/build.gradle.kts:81:38: Unexpected symbol
e: file:///home/dae/Work/VZ/Ljod/app/build.gradle.kts:81:40: Unexpected symbol
e: file:///home/dae/Work/VZ/Ljod/app/build.gradle.kts:81:41: Unexpected symbol
e: file:///home/dae/Work/VZ/Ljod/app/build.gradle.kts:81:48: Unexpected symbol
e: file:///home/dae/Work/VZ/Ljod/app/build.gradle.kts:84:5: Unexpected symbol
e: file:///home/dae/Work/VZ/Ljod/app/build.gradle.kts:84:19: Unexpected symbol
e: file:///home/dae/Work/VZ/Ljod/app/build.gradle.kts:84:20: Unexpected symbol
e: file:///home/dae/Work/VZ/Ljod/app/build.gradle.kts:84:24: Unexpected symbol
e: file:///home/dae/Work/VZ/Ljod/app/build.gradle.kts:84:25: Unexpected symbol
e: file:///home/dae/Work/VZ/Ljod/app/build.gradle.kts:84:29: Unexpected symbol
e: file:///home/dae/Work/VZ/Ljod/app/build.gradle.kts:84:30: Unexpected symbol
e: file:///home/dae/Work/VZ/Ljod/app/build.gradle.kts:84:33: Unexpected symbol
e: file:///home/dae/Work/VZ/Ljod/app/build.gradle.kts:85:5: Unexpected symbol
e: file:///home/dae/Work/VZ/Ljod/app/build.gradle.kts:85:19: Unexpected symbol
e: file:///home/dae/Work/VZ/Ljod/app/build.gradle.kts:85:20: Unexpected symbol
e: file:///home/dae/Work/VZ/Ljod/app/build.gradle.kts:85:24: Unexpected symbol
e: file:///home/dae/Work/VZ/Ljod/app/build.gradle.kts:85:25: Unexpected symbol
e: file:///home/dae/Work/VZ/Ljod/app/build.gradle.kts:85:33: Unexpected symbol
e: file:///home/dae/Work/VZ/Ljod/app/build.gradle.kts:85:34: Unexpected symbol
e: file:///home/dae/Work/VZ/Ljod/app/build.gradle.kts:85:41: Unexpected symbol
e: file:///home/dae/Work/VZ/Ljod/app/build.gradle.kts:86:5: Unexpected symbol
e: file:///home/dae/Work/VZ/Ljod/app/build.gradle.kts:86:19: Unexpected symbol
e: file:///home/dae/Work/VZ/Ljod/app/build.gradle.kts:86:20: Unexpected symbol
e: file:///home/dae/Work/VZ/Ljod/app/build.gradle.kts:86:24: Unexpected symbol
e: file:///home/dae/Work/VZ/Ljod/app/build.gradle.kts:86:25: Unexpected symbol
e: file:///home/dae/Work/VZ/Ljod/app/build.gradle.kts:86:34: Unexpected symbol
e: file:///home/dae/Work/VZ/Ljod/app/build.gradle.kts:86:35: Unexpected symbol
e: file:///home/dae/Work/VZ/Ljod/app/build.gradle.kts:86:42: Unexpected symbol
e: file:///home/dae/Work/VZ/Ljod/app/build.gradle.kts:87:5: Unexpected symbol
e: file:///home/dae/Work/VZ/Ljod/app/build.gradle.kts:87:19: Unexpected symbol
e: file:///home/dae/Work/VZ/Ljod/app/build.gradle.kts:87:20: Unexpected symbol
e: file:///home/dae/Work/VZ/Ljod/app/build.gradle.kts:87:24: Unexpected symbol
e: file:///home/dae/Work/VZ/Ljod/app/build.gradle.kts:87:25: Unexpected symbol
e: file:///home/dae/Work/VZ/Ljod/app/build.gradle.kts:87:34: Unexpected symbol
e: file:///home/dae/Work/VZ/Ljod/app/build.gradle.kts:87:35: Unexpected symbol
e: file:///home/dae/Work/VZ/Ljod/app/build.gradle.kts:87:44: Unexpected symbol
e: file:///home/dae/Work/VZ/Ljod/app/build.gradle.kts:90:5: Unexpected symbol
e: file:///home/dae/Work/VZ/Ljod/app/build.gradle.kts:90:19: Unexpected symbol
e: file:///home/dae/Work/VZ/Ljod/app/build.gradle.kts:90:20: Unexpected symbol
e: file:///home/dae/Work/VZ/Ljod/app/build.gradle.kts:90:24: Unexpected symbol
e: file:///home/dae/Work/VZ/Ljod/app/build.gradle.kts:90:25: Unexpected symbol
e: file:///home/dae/Work/VZ/Ljod/app/build.gradle.kts:90:31: Unexpected symbol
e: file:///home/dae/Work/VZ/Ljod/app/build.gradle.kts:90:32: Unexpected symbol
e: file:///home/dae/Work/VZ/Ljod/app/build.gradle.kts:90:41: Unexpected symbol
e: file:///home/dae/Work/VZ/Ljod/app/build.gradle.kts:91:5: Unexpected symbol
e: file:///home/dae/Work/VZ/Ljod/app/build.gradle.kts:91:19: Unexpected symbol
e: file:///home/dae/Work/VZ/Ljod/app/build.gradle.kts:91:20: Unexpected symbol
e: file:///home/dae/Work/VZ/Ljod/app/build.gradle.kts:91:24: Unexpected symbol
e: file:///home/dae/Work/VZ/Ljod/app/build.gradle.kts:91:25: Unexpected symbol
e: file:///home/dae/Work/VZ/Ljod/app/build.gradle.kts:91:31: Unexpected symbol
e: file:///home/dae/Work/VZ/Ljod/app/build.gradle.kts:91:32: Unexpected symbol
e: file:///home/dae/Work/VZ/Ljod/app/build.gradle.kts:91:39: Unexpected symbol
e: file:///home/dae/Work/VZ/Ljod/app/build.gradle.kts:92:5: Unexpected symbol
e: file:///home/dae/Work/VZ/Ljod/app/build.gradle.kts:92:19: Unexpected symbol
e: file:///home/dae/Work/VZ/Ljod/app/build.gradle.kts:92:20: Unexpected symbol
e: file:///home/dae/Work/VZ/Ljod/app/build.gradle.kts:92:24: Unexpected symbol
e: file:///home/dae/Work/VZ/Ljod/app/build.gradle.kts:92:25: Unexpected symbol
e: file:///home/dae/Work/VZ/Ljod/app/build.gradle.kts:92:31: Unexpected symbol
e: file:///home/dae/Work/VZ/Ljod/app/build.gradle.kts:92:32: Unexpected symbol
e: file:///home/dae/Work/VZ/Ljod/app/build.gradle.kts:92:38: Unexpected symbol
e: file:///home/dae/Work/VZ/Ljod/app/build.gradle.kts:95:5: Unexpected symbol
e: file:///home/dae/Work/VZ/Ljod/app/build.gradle.kts:95:19: Unexpected symbol
e: file:///home/dae/Work/VZ/Ljod/app/build.gradle.kts:95:20: Unexpected symbol
e: file:///home/dae/Work/VZ/Ljod/app/build.gradle.kts:95:24: Unexpected symbol
e: file:///home/dae/Work/VZ/Ljod/app/build.gradle.kts:95:25: Unexpected symbol
e: file:///home/dae/Work/VZ/Ljod/app/build.gradle.kts:95:29: Unexpected symbol
e: file:///home/dae/Work/VZ/Ljod/app/build.gradle.kts:95:30: Unexpected symbol
e: file:///home/dae/Work/VZ/Ljod/app/build.gradle.kts:95:37: Unexpected symbol
e: file:///home/dae/Work/VZ/Ljod/app/build.gradle.kts:96:5: Unexpected symbol
e: file:///home/dae/Work/VZ/Ljod/app/build.gradle.kts:96:8: Unexpected symbol
e: file:///home/dae/Work/VZ/Ljod/app/build.gradle.kts:96:9: Unexpected symbol
e: file:///home/dae/Work/VZ/Ljod/app/build.gradle.kts:96:13: Unexpected symbol
e: file:///home/dae/Work/VZ/Ljod/app/build.gradle.kts:96:14: Unexpected symbol
e: file:///home/dae/Work/VZ/Ljod/app/build.gradle.kts:96:18: Unexpected symbol
e: file:///home/dae/Work/VZ/Ljod/app/build.gradle.kts:96:19: Unexpected symbol
e: file:///home/dae/Work/VZ/Ljod/app/build.gradle.kts:96:27: Unexpected symbol
e: file:///home/dae/Work/VZ/Ljod/app/build.gradle.kts:97:5: Unexpected symbol
e: file:///home/dae/Work/VZ/Ljod/app/build.gradle.kts:97:19: Unexpected symbol
e: file:///home/dae/Work/VZ/Ljod/app/build.gradle.kts:97:20: Unexpected symbol
e: file:///home/dae/Work/VZ/Ljod/app/build.gradle.kts:97:24: Unexpected symbol
e: file:///home/dae/Work/VZ/Ljod/app/build.gradle.kts:97:25: Unexpected symbol
e: file:///home/dae/Work/VZ/Ljod/app/build.gradle.kts:97:29: Unexpected symbol
e: file:///home/dae/Work/VZ/Ljod/app/build.gradle.kts:97:30: Unexpected symbol
e: file:///home/dae/Work/VZ/Ljod/app/build.gradle.kts:97:40: Unexpected symbol
e: file:///home/dae/Work/VZ/Ljod/app/build.gradle.kts:100:5: Unexpected symbol
e: file:///home/dae/Work/VZ/Ljod/app/build.gradle.kts:100:19: Unexpected symbol
e: file:///home/dae/Work/VZ/Ljod/app/build.gradle.kts:100:20: Unexpected symbol
e: file:///home/dae/Work/VZ/Ljod/app/build.gradle.kts:100:24: Unexpected symbol
e: file:///home/dae/Work/VZ/Ljod/app/build.gradle.kts:100:25: Unexpected symbol
e: file:///home/dae/Work/VZ/Ljod/app/build.gradle.kts:100:29: Unexpected symbol
e: file:///home/dae/Work/VZ/Ljod/app/build.gradle.kts:100:30: Unexpected symbol
e: file:///home/dae/Work/VZ/Ljod/app/build.gradle.kts:100:37: Unexpected symbol
e: file:///home/dae/Work/VZ/Ljod/app/build.gradle.kts:101:5: Unexpected symbol
e: file:///home/dae/Work/VZ/Ljod/app/build.gradle.kts:101:19: Unexpected symbol
e: file:///home/dae/Work/VZ/Ljod/app/build.gradle.kts:101:20: Unexpected symbol
e: file:///home/dae/Work/VZ/Ljod/app/build.gradle.kts:101:24: Unexpected symbol
e: file:///home/dae/Work/VZ/Ljod/app/build.gradle.kts:101:25: Unexpected symbol
e: file:///home/dae/Work/VZ/Ljod/app/build.gradle.kts:101:29: Unexpected symbol
e: file:///home/dae/Work/VZ/Ljod/app/build.gradle.kts:101:30: Unexpected symbol
e: file:///home/dae/Work/VZ/Ljod/app/build.gradle.kts:101:33: Unexpected symbol
e: file:///home/dae/Work/VZ/Ljod/app/build.gradle.kts:102:5: Unexpected symbol
e: file:///home/dae/Work/VZ/Ljod/app/build.gradle.kts:102:8: Unexpected symbol
e: file:///home/dae/Work/VZ/Ljod/app/build.gradle.kts:102:9: Unexpected symbol
e: file:///home/dae/Work/VZ/Ljod/app/build.gradle.kts:102:13: Unexpected symbol
e: file:///home/dae/Work/VZ/Ljod/app/build.gradle.kts:102:14: Unexpected symbol
e: file:///home/dae/Work/VZ/Ljod/app/build.gradle.kts:102:18: Unexpected symbol
e: file:///home/dae/Work/VZ/Ljod/app/build.gradle.kts:102:19: Unexpected symbol
e: file:///home/dae/Work/VZ/Ljod/app/build.gradle.kts:102:27: Unexpected symbol
e: file:///home/dae/Work/VZ/Ljod/app/build.gradle.kts:103:5: Unexpected symbol
e: file:///home/dae/Work/VZ/Ljod/app/build.gradle.kts:103:19: Unexpected symbol
e: file:///home/dae/Work/VZ/Ljod/app/build.gradle.kts:103:20: Unexpected symbol
e: file:///home/dae/Work/VZ/Ljod/app/build.gradle.kts:103:24: Unexpected symbol
e: file:///home/dae/Work/VZ/Ljod/app/build.gradle.kts:103:25: Unexpected symbol
e: file:///home/dae/Work/VZ/Ljod/app/build.gradle.kts:103:34: Unexpected symbol
e: file:///home/dae/Work/VZ/Ljod/app/build.gradle.kts:103:35: Unexpected symbol
e: file:///home/dae/Work/VZ/Ljod/app/build.gradle.kts:103:46: Unexpected symbol
e: file:///home/dae/Work/VZ/Ljod/app/build.gradle.kts:106:5: Unexpected symbol
e: file:///home/dae/Work/VZ/Ljod/app/build.gradle.kts:106:19: Unexpected symbol
e: file:///home/dae/Work/VZ/Ljod/app/build.gradle.kts:106:20: Unexpected symbol
e: file:///home/dae/Work/VZ/Ljod/app/build.gradle.kts:106:24: Unexpected symbol
e: file:///home/dae/Work/VZ/Ljod/app/build.gradle.kts:106:25: Unexpected symbol
e: file:///home/dae/Work/VZ/Ljod/app/build.gradle.kts:106:31: Unexpected symbol
e: file:///home/dae/Work/VZ/Ljod/app/build.gradle.kts:109:5: Unexpected symbol
e: file:///home/dae/Work/VZ/Ljod/app/build.gradle.kts:109:19: Unexpected symbol
e: file:///home/dae/Work/VZ/Ljod/app/build.gradle.kts:109:20: Unexpected symbol
e: file:///home/dae/Work/VZ/Ljod/app/build.gradle.kts:109:24: Unexpected symbol
e: file:///home/dae/Work/VZ/Ljod/app/build.gradle.kts:109:25: Unexpected symbol
e: file:///home/dae/Work/VZ/Ljod/app/build.gradle.kts:109:32: Unexpected symbol
e: file:///home/dae/Work/VZ/Ljod/app/build.gradle.kts:109:33: Unexpected symbol
e: file:///home/dae/Work/VZ/Ljod/app/build.gradle.kts:109:46: Unexpected symbol
e: file:///home/dae/Work/VZ/Ljod/app/build.gradle.kts:109:47: Unexpected symbol
e: file:///home/dae/Work/VZ/Ljod/app/build.gradle.kts:109:51: Unexpected symbol
e: file:///home/dae/Work/VZ/Ljod/app/build.gradle.kts:110:5: Unexpected symbol
e: file:///home/dae/Work/VZ/Ljod/app/build.gradle.kts:110:19: Unexpected symbol
e: file:///home/dae/Work/VZ/Ljod/app/build.gradle.kts:110:20: Unexpected symbol
e: file:///home/dae/Work/VZ/Ljod/app/build.gradle.kts:110:24: Unexpected symbol
e: file:///home/dae/Work/VZ/Ljod/app/build.gradle.kts:110:25: Unexpected symbol
e: file:///home/dae/Work/VZ/Ljod/app/build.gradle.kts:110:32: Unexpected symbol
e: file:///home/dae/Work/VZ/Ljod/app/build.gradle.kts:110:33: Unexpected symbol
e: file:///home/dae/Work/VZ/Ljod/app/build.gradle.kts:110:43: Unexpected symbol
e: file:///home/dae/Work/VZ/Ljod/app/build.gradle.kts:113:5: Unexpected symbol
e: file:///home/dae/Work/VZ/Ljod/app/build.gradle.kts:113:19: Unexpected symbol
e: file:///home/dae/Work/VZ/Ljod/app/build.gradle.kts:113:20: Unexpected symbol
e: file:///home/dae/Work/VZ/Ljod/app/build.gradle.kts:113:24: Unexpected symbol
e: file:///home/dae/Work/VZ/Ljod/app/build.gradle.kts:113:25: Unexpected symbol
e: file:///home/dae/Work/VZ/Ljod/app/build.gradle.kts:113:29: Unexpected symbol
e: file:///home/dae/Work/VZ/Ljod/app/build.gradle.kts:113:30: Unexpected symbol
e: file:///home/dae/Work/VZ/Ljod/app/build.gradle.kts:113:37: Unexpected symbol
e: file:///home/dae/Work/VZ/Ljod/app/build.gradle.kts:114:5: Unexpected symbol
e: file:///home/dae/Work/VZ/Ljod/app/build.gradle.kts:114:19: Unexpected symbol
e: file:///home/dae/Work/VZ/Ljod/app/build.gradle.kts:114:20: Unexpected symbol
e: file:///home/dae/Work/VZ/Ljod/app/build.gradle.kts:114:24: Unexpected symbol
e: file:///home/dae/Work/VZ/Ljod/app/build.gradle.kts:114:25: Unexpected symbol
e: file:///home/dae/Work/VZ/Ljod/app/build.gradle.kts:114:29: Unexpected symbol
e: file:///home/dae/Work/VZ/Ljod/app/build.gradle.kts:114:30: Unexpected symbol
e: file:///home/dae/Work/VZ/Ljod/app/build.gradle.kts:114:37: Unexpected symbol
e: file:///home/dae/Work/VZ/Ljod/app/build.gradle.kts:114:38: Unexpected symbol
e: file:///home/dae/Work/VZ/Ljod/app/build.gradle.kts:114:44: Unexpected symbol
e: file:///home/dae/Work/VZ/Ljod/app/build.gradle.kts:117:5: Unexpected symbol
e: file:///home/dae/Work/VZ/Ljod/app/build.gradle.kts:117:19: Unexpected symbol
e: file:///home/dae/Work/VZ/Ljod/app/build.gradle.kts:117:20: Unexpected symbol
e: file:///home/dae/Work/VZ/Ljod/app/build.gradle.kts:117:24: Unexpected symbol
e: file:///home/dae/Work/VZ/Ljod/app/build.gradle.kts:117:25: Unexpected symbol
e: file:///home/dae/Work/VZ/Ljod/app/build.gradle.kts:117:31: Unexpected symbol
e: file:///home/dae/Work/VZ/Ljod/app/build.gradle.kts:118:5: Unexpected symbol
e: file:///home/dae/Work/VZ/Ljod/app/build.gradle.kts:118:19: Unexpected symbol
e: file:///home/dae/Work/VZ/Ljod/app/build.gradle.kts:118:20: Unexpected symbol
e: file:///home/dae/Work/VZ/Ljod/app/build.gradle.kts:118:24: Unexpected symbol
e: file:///home/dae/Work/VZ/Ljod/app/build.gradle.kts:118:25: Unexpected symbol
e: file:///home/dae/Work/VZ/Ljod/app/build.gradle.kts:118:33: Unexpected symbol
e: file:///home/dae/Work/VZ/Ljod/app/build.gradle.kts:119:5: Unexpected symbol
e: file:///home/dae/Work/VZ/Ljod/app/build.gradle.kts:119:19: Unexpected symbol
e: file:///home/dae/Work/VZ/Ljod/app/build.gradle.kts:119:20: Unexpected symbol
e: file:///home/dae/Work/VZ/Ljod/app/build.gradle.kts:119:24: Unexpected symbol
e: file:///home/dae/Work/VZ/Ljod/app/build.gradle.kts:119:25: Unexpected symbol
e: file:///home/dae/Work/VZ/Ljod/app/build.gradle.kts:119:33: Unexpected symbol
e: file:///home/dae/Work/VZ/Ljod/app/build.gradle.kts:119:34: Unexpected symbol
e: file:///home/dae/Work/VZ/Ljod/app/build.gradle.kts:119:41: Unexpected symbol
e: file:///home/dae/Work/VZ/Ljod/app/build.gradle.kts:122:5: Unexpected symbol
e: file:///home/dae/Work/VZ/Ljod/app/build.gradle.kts:122:19: Unexpected symbol
e: file:///home/dae/Work/VZ/Ljod/app/build.gradle.kts:122:20: Unexpected symbol
e: file:///home/dae/Work/VZ/Ljod/app/build.gradle.kts:122:24: Unexpected symbol
e: file:///home/dae/Work/VZ/Ljod/app/build.gradle.kts:122:25: Unexpected symbol
e: file:///home/dae/Work/VZ/Ljod/app/build.gradle.kts:122:34: Unexpected symbol
e: file:///home/dae/Work/VZ/Ljod/app/build.gradle.kts:123:5: Unexpected symbol
e: file:///home/dae/Work/VZ/Ljod/app/build.gradle.kts:123:19: Unexpected symbol
e: file:///home/dae/Work/VZ/Ljod/app/build.gradle.kts:123:20: Unexpected symbol
e: file:///home/dae/Work/VZ/Ljod/app/build.gradle.kts:123:24: Unexpected symbol
e: file:///home/dae/Work/VZ/Ljod/app/build.gradle.kts:123:25: Unexpected symbol
e: file:///home/dae/Work/VZ/Ljod/app/build.gradle.kts:123:33: Unexpected symbol
e: file:///home/dae/Work/VZ/Ljod/app/build.gradle.kts:123:34: Unexpected symbol
e: file:///home/dae/Work/VZ/Ljod/app/build.gradle.kts:123:40: Unexpected symbol
e: file:///home/dae/Work/VZ/Ljod/app/build.gradle.kts:126:5: Unexpected symbol
e: file:///home/dae/Work/VZ/Ljod/app/build.gradle.kts:126:19: Unexpected symbol
e: file:///home/dae/Work/VZ/Ljod/app/build.gradle.kts:126:20: Unexpected symbol
e: file:///home/dae/Work/VZ/Ljod/app/build.gradle.kts:126:24: Unexpected symbol
e: file:///home/dae/Work/VZ/Ljod/app/build.gradle.kts:126:25: Unexpected symbol
e: file:///home/dae/Work/VZ/Ljod/app/build.gradle.kts:126:36: Unexpected symbol
e: file:///home/dae/Work/VZ/Ljod/app/build.gradle.kts:127:5: Unexpected symbol
e: file:///home/dae/Work/VZ/Ljod/app/build.gradle.kts:127:19: Unexpected symbol
e: file:///home/dae/Work/VZ/Ljod/app/build.gradle.kts:127:20: Unexpected symbol
e: file:///home/dae/Work/VZ/Ljod/app/build.gradle.kts:127:24: Unexpected symbol
e: file:///home/dae/Work/VZ/Ljod/app/build.gradle.kts:127:25: Unexpected symbol
e: file:///home/dae/Work/VZ/Ljod/app/build.gradle.kts:127:33: Unexpected symbol
e: file:///home/dae/Work/VZ/Ljod/app/build.gradle.kts:127:34: Unexpected symbol
e: file:///home/dae/Work/VZ/Ljod/app/build.gradle.kts:127:41: Unexpected symbol
e: file:///home/dae/Work/VZ/Ljod/app/build.gradle.kts:130:5: Unexpected symbol
e: file:///home/dae/Work/VZ/Ljod/app/build.gradle.kts:130:19: Unexpected symbol
e: file:///home/dae/Work/VZ/Ljod/app/build.gradle.kts:130:20: Unexpected symbol
e: file:///home/dae/Work/VZ/Ljod/app/build.gradle.kts:130:24: Unexpected symbol
e: file:///home/dae/Work/VZ/Ljod/app/build.gradle.kts:130:25: Unexpected symbol
e: file:///home/dae/Work/VZ/Ljod/app/build.gradle.kts:130:34: Unexpected symbol
e: file:///home/dae/Work/VZ/Ljod/app/build.gradle.kts:130:35: Unexpected symbol
e: file:///home/dae/Work/VZ/Ljod/app/build.gradle.kts:130:46: Unexpected symbol
e: file:///home/dae/Work/VZ/Ljod/app/build.gradle.kts:131:5: Unexpected symbol
e: file:///home/dae/Work/VZ/Ljod/app/build.gradle.kts:131:19: Unexpected symbol
e: file:///home/dae/Work/VZ/Ljod/app/build.gradle.kts:131:20: Unexpected symbol
e: file:///home/dae/Work/VZ/Ljod/app/build.gradle.kts:131:24: Unexpected symbol
e: file:///home/dae/Work/VZ/Ljod/app/build.gradle.kts:131:25: Unexpected symbol
e: file:///home/dae/Work/VZ/Ljod/app/build.gradle.kts:131:34: Unexpected symbol
e: file:///home/dae/Work/VZ/Ljod/app/build.gradle.kts:132:5: Unexpected symbol
e: file:///home/dae/Work/VZ/Ljod/app/build.gradle.kts:132:19: Unexpected symbol
e: file:///home/dae/Work/VZ/Ljod/app/build.gradle.kts:132:20: Unexpected symbol
e: file:///home/dae/Work/VZ/Ljod/app/build.gradle.kts:132:24: Unexpected symbol
e: file:///home/dae/Work/VZ/Ljod/app/build.gradle.kts:132:25: Unexpected symbol
e: file:///home/dae/Work/VZ/Ljod/app/build.gradle.kts:132:31: Unexpected symbol
e: file:///home/dae/Work/VZ/Ljod/app/build.gradle.kts:133:5: Unexpected symbol
e: file:///home/dae/Work/VZ/Ljod/app/build.gradle.kts:133:19: Unexpected symbol
e: file:///home/dae/Work/VZ/Ljod/app/build.gradle.kts:133:20: Unexpected symbol
e: file:///home/dae/Work/VZ/Ljod/app/build.gradle.kts:133:24: Unexpected symbol
e: file:///home/dae/Work/VZ/Ljod/app/build.gradle.kts:133:25: Unexpected symbol
e: file:///home/dae/Work/VZ/Ljod/app/build.gradle.kts:133:31: Unexpected symbol
e: file:///home/dae/Work/VZ/Ljod/app/build.gradle.kts:133:32: Unexpected symbol
e: file:///home/dae/Work/VZ/Ljod/app/build.gradle.kts:133:41: Unexpected symbol
e: file:///home/dae/Work/VZ/Ljod/app/build.gradle.kts:136:5: Unexpected symbol
e: file:///home/dae/Work/VZ/Ljod/app/build.gradle.kts:136:26: Unexpected symbol
e: file:///home/dae/Work/VZ/Ljod/app/build.gradle.kts:136:27: Unexpected symbol
e: file:///home/dae/Work/VZ/Ljod/app/build.gradle.kts:136:31: Unexpected symbol
e: file:///home/dae/Work/VZ/Ljod/app/build.gradle.kts:136:32: Unexpected symbol
e: file:///home/dae/Work/VZ/Ljod/app/build.gradle.kts:136:39: Unexpected symbol
e: file:///home/dae/Work/VZ/Ljod/app/build.gradle.kts:137:1: Unexpected symbol

FAILURE: Build failed with an exception.

* Where:
Build file '/home/dae/Work/VZ/Ljod/app/build.gradle.kts' line: 69

* What went wrong:
Script compilation errors:

  Line 069: }
            ^ Unexpected symbol

  Line 071: dependencies {
            ^ Unexpected symbol

  Line 071: dependencies {
                         ^ Unexpected symbol

  Line 073:     val composeBom = platform(libs.compose.bom)
                ^ Unexpected symbol

  Line 073:     val composeBom = platform(libs.compose.bom)
                    ^ Unexpected symbol

  Line 073:     val composeBom = platform(libs.compose.bom)
                               ^ Unexpected symbol

  Line 073:     val composeBom = platform(libs.compose.bom)
                                 ^ Unexpected symbol

  Line 073:     val composeBom = platform(libs.compose.bom)
                                         ^ Unexpected symbol

  Line 073:     val composeBom = platform(libs.compose.bom)
                                          ^ Unexpected symbol

  Line 073:     val composeBom = platform(libs.compose.bom)
                                              ^ Unexpected symbol

  Line 073:     val composeBom = platform(libs.compose.bom)
                                               ^ Unexpected symbol

  Line 073:     val composeBom = platform(libs.compose.bom)
                                                      ^ Unexpected symbol

  Line 073:     val composeBom = platform(libs.compose.bom)
                                                       ^ Unexpected symbol

  Line 073:     val composeBom = platform(libs.compose.bom)
                                                          ^ Unexpected symbol

  Line 074:     implementation(composeBom)
                ^ Unexpected symbol

  Line 074:     implementation(composeBom)
                              ^ Unexpected symbol

  Line 074:     implementation(composeBom)
                               ^ Unexpected symbol

  Line 074:     implementation(composeBom)
                                         ^ Unexpected symbol

  Line 075:     implementation(libs.compose.ui)
                ^ Unexpected symbol

  Line 075:     implementation(libs.compose.ui)
                              ^ Unexpected symbol

  Line 075:     implementation(libs.compose.ui)
                               ^ Unexpected symbol

  Line 075:     implementation(libs.compose.ui)
                                   ^ Unexpected symbol

  Line 075:     implementation(libs.compose.ui)
                                    ^ Unexpected symbol

  Line 075:     implementation(libs.compose.ui)
                                           ^ Unexpected symbol

  Line 075:     implementation(libs.compose.ui)
                                            ^ Unexpected symbol

  Line 075:     implementation(libs.compose.ui)
                                              ^ Unexpected symbol

  Line 076:     implementation(libs.compose.ui.graphics)
                ^ Unexpected symbol

  Line 076:     implementation(libs.compose.ui.graphics)
                              ^ Unexpected symbol

  Line 076:     implementation(libs.compose.ui.graphics)
                               ^ Unexpected symbol

  Line 076:     implementation(libs.compose.ui.graphics)
                                   ^ Unexpected symbol

  Line 076:     implementation(libs.compose.ui.graphics)
                                    ^ Unexpected symbol

  Line 076:     implementation(libs.compose.ui.graphics)
                                           ^ Unexpected symbol

  Line 076:     implementation(libs.compose.ui.graphics)
                                            ^ Unexpected symbol

  Line 076:     implementation(libs.compose.ui.graphics)
                                              ^ Unexpected symbol

  Line 076:     implementation(libs.compose.ui.graphics)
                                               ^ Unexpected symbol

  Line 076:     implementation(libs.compose.ui.graphics)
                                                       ^ Unexpected symbol

  Line 077:     implementation(libs.compose.material3)
                ^ Unexpected symbol

  Line 077:     implementation(libs.compose.material3)
                              ^ Unexpected symbol

  Line 077:     implementation(libs.compose.material3)
                               ^ Unexpected symbol

  Line 077:     implementation(libs.compose.material3)
                                   ^ Unexpected symbol

  Line 077:     implementation(libs.compose.material3)
                                    ^ Unexpected symbol

  Line 077:     implementation(libs.compose.material3)
                                           ^ Unexpected symbol

  Line 077:     implementation(libs.compose.material3)
                                            ^ Unexpected symbol

  Line 077:     implementation(libs.compose.material3)
                                                     ^ Unexpected symbol

  Line 078:     implementation(libs.compose.material.icons)
                ^ Unexpected symbol

  Line 078:     implementation(libs.compose.material.icons)
                              ^ Unexpected symbol

  Line 078:     implementation(libs.compose.material.icons)
                               ^ Unexpected symbol

  Line 078:     implementation(libs.compose.material.icons)
                                   ^ Unexpected symbol

  Line 078:     implementation(libs.compose.material.icons)
                                    ^ Unexpected symbol

  Line 078:     implementation(libs.compose.material.icons)
                                           ^ Unexpected symbol

  Line 078:     implementation(libs.compose.material.icons)
                                            ^ Unexpected symbol

  Line 078:     implementation(libs.compose.material.icons)
                                                    ^ Unexpected symbol

  Line 078:     implementation(libs.compose.material.icons)
                                                     ^ Unexpected symbol

  Line 078:     implementation(libs.compose.material.icons)
                                                          ^ Unexpected symbol

  Line 079:     implementation(libs.compose.animation)
                ^ Unexpected symbol

  Line 079:     implementation(libs.compose.animation)
                              ^ Unexpected symbol

  Line 079:     implementation(libs.compose.animation)
                               ^ Unexpected symbol

  Line 079:     implementation(libs.compose.animation)
                                   ^ Unexpected symbol

  Line 079:     implementation(libs.compose.animation)
                                    ^ Unexpected symbol

  Line 079:     implementation(libs.compose.animation)
                                           ^ Unexpected symbol

  Line 079:     implementation(libs.compose.animation)
                                            ^ Unexpected symbol

  Line 079:     implementation(libs.compose.animation)
                                                     ^ Unexpected symbol

  Line 080:     implementation(libs.compose.foundation)
                ^ Unexpected symbol

  Line 080:     implementation(libs.compose.foundation)
                              ^ Unexpected symbol

  Line 080:     implementation(libs.compose.foundation)
                               ^ Unexpected symbol

  Line 080:     implementation(libs.compose.foundation)
                                   ^ Unexpected symbol

  Line 080:     implementation(libs.compose.foundation)
                                    ^ Unexpected symbol

  Line 080:     implementation(libs.compose.foundation)
                                           ^ Unexpected symbol

  Line 080:     implementation(libs.compose.foundation)
                                            ^ Unexpected symbol

  Line 080:     implementation(libs.compose.foundation)
                                                      ^ Unexpected symbol

  Line 081:     debugImplementation(libs.compose.ui.tooling)
                ^ Unexpected symbol

  Line 081:     debugImplementation(libs.compose.ui.tooling)
                                   ^ Unexpected symbol

  Line 081:     debugImplementation(libs.compose.ui.tooling)
                                    ^ Unexpected symbol

  Line 081:     debugImplementation(libs.compose.ui.tooling)
                                        ^ Unexpected symbol

  Line 081:     debugImplementation(libs.compose.ui.tooling)
                                         ^ Unexpected symbol

  Line 081:     debugImplementation(libs.compose.ui.tooling)
                                                ^ Unexpected symbol

  Line 081:     debugImplementation(libs.compose.ui.tooling)
                                                 ^ Unexpected symbol

  Line 081:     debugImplementation(libs.compose.ui.tooling)
                                                   ^ Unexpected symbol

  Line 081:     debugImplementation(libs.compose.ui.tooling)
                                                    ^ Unexpected symbol

  Line 081:     debugImplementation(libs.compose.ui.tooling)
                                                           ^ Unexpected symbol

  Line 084:     implementation(libs.core.ktx)
                ^ Unexpected symbol

  Line 084:     implementation(libs.core.ktx)
                              ^ Unexpected symbol

  Line 084:     implementation(libs.core.ktx)
                               ^ Unexpected symbol

  Line 084:     implementation(libs.core.ktx)
                                   ^ Unexpected symbol

  Line 084:     implementation(libs.core.ktx)
                                    ^ Unexpected symbol

  Line 084:     implementation(libs.core.ktx)
                                        ^ Unexpected symbol

  Line 084:     implementation(libs.core.ktx)
                                         ^ Unexpected symbol

  Line 084:     implementation(libs.core.ktx)
                                            ^ Unexpected symbol

  Line 085:     implementation(libs.activity.compose)
                ^ Unexpected symbol

  Line 085:     implementation(libs.activity.compose)
                              ^ Unexpected symbol

  Line 085:     implementation(libs.activity.compose)
                               ^ Unexpected symbol

  Line 085:     implementation(libs.activity.compose)
                                   ^ Unexpected symbol

  Line 085:     implementation(libs.activity.compose)
                                    ^ Unexpected symbol

  Line 085:     implementation(libs.activity.compose)
                                            ^ Unexpected symbol

  Line 085:     implementation(libs.activity.compose)
                                             ^ Unexpected symbol

  Line 085:     implementation(libs.activity.compose)
                                                    ^ Unexpected symbol

  Line 086:     implementation(libs.lifecycle.runtime)
                ^ Unexpected symbol

  Line 086:     implementation(libs.lifecycle.runtime)
                              ^ Unexpected symbol

  Line 086:     implementation(libs.lifecycle.runtime)
                               ^ Unexpected symbol

  Line 086:     implementation(libs.lifecycle.runtime)
                                   ^ Unexpected symbol

  Line 086:     implementation(libs.lifecycle.runtime)
                                    ^ Unexpected symbol

  Line 086:     implementation(libs.lifecycle.runtime)
                                             ^ Unexpected symbol

  Line 086:     implementation(libs.lifecycle.runtime)
                                              ^ Unexpected symbol

  Line 086:     implementation(libs.lifecycle.runtime)
                                                     ^ Unexpected symbol

  Line 087:     implementation(libs.lifecycle.viewmodel)
                ^ Unexpected symbol

  Line 087:     implementation(libs.lifecycle.viewmodel)
                              ^ Unexpected symbol

  Line 087:     implementation(libs.lifecycle.viewmodel)
                               ^ Unexpected symbol

  Line 087:     implementation(libs.lifecycle.viewmodel)
                                   ^ Unexpected symbol

  Line 087:     implementation(libs.lifecycle.viewmodel)
                                    ^ Unexpected symbol

  Line 087:     implementation(libs.lifecycle.viewmodel)
                                             ^ Unexpected symbol

  Line 087:     implementation(libs.lifecycle.viewmodel)
                                              ^ Unexpected symbol

  Line 087:     implementation(libs.lifecycle.viewmodel)
                                                       ^ Unexpected symbol

  Line 090:     implementation(libs.media3.exoplayer)
                ^ Unexpected symbol

  Line 090:     implementation(libs.media3.exoplayer)
                              ^ Unexpected symbol

  Line 090:     implementation(libs.media3.exoplayer)
                               ^ Unexpected symbol

  Line 090:     implementation(libs.media3.exoplayer)
                                   ^ Unexpected symbol

  Line 090:     implementation(libs.media3.exoplayer)
                                    ^ Unexpected symbol

  Line 090:     implementation(libs.media3.exoplayer)
                                          ^ Unexpected symbol

  Line 090:     implementation(libs.media3.exoplayer)
                                           ^ Unexpected symbol

  Line 090:     implementation(libs.media3.exoplayer)
                                                    ^ Unexpected symbol

  Line 091:     implementation(libs.media3.session)
                ^ Unexpected symbol

  Line 091:     implementation(libs.media3.session)
                              ^ Unexpected symbol

  Line 091:     implementation(libs.media3.session)
                               ^ Unexpected symbol

  Line 091:     implementation(libs.media3.session)
                                   ^ Unexpected symbol

  Line 091:     implementation(libs.media3.session)
                                    ^ Unexpected symbol

  Line 091:     implementation(libs.media3.session)
                                          ^ Unexpected symbol

  Line 091:     implementation(libs.media3.session)
                                           ^ Unexpected symbol

  Line 091:     implementation(libs.media3.session)
                                                  ^ Unexpected symbol

  Line 092:     implementation(libs.media3.common)
                ^ Unexpected symbol

  Line 092:     implementation(libs.media3.common)
                              ^ Unexpected symbol

  Line 092:     implementation(libs.media3.common)
                               ^ Unexpected symbol

  Line 092:     implementation(libs.media3.common)
                                   ^ Unexpected symbol

  Line 092:     implementation(libs.media3.common)
                                    ^ Unexpected symbol

  Line 092:     implementation(libs.media3.common)
                                          ^ Unexpected symbol

  Line 092:     implementation(libs.media3.common)
                                           ^ Unexpected symbol

  Line 092:     implementation(libs.media3.common)
                                                 ^ Unexpected symbol

  Line 095:     implementation(libs.hilt.android)
                ^ Unexpected symbol

  Line 095:     implementation(libs.hilt.android)
                              ^ Unexpected symbol

  Line 095:     implementation(libs.hilt.android)
                               ^ Unexpected symbol

  Line 095:     implementation(libs.hilt.android)
                                   ^ Unexpected symbol

  Line 095:     implementation(libs.hilt.android)
                                    ^ Unexpected symbol

  Line 095:     implementation(libs.hilt.android)
                                        ^ Unexpected symbol

  Line 095:     implementation(libs.hilt.android)
                                         ^ Unexpected symbol

  Line 095:     implementation(libs.hilt.android)
                                                ^ Unexpected symbol

  Line 096:     ksp(libs.hilt.compiler)
                ^ Unexpected symbol

  Line 096:     ksp(libs.hilt.compiler)
                   ^ Unexpected symbol

  Line 096:     ksp(libs.hilt.compiler)
                    ^ Unexpected symbol

  Line 096:     ksp(libs.hilt.compiler)
                        ^ Unexpected symbol

  Line 096:     ksp(libs.hilt.compiler)
                         ^ Unexpected symbol

  Line 096:     ksp(libs.hilt.compiler)
                             ^ Unexpected symbol

  Line 096:     ksp(libs.hilt.compiler)
                              ^ Unexpected symbol

  Line 096:     ksp(libs.hilt.compiler)
                                      ^ Unexpected symbol

  Line 097:     implementation(libs.hilt.navigation)
                ^ Unexpected symbol

  Line 097:     implementation(libs.hilt.navigation)
                              ^ Unexpected symbol

  Line 097:     implementation(libs.hilt.navigation)
                               ^ Unexpected symbol

  Line 097:     implementation(libs.hilt.navigation)
                                   ^ Unexpected symbol

  Line 097:     implementation(libs.hilt.navigation)
                                    ^ Unexpected symbol

  Line 097:     implementation(libs.hilt.navigation)
                                        ^ Unexpected symbol

  Line 097:     implementation(libs.hilt.navigation)
                                         ^ Unexpected symbol

  Line 097:     implementation(libs.hilt.navigation)
                                                   ^ Unexpected symbol

  Line 100:     implementation(libs.room.runtime)
                ^ Unexpected symbol

  Line 100:     implementation(libs.room.runtime)
                              ^ Unexpected symbol

  Line 100:     implementation(libs.room.runtime)
                               ^ Unexpected symbol

  Line 100:     implementation(libs.room.runtime)
                                   ^ Unexpected symbol

  Line 100:     implementation(libs.room.runtime)
                                    ^ Unexpected symbol

  Line 100:     implementation(libs.room.runtime)
                                        ^ Unexpected symbol

  Line 100:     implementation(libs.room.runtime)
                                         ^ Unexpected symbol

  Line 100:     implementation(libs.room.runtime)
                                                ^ Unexpected symbol

  Line 101:     implementation(libs.room.ktx)
                ^ Unexpected symbol

  Line 101:     implementation(libs.room.ktx)
                              ^ Unexpected symbol

  Line 101:     implementation(libs.room.ktx)
                               ^ Unexpected symbol

  Line 101:     implementation(libs.room.ktx)
                                   ^ Unexpected symbol

  Line 101:     implementation(libs.room.ktx)
                                    ^ Unexpected symbol

  Line 101:     implementation(libs.room.ktx)
                                        ^ Unexpected symbol

  Line 101:     implementation(libs.room.ktx)
                                         ^ Unexpected symbol

  Line 101:     implementation(libs.room.ktx)
                                            ^ Unexpected symbol

  Line 102:     ksp(libs.room.compiler)
                ^ Unexpected symbol

  Line 102:     ksp(libs.room.compiler)
                   ^ Unexpected symbol

  Line 102:     ksp(libs.room.compiler)
                    ^ Unexpected symbol

  Line 102:     ksp(libs.room.compiler)
                        ^ Unexpected symbol

  Line 102:     ksp(libs.room.compiler)
                         ^ Unexpected symbol

  Line 102:     ksp(libs.room.compiler)
                             ^ Unexpected symbol

  Line 102:     ksp(libs.room.compiler)
                              ^ Unexpected symbol

  Line 102:     ksp(libs.room.compiler)
                                      ^ Unexpected symbol

  Line 103:     implementation(libs.datastore.preferences)
                ^ Unexpected symbol

  Line 103:     implementation(libs.datastore.preferences)
                              ^ Unexpected symbol

  Line 103:     implementation(libs.datastore.preferences)
                               ^ Unexpected symbol

  Line 103:     implementation(libs.datastore.preferences)
                                   ^ Unexpected symbol

  Line 103:     implementation(libs.datastore.preferences)
                                    ^ Unexpected symbol

  Line 103:     implementation(libs.datastore.preferences)
                                             ^ Unexpected symbol

  Line 103:     implementation(libs.datastore.preferences)
                                              ^ Unexpected symbol

  Line 103:     implementation(libs.datastore.preferences)
                                                         ^ Unexpected symbol

  Line 106:     implementation(libs.timber)
                ^ Unexpected symbol

  Line 106:     implementation(libs.timber)
                              ^ Unexpected symbol

  Line 106:     implementation(libs.timber)
                               ^ Unexpected symbol

  Line 106:     implementation(libs.timber)
                                   ^ Unexpected symbol

  Line 106:     implementation(libs.timber)
                                    ^ Unexpected symbol

  Line 106:     implementation(libs.timber)
                                          ^ Unexpected symbol

  Line 109:     implementation(libs.kotlinx.serialization.json)
                ^ Unexpected symbol

  Line 109:     implementation(libs.kotlinx.serialization.json)
                              ^ Unexpected symbol

  Line 109:     implementation(libs.kotlinx.serialization.json)
                               ^ Unexpected symbol

  Line 109:     implementation(libs.kotlinx.serialization.json)
                                   ^ Unexpected symbol

  Line 109:     implementation(libs.kotlinx.serialization.json)
                                    ^ Unexpected symbol

  Line 109:     implementation(libs.kotlinx.serialization.json)
                                           ^ Unexpected symbol

  Line 109:     implementation(libs.kotlinx.serialization.json)
                                            ^ Unexpected symbol

  Line 109:     implementation(libs.kotlinx.serialization.json)
                                                         ^ Unexpected symbol

  Line 109:     implementation(libs.kotlinx.serialization.json)
                                                          ^ Unexpected symbol

  Line 109:     implementation(libs.kotlinx.serialization.json)
                                                              ^ Unexpected symbol

  Line 110:     implementation(libs.kotlinx.coroutines)
                ^ Unexpected symbol

  Line 110:     implementation(libs.kotlinx.coroutines)
                              ^ Unexpected symbol

  Line 110:     implementation(libs.kotlinx.coroutines)
                               ^ Unexpected symbol

  Line 110:     implementation(libs.kotlinx.coroutines)
                                   ^ Unexpected symbol

  Line 110:     implementation(libs.kotlinx.coroutines)
                                    ^ Unexpected symbol

  Line 110:     implementation(libs.kotlinx.coroutines)
                                           ^ Unexpected symbol

  Line 110:     implementation(libs.kotlinx.coroutines)
                                            ^ Unexpected symbol

  Line 110:     implementation(libs.kotlinx.coroutines)
                                                      ^ Unexpected symbol

  Line 113:     implementation(libs.coil.compose)
                ^ Unexpected symbol

  Line 113:     implementation(libs.coil.compose)
                              ^ Unexpected symbol

  Line 113:     implementation(libs.coil.compose)
                               ^ Unexpected symbol

  Line 113:     implementation(libs.coil.compose)
                                   ^ Unexpected symbol

  Line 113:     implementation(libs.coil.compose)
                                    ^ Unexpected symbol

  Line 113:     implementation(libs.coil.compose)
                                        ^ Unexpected symbol

  Line 113:     implementation(libs.coil.compose)
                                         ^ Unexpected symbol

  Line 113:     implementation(libs.coil.compose)
                                                ^ Unexpected symbol

  Line 114:     implementation(libs.coil.network.okhttp)
                ^ Unexpected symbol

  Line 114:     implementation(libs.coil.network.okhttp)
                              ^ Unexpected symbol

  Line 114:     implementation(libs.coil.network.okhttp)
                               ^ Unexpected symbol

  Line 114:     implementation(libs.coil.network.okhttp)
                                   ^ Unexpected symbol

  Line 114:     implementation(libs.coil.network.okhttp)
                                    ^ Unexpected symbol

  Line 114:     implementation(libs.coil.network.okhttp)
                                        ^ Unexpected symbol

  Line 114:     implementation(libs.coil.network.okhttp)
                                         ^ Unexpected symbol

  Line 114:     implementation(libs.coil.network.okhttp)
                                                ^ Unexpected symbol

  Line 114:     implementation(libs.coil.network.okhttp)
                                                 ^ Unexpected symbol

  Line 114:     implementation(libs.coil.network.okhttp)
                                                       ^ Unexpected symbol

  Line 117:     implementation(libs.okhttp)
                ^ Unexpected symbol

  Line 117:     implementation(libs.okhttp)
                              ^ Unexpected symbol

  Line 117:     implementation(libs.okhttp)
                               ^ Unexpected symbol

  Line 117:     implementation(libs.okhttp)
                                   ^ Unexpected symbol

  Line 117:     implementation(libs.okhttp)
                                    ^ Unexpected symbol

  Line 117:     implementation(libs.okhttp)
                                          ^ Unexpected symbol

  Line 118:     implementation(libs.retrofit)
                ^ Unexpected symbol

  Line 118:     implementation(libs.retrofit)
                              ^ Unexpected symbol

  Line 118:     implementation(libs.retrofit)
                               ^ Unexpected symbol

  Line 118:     implementation(libs.retrofit)
                                   ^ Unexpected symbol

  Line 118:     implementation(libs.retrofit)
                                    ^ Unexpected symbol

  Line 118:     implementation(libs.retrofit)
                                            ^ Unexpected symbol

  Line 119:     implementation(libs.retrofit.kotlinx)
                ^ Unexpected symbol

  Line 119:     implementation(libs.retrofit.kotlinx)
                              ^ Unexpected symbol

  Line 119:     implementation(libs.retrofit.kotlinx)
                               ^ Unexpected symbol

  Line 119:     implementation(libs.retrofit.kotlinx)
                                   ^ Unexpected symbol

  Line 119:     implementation(libs.retrofit.kotlinx)
                                    ^ Unexpected symbol

  Line 119:     implementation(libs.retrofit.kotlinx)
                                            ^ Unexpected symbol

  Line 119:     implementation(libs.retrofit.kotlinx)
                                             ^ Unexpected symbol

  Line 119:     implementation(libs.retrofit.kotlinx)
                                                    ^ Unexpected symbol

  Line 122:     implementation(libs.biometric)
                ^ Unexpected symbol

  Line 122:     implementation(libs.biometric)
                              ^ Unexpected symbol

  Line 122:     implementation(libs.biometric)
                               ^ Unexpected symbol

  Line 122:     implementation(libs.biometric)
                                   ^ Unexpected symbol

  Line 122:     implementation(libs.biometric)
                                    ^ Unexpected symbol

  Line 122:     implementation(libs.biometric)
                                             ^ Unexpected symbol

  Line 123:     implementation(libs.security.crypto)
                ^ Unexpected symbol

  Line 123:     implementation(libs.security.crypto)
                              ^ Unexpected symbol

  Line 123:     implementation(libs.security.crypto)
                               ^ Unexpected symbol

  Line 123:     implementation(libs.security.crypto)
                                   ^ Unexpected symbol

  Line 123:     implementation(libs.security.crypto)
                                    ^ Unexpected symbol

  Line 123:     implementation(libs.security.crypto)
                                            ^ Unexpected symbol

  Line 123:     implementation(libs.security.crypto)
                                             ^ Unexpected symbol

  Line 123:     implementation(libs.security.crypto)
                                                   ^ Unexpected symbol

  Line 126:     implementation(libs.workmanager)
                ^ Unexpected symbol

  Line 126:     implementation(libs.workmanager)
                              ^ Unexpected symbol

  Line 126:     implementation(libs.workmanager)
                               ^ Unexpected symbol

  Line 126:     implementation(libs.workmanager)
                                   ^ Unexpected symbol

  Line 126:     implementation(libs.workmanager)
                                    ^ Unexpected symbol

  Line 126:     implementation(libs.workmanager)
                                               ^ Unexpected symbol

  Line 127:     implementation(libs.fragment.compose)
                ^ Unexpected symbol

  Line 127:     implementation(libs.fragment.compose)
                              ^ Unexpected symbol

  Line 127:     implementation(libs.fragment.compose)
                               ^ Unexpected symbol

  Line 127:     implementation(libs.fragment.compose)
                                   ^ Unexpected symbol

  Line 127:     implementation(libs.fragment.compose)
                                    ^ Unexpected symbol

  Line 127:     implementation(libs.fragment.compose)
                                            ^ Unexpected symbol

  Line 127:     implementation(libs.fragment.compose)
                                             ^ Unexpected symbol

  Line 127:     implementation(libs.fragment.compose)
                                                    ^ Unexpected symbol

  Line 130:     implementation(libs.datastore.preferences)
                ^ Unexpected symbol

  Line 130:     implementation(libs.datastore.preferences)
                              ^ Unexpected symbol

  Line 130:     implementation(libs.datastore.preferences)
                               ^ Unexpected symbol

  Line 130:     implementation(libs.datastore.preferences)
                                   ^ Unexpected symbol

  Line 130:     implementation(libs.datastore.preferences)
                                    ^ Unexpected symbol

  Line 130:     implementation(libs.datastore.preferences)
                                             ^ Unexpected symbol

  Line 130:     implementation(libs.datastore.preferences)
                                              ^ Unexpected symbol

  Line 130:     implementation(libs.datastore.preferences)
                                                         ^ Unexpected symbol

  Line 131:     implementation(libs.datastore)
                ^ Unexpected symbol

  Line 131:     implementation(libs.datastore)
                              ^ Unexpected symbol

  Line 131:     implementation(libs.datastore)
                               ^ Unexpected symbol

  Line 131:     implementation(libs.datastore)
                                   ^ Unexpected symbol

  Line 131:     implementation(libs.datastore)
                                    ^ Unexpected symbol

  Line 131:     implementation(libs.datastore)
                                             ^ Unexpected symbol

  Line 132:     implementation(libs.glance)
                ^ Unexpected symbol

  Line 132:     implementation(libs.glance)
                              ^ Unexpected symbol

  Line 132:     implementation(libs.glance)
                               ^ Unexpected symbol

  Line 132:     implementation(libs.glance)
                                   ^ Unexpected symbol

  Line 132:     implementation(libs.glance)
                                    ^ Unexpected symbol

  Line 132:     implementation(libs.glance)
                                          ^ Unexpected symbol

  Line 133:     implementation(libs.glance.material3)
                ^ Unexpected symbol

  Line 133:     implementation(libs.glance.material3)
                              ^ Unexpected symbol

  Line 133:     implementation(libs.glance.material3)
                               ^ Unexpected symbol

  Line 133:     implementation(libs.glance.material3)
                                   ^ Unexpected symbol

  Line 133:     implementation(libs.glance.material3)
                                    ^ Unexpected symbol

  Line 133:     implementation(libs.glance.material3)
                                          ^ Unexpected symbol

  Line 133:     implementation(libs.glance.material3)
                                           ^ Unexpected symbol

  Line 133:     implementation(libs.glance.material3)
                                                    ^ Unexpected symbol

  Line 136:     coreLibraryDesugaring(libs.desugar)
                ^ Unexpected symbol

  Line 136:     coreLibraryDesugaring(libs.desugar)
                                     ^ Unexpected symbol

  Line 136:     coreLibraryDesugaring(libs.desugar)
                                      ^ Unexpected symbol

  Line 136:     coreLibraryDesugaring(libs.desugar)
                                          ^ Unexpected symbol

  Line 136:     coreLibraryDesugaring(libs.desugar)
                                           ^ Unexpected symbol

  Line 136:     coreLibraryDesugaring(libs.desugar)
                                                  ^ Unexpected symbol

  Line 137: }
            ^ Unexpected symbol

317 errors

* Try:
> Run with --stacktrace option to get the stack trace.
> Run with --info or --debug option to get more log output.
> Run with --scan to get full insights from a Build Scan (powered by Develocity).
> Get more help at https://help.gradle.org.

BUILD FAILED in 1s
[INFO]           Could not resolve kotlin-stdlib using Maven: Cannot invoke "java.nio.file.Path.getFileSystem()" because "path" is null
[INFO]           Found kotlinc at /usr/bin/kotlinc
[INFO]           Successfully resolved kotlin-stdlib using Gradle to /home/dae/.gradle/caches/modules-2/files-2.1/org.jetbrains.kotlin/kotlin-stdlib/2.4.0/4e9f4b531dce5c7dee58ed2de9a8b9a763c8dc6c/kotlin-stdlib-2.4.0.jar
[INFO] async     Cached classpath with sources is outdated or not found. Resolving again
[INFO] debounce0 Linting .../app/build.gradle.kts
[INFO] debounce0 compileFiles: 1 files in lint set, 0 detected as changed (forceFresh=false)
[INFO] debounce0 doLint: got context with diagnostics, files=1
[INFO] debounce0 Converting diagnostic: MISSING_SCRIPT_STANDARD_TEMPLATE at 0-299 (severity: ERROR)
[INFO] debounce0 Converting diagnostic: MISSING_SCRIPT_STANDARD_TEMPLATE at 0-3475 (severity: ERROR)
[INFO] debounce0 Converting diagnostic: UNRESOLVED_REFERENCE at 20-24 (severity: ERROR)
[INFO] debounce0 Converting diagnostic: UNRESOLVED_REFERENCE at 14-19 (severity: ERROR)
[INFO] debounce0 Converting diagnostic: UNRESOLVED_REFERENCE at 76-80 (severity: ERROR)
[INFO] debounce0 Converting diagnostic: UNRESOLVED_REFERENCE at 70-75 (severity: ERROR)
[INFO] debounce0 Converting diagnostic: UNRESOLVED_REFERENCE at 127-131 (severity: ERROR)
[INFO] debounce0 Converting diagnostic: UNRESOLVED_REFERENCE at 121-126 (severity: ERROR)
[INFO] debounce0 Converting diagnostic: UNRESOLVED_REFERENCE at 184-188 (severity: ERROR)
[INFO] debounce0 Converting diagnostic: UNRESOLVED_REFERENCE at 178-183 (severity: ERROR)
[INFO] debounce0 Converting diagnostic: UNRESOLVED_REFERENCE at 224-228 (severity: ERROR)
[INFO] debounce0 Converting diagnostic: UNRESOLVED_REFERENCE at 218-223 (severity: ERROR)
[INFO] debounce0 Converting diagnostic: UNRESOLVED_REFERENCE at 265-269 (severity: ERROR)
[INFO] debounce0 Converting diagnostic: UNRESOLVED_REFERENCE at 259-264 (severity: ERROR)
[INFO] debounce0 Converting diagnostic: UNRESOLVED_REFERENCE at 0-7 (severity: ERROR)
[INFO] debounce0 Converting diagnostic: UNRESOLVED_REFERENCE at 20-24 (severity: ERROR)
[INFO] debounce0 Converting diagnostic: UNRESOLVED_REFERENCE at 14-19 (severity: ERROR)
[INFO] debounce0 Converting diagnostic: UNRESOLVED_REFERENCE at 64-68 (severity: ERROR)
[INFO] debounce0 Converting diagnostic: UNRESOLVED_REFERENCE at 58-63 (severity: ERROR)
[INFO] debounce0 Converting diagnostic: UNRESOLVED_REFERENCE at 103-107 (severity: ERROR)
[INFO] debounce0 Converting diagnostic: UNRESOLVED_REFERENCE at 97-102 (severity: ERROR)
[INFO] debounce0 Converting diagnostic: UNRESOLVED_REFERENCE at 148-152 (severity: ERROR)
[INFO] debounce0 Converting diagnostic: UNRESOLVED_REFERENCE at 142-147 (severity: ERROR)
[INFO] debounce0 Converting diagnostic: UNRESOLVED_REFERENCE at 176-180 (severity: ERROR)
[INFO] debounce0 Converting diagnostic: UNRESOLVED_REFERENCE at 170-175 (severity: ERROR)
[INFO] debounce0 Converting diagnostic: UNRESOLVED_REFERENCE at 205-209 (severity: ERROR)
[INFO] debounce0 Converting diagnostic: UNRESOLVED_REFERENCE at 199-204 (severity: ERROR)
[INFO] debounce0 Converting diagnostic: UNRESOLVED_REFERENCE at 0-7 (severity: ERROR)
[INFO] debounce0 Converting diagnostic: UNRESOLVED_REFERENCE at 242-248 (severity: ERROR)
[INFO] debounce0 Converting diagnostic: UNRESOLVED_REFERENCE at 264-271 (severity: ERROR)
[INFO] debounce0 Converting diagnostic: UNRESOLVED_REFERENCE at 257-261 (severity: ERROR)
[INFO] debounce0 Converting diagnostic: UNRESOLVED_REFERENCE at 304-326 (severity: ERROR)
[INFO] debounce0 Converting diagnostic: UNRESOLVED_REFERENCE at 338-346 (severity: ERROR)
[INFO] debounce0 Converting diagnostic: UNRESOLVED_REFERENCE at 229-235 (severity: ERROR)
[INFO] debounce0 Converting diagnostic: UNRESOLVED_REFERENCE at 372-381 (severity: ERROR)
[INFO] debounce0 Converting diagnostic: UNRESOLVED_REFERENCE at 402-412 (severity: ERROR)
[INFO] debounce0 Converting diagnostic: UNRESOLVED_REFERENCE at 447-460 (severity: ERROR)
[INFO] debounce0 Converting diagnostic: UNRESOLVED_REFERENCE at 485-491 (severity: ERROR)
[INFO] debounce0 Converting diagnostic: UNRESOLVED_REFERENCE at 505-514 (severity: ERROR)
[INFO] debounce0 Converting diagnostic: UNRESOLVED_REFERENCE at 528-539 (severity: ERROR)
[INFO] debounce0 Converting diagnostic: UNRESOLVED_REFERENCE at 552-563 (severity: ERROR)
[INFO] debounce0 Converting diagnostic: UNRESOLVED_REFERENCE at 583-608 (severity: ERROR)
[INFO] debounce0 Converting diagnostic: UNRESOLVED_REFERENCE at 423-436 (severity: ERROR)
[INFO] debounce0 Converting diagnostic: UNRESOLVED_REFERENCE at 705-720 (severity: ERROR)
[INFO] debounce0 Converting diagnostic: UNRESOLVED_REFERENCE at 685-690 (severity: ERROR)
[INFO] debounce0 Converting diagnostic: UNRESOLVED_REFERENCE at 769-784 (severity: ERROR)
[INFO] debounce0 Converting diagnostic: UNRESOLVED_REFERENCE at 804-821 (severity: ERROR)
[INFO] debounce0 Converting diagnostic: UNRESOLVED_REFERENCE at 872-894 (severity: ERROR)
[INFO] debounce0 Converting diagnostic: UNRESOLVED_REFERENCE at 841-854 (severity: ERROR)
[INFO] debounce0 Converting diagnostic: UNRESOLVED_REFERENCE at 992-1005 (severity: ERROR)
[INFO] debounce0 Converting diagnostic: UNRESOLVED_REFERENCE at 1008-1022 (severity: ERROR)
[INFO] debounce0 Converting diagnostic: UNRESOLVED_REFERENCE at 747-754 (severity: ERROR)
[INFO] debounce0 Converting diagnostic: UNRESOLVED_REFERENCE at 664-674 (severity: ERROR)
[INFO] debounce0 Converting diagnostic: UNRESOLVED_REFERENCE at 1093-1112 (severity: ERROR)
[INFO] debounce0 Converting diagnostic: UNRESOLVED_REFERENCE at 1115-1126 (severity: ERROR)
[INFO] debounce0 Converting diagnostic: UNRESOLVED_REFERENCE at 1146-1165 (severity: ERROR)
[INFO] debounce0 Converting diagnostic: UNRESOLVED_REFERENCE at 1168-1179 (severity: ERROR)
[INFO] debounce0 Converting diagnostic: UNRESOLVED_REFERENCE at 1068-1082 (severity: ERROR)
[INFO] debounce0 Converting diagnostic: UNRESOLVED_REFERENCE at 1226-1233 (severity: ERROR)
[INFO] debounce0 Converting diagnostic: UNRESOLVED_REFERENCE at 1249-1260 (severity: ERROR)
[INFO] debounce0 Converting diagnostic: UNRESOLVED_REFERENCE at 1202-1215 (severity: ERROR)
[INFO] debounce0 Converting diagnostic: UNRESOLVED_REFERENCE at 1294-1306 (severity: ERROR)
[INFO] debounce0 Converting diagnostic: UNRESOLVED_REFERENCE at 1322-1338 (severity: ERROR)
[INFO] debounce0 Converting diagnostic: UNRESOLVED_REFERENCE at 1279-1283 (severity: ERROR)
[INFO] debounce0 Converting diagnostic: UNRESOLVED_REFERENCE at 358-365 (severity: ERROR)
[INFO] debounce0 Converting diagnostic: UNRESOLVED_REFERENCE at 1412-1421 (severity: ERROR)
[INFO] debounce0 Converting diagnostic: UNRESOLVED_REFERENCE at 1424-1428 (severity: ERROR)
[INFO] debounce0 Converting diagnostic: UNRESOLVED_REFERENCE at 1504-1517 (severity: ERROR)
[INFO] debounce0 Converting diagnostic: UNRESOLVED_REFERENCE at 1575-1583 (severity: ERROR)
[INFO] debounce0 Converting diagnostic: UNRESOLVED_REFERENCE at 1643-1654 (severity: ERROR)
[INFO] debounce0 Converting diagnostic: UNRESOLVED_REFERENCE at 1380-1386 (severity: ERROR)
[INFO] debounce0 Converting diagnostic: UNRESOLVED_REFERENCE at 1355-1369 (severity: ERROR)
[INFO] debounce0 Converting diagnostic: UNRESOLVED_REFERENCE at 1781-1785 (severity: ERROR)
[INFO] debounce0 Converting diagnostic: UNRESOLVED_REFERENCE at 1772-1780 (severity: ERROR)
[INFO] debounce0 Converting diagnostic: UNRESOLVED_REFERENCE at 1803-1817 (severity: ERROR)
[INFO] debounce0 Converting diagnostic: UNRESOLVED_REFERENCE at 1849-1853 (severity: ERROR)
[INFO] debounce0 Converting diagnostic: UNRESOLVED_REFERENCE at 1834-1848 (severity: ERROR)
[INFO] debounce0 Converting diagnostic: UNRESOLVED_REFERENCE at 1885-1889 (severity: ERROR)
[INFO] debounce0 Converting diagnostic: UNRESOLVED_REFERENCE at 1870-1884 (severity: ERROR)
[INFO] debounce0 Converting diagnostic: UNRESOLVED_REFERENCE at 1930-1934 (severity: ERROR)
[INFO] debounce0 Converting diagnostic: UNRESOLVED_REFERENCE at 1915-1929 (severity: ERROR)
[INFO] debounce0 Converting diagnostic: UNRESOLVED_REFERENCE at 1973-1977 (severity: ERROR)
[INFO] debounce0 Converting diagnostic: UNRESOLVED_REFERENCE at 1958-1972 (severity: ERROR)
[INFO] debounce0 Converting diagnostic: UNRESOLVED_REFERENCE at 2021-2025 (severity: ERROR)
[INFO] debounce0 Converting diagnostic: UNRESOLVED_REFERENCE at 2006-2020 (severity: ERROR)
[INFO] debounce0 Converting diagnostic: UNRESOLVED_REFERENCE at 2064-2068 (severity: ERROR)
[INFO] debounce0 Converting diagnostic: UNRESOLVED_REFERENCE at 2049-2063 (severity: ERROR)
[INFO] debounce0 Converting diagnostic: UNRESOLVED_REFERENCE at 2113-2117 (severity: ERROR)
[INFO] debounce0 Converting diagnostic: UNRESOLVED_REFERENCE at 2093-2112 (severity: ERROR)
[INFO] debounce0 Converting diagnostic: UNRESOLVED_REFERENCE at 2170-2174 (severity: ERROR)
[INFO] debounce0 Converting diagnostic: UNRESOLVED_REFERENCE at 2155-2169 (severity: ERROR)
[INFO] debounce0 Converting diagnostic: UNRESOLVED_REFERENCE at 2204-2208 (severity: ERROR)
[INFO] debounce0 Converting diagnostic: UNRESOLVED_REFERENCE at 2189-2203 (severity: ERROR)
[INFO] debounce0 Converting diagnostic: UNRESOLVED_REFERENCE at 2246-2250 (severity: ERROR)
[INFO] debounce0 Converting diagnostic: UNRESOLVED_REFERENCE at 2231-2245 (severity: ERROR)
[INFO] debounce0 Converting diagnostic: UNRESOLVED_REFERENCE at 2289-2293 (severity: ERROR)
[INFO] debounce0 Converting diagnostic: UNRESOLVED_REFERENCE at 2274-2288 (severity: ERROR)
[INFO] debounce0 Converting diagnostic: UNRESOLVED_REFERENCE at 2349-2353 (severity: ERROR)
[INFO] debounce0 Converting diagnostic: UNRESOLVED_REFERENCE at 2334-2348 (severity: ERROR)
[INFO] debounce0 Converting diagnostic: UNRESOLVED_REFERENCE at 2391-2395 (severity: ERROR)
[INFO] debounce0 Converting diagnostic: UNRESOLVED_REFERENCE at 2376-2390 (severity: ERROR)
[INFO] debounce0 Converting diagnostic: UNRESOLVED_REFERENCE at 2431-2435 (severity: ERROR)
[INFO] debounce0 Converting diagnostic: UNRESOLVED_REFERENCE at 2416-2430 (severity: ERROR)
[INFO] debounce0 Converting diagnostic: UNRESOLVED_REFERENCE at 2481-2485 (severity: ERROR)
[INFO] debounce0 Converting diagnostic: UNRESOLVED_REFERENCE at 2466-2480 (severity: ERROR)
[INFO] debounce0 Converting diagnostic: UNRESOLVED_REFERENCE at 2508-2512 (severity: ERROR)
[INFO] debounce0 Converting diagnostic: UNRESOLVED_REFERENCE at 2504-2507 (severity: ERROR)
[INFO] debounce0 Converting diagnostic: UNRESOLVED_REFERENCE at 2547-2551 (severity: ERROR)
[INFO] debounce0 Converting diagnostic: UNRESOLVED_REFERENCE at 2532-2546 (severity: ERROR)
[INFO] debounce0 Converting diagnostic: UNRESOLVED_REFERENCE at 2608-2612 (severity: ERROR)
[INFO] debounce0 Converting diagnostic: UNRESOLVED_REFERENCE at 2593-2607 (severity: ERROR)
[INFO] debounce0 Converting diagnostic: UNRESOLVED_REFERENCE at 2646-2650 (severity: ERROR)
[INFO] debounce0 Converting diagnostic: UNRESOLVED_REFERENCE at 2631-2645 (severity: ERROR)
[INFO] debounce0 Converting diagnostic: UNRESOLVED_REFERENCE at 2669-2673 (severity: ERROR)
[INFO] debounce0 Converting diagnostic: UNRESOLVED_REFERENCE at 2665-2668 (severity: ERROR)
[INFO] debounce0 Converting diagnostic: UNRESOLVED_REFERENCE at 2708-2712 (severity: ERROR)
[INFO] debounce0 Converting diagnostic: UNRESOLVED_REFERENCE at 2693-2707 (severity: ERROR)
[INFO] debounce0 Converting diagnostic: UNRESOLVED_REFERENCE at 2771-2775 (severity: ERROR)
[INFO] debounce0 Converting diagnostic: UNRESOLVED_REFERENCE at 2756-2770 (severity: ERROR)
[INFO] debounce0 Converting diagnostic: UNRESOLVED_REFERENCE at 2838-2842 (severity: ERROR)
[INFO] debounce0 Converting diagnostic: UNRESOLVED_REFERENCE at 2823-2837 (severity: ERROR)
[INFO] debounce0 Converting diagnostic: UNRESOLVED_REFERENCE at 2890-2894 (severity: ERROR)
[INFO] debounce0 Converting diagnostic: UNRESOLVED_REFERENCE at 2875-2889 (severity: ERROR)
[INFO] debounce0 Converting diagnostic: UNRESOLVED_REFERENCE at 2956-2960 (severity: ERROR)
[INFO] debounce0 Converting diagnostic: UNRESOLVED_REFERENCE at 2941-2955 (severity: ERROR)
[INFO] debounce0 Converting diagnostic: UNRESOLVED_REFERENCE at 2994-2998 (severity: ERROR)
[INFO] debounce0 Converting diagnostic: UNRESOLVED_REFERENCE at 2979-2993 (severity: ERROR)
[INFO] debounce0 Converting diagnostic: UNRESOLVED_REFERENCE at 3055-3059 (severity: ERROR)
[INFO] debounce0 Converting diagnostic: UNRESOLVED_REFERENCE at 3040-3054 (severity: ERROR)
[INFO] debounce0 Converting diagnostic: UNRESOLVED_REFERENCE at 3087-3091 (severity: ERROR)
[INFO] debounce0 Converting diagnostic: UNRESOLVED_REFERENCE at 3072-3086 (severity: ERROR)
[INFO] debounce0 Converting diagnostic: UNRESOLVED_REFERENCE at 3121-3125 (severity: ERROR)
[INFO] debounce0 Converting diagnostic: UNRESOLVED_REFERENCE at 3106-3120 (severity: ERROR)
[INFO] debounce0 Converting diagnostic: UNRESOLVED_REFERENCE at 1715-1727 (severity: ERROR)
[INFO] debounce0 Converting diagnostic: UNRESOLVED_REFERENCE at 3197-3206 (severity: ERROR)
[INFO] debounce0 Converting diagnostic: UNRESOLVED_REFERENCE at 3209-3213 (severity: ERROR)
[INFO] debounce0 Converting diagnostic: UNRESOLVED_REFERENCE at 3285-3298 (severity: ERROR)
[INFO] debounce0 Converting diagnostic: UNRESOLVED_REFERENCE at 3352-3360 (severity: ERROR)
[INFO] debounce0 Converting diagnostic: UNRESOLVED_REFERENCE at 3416-3427 (severity: ERROR)
[INFO] debounce0 Converting diagnostic: UNRESOLVED_REFERENCE at 3169-3175 (severity: ERROR)
[INFO] debounce0 Converting diagnostic: UNRESOLVED_REFERENCE at 3148-3162 (severity: ERROR)
[INFO] debounce0 Semantic diagnostics: 141
[INFO] debounce0 Parser diagnostics: 0
[INFO] debounce0 Total diagnostics after filtering: 141
[INFO] debounce0 Ignore 14 diagnostics in .../Ljod/build.gradle.kts because it's not open
[INFO] debounce0 Ignore 127 diagnostics in .../app/build.gradle.kts because it's not open
[ERROR] async     TOOLING API: Error fetching model: Could not fetch model of type 'EclipseProject' using connection to Gradle distribution 'https://services.gradle.org/distributions/gradle-9.7.1-bin.zip'.
[ERROR] async     TOOLING API: EXCEPTION during resolution for /home/dae/Work/VZ/Ljod: Could not fetch model of type 'EclipseProject' using connection to Gradle distribution 'https://services.gradle.org/distributions/gradle-9.7.1-bin.zip'.
[WARN] async     TOOLING API: Falling back to CLI for /home/dae/Work/VZ/Ljod
[INFO] client    Cached classpath is outdated or not found. Resolving again
[ERROR] async     CLI: Gradle task FAILED: e: file:///home/dae/Work/VZ/Ljod/app/build.gradle.kts:69:1: Unexpected symbol
e: file:///home/dae/Work/VZ/Ljod/app/build.gradle.kts:71:1: Unexpected symbol
e: file:///home/dae/Work/VZ/Ljod/app/build.gradle.kts:71:14: Unexpected symbol
e: file:///home/dae/Work/VZ/Ljod/app/build.gradle.kts:73:5: Unexpected symbol
e: file:///home/dae/Work/VZ/Ljod/app/build.gradle.kts:73:9: Unexpected symbol
e: file:///home/dae/Work/VZ/Ljod/app/build.gradle.kts:73:20: Unexpected symbol
e: file:///home/dae/Work/VZ/Ljod/app/build.gradle.kts:73:22: Unexpected symbol
e: file:///home/dae/Work/VZ/Ljod/app/build.gradle.kts:73:30: Unexpected symbol
e: file:///home/dae/Work/VZ/Ljod/app/build.gradle.kts:73:31: Unexpected symbol
e: file:///home/dae/Work/VZ/Ljod/app/build.gradle.kts:73:35: Unexpected symbol
e: file:///home/dae/Work/VZ/Ljod/app/build.gradle.kts:73:36: Unexpected symbol
e: file:///home/dae/Work/VZ/Ljod/app/build.gradle.kts:73:43: Unexpected symbol
e: file:///home/dae/Work/VZ/Ljod/app/build.gradle.kts:73:44: Unexpected symbol
e: file:///home/dae/Work/VZ/Ljod/app/build.gradle.kts:73:47: Unexpected symbol
e: file:///home/dae/Work/VZ/Ljod/app/build.gradle.kts:74:5: Unexpected symbol
e: file:///home/dae/Work/VZ/Ljod/app/build.gradle.kts:74:19: Unexpected symbol
e: file:///home/dae/Work/VZ/Ljod/app/build.gradle.kts:74:20: Unexpected symbol
e: file:///home/dae/Work/VZ/Ljod/app/build.gradle.kts:74:30: Unexpected symbol
e: file:///home/dae/Work/VZ/Ljod/app/build.gradle.kts:75:5: Unexpected symbol
e: file:///home/dae/Work/VZ/Ljod/app/build.gradle.kts:75:19: Unexpected symbol
e: file:///home/dae/Work/VZ/Ljod/app/build.gradle.kts:75:20: Unexpected symbol
e: file:///home/dae/Work/VZ/Ljod/app/build.gradle.kts:75:24: Unexpected symbol
e: file:///home/dae/Work/VZ/Ljod/app/build.gradle.kts:75:25: Unexpected symbol
e: file:///home/dae/Work/VZ/Ljod/app/build.gradle.kts:75:32: Unexpected symbol
e: file:///home/dae/Work/VZ/Ljod/app/build.gradle.kts:75:33: Unexpected symbol
e: file:///home/dae/Work/VZ/Ljod/app/build.gradle.kts:75:35: Unexpected symbol
e: file:///home/dae/Work/VZ/Ljod/app/build.gradle.kts:76:5: Unexpected symbol
e: file:///home/dae/Work/VZ/Ljod/app/build.gradle.kts:76:19: Unexpected symbol
e: file:///home/dae/Work/VZ/Ljod/app/build.gradle.kts:76:20: Unexpected symbol
e: file:///home/dae/Work/VZ/Ljod/app/build.gradle.kts:76:24: Unexpected symbol
e: file:///home/dae/Work/VZ/Ljod/app/build.gradle.kts:76:25: Unexpected symbol
e: file:///home/dae/Work/VZ/Ljod/app/build.gradle.kts:76:32: Unexpected symbol
e: file:///home/dae/Work/VZ/Ljod/app/build.gradle.kts:76:33: Unexpected symbol
e: file:///home/dae/Work/VZ/Ljod/app/build.gradle.kts:76:35: Unexpected symbol
e: file:///home/dae/Work/VZ/Ljod/app/build.gradle.kts:76:36: Unexpected symbol
e: file:///home/dae/Work/VZ/Ljod/app/build.gradle.kts:76:44: Unexpected symbol
e: file:///home/dae/Work/VZ/Ljod/app/build.gradle.kts:77:5: Unexpected symbol
e: file:///home/dae/Work/VZ/Ljod/app/build.gradle.kts:77:19: Unexpected symbol
e: file:///home/dae/Work/VZ/Ljod/app/build.gradle.kts:77:20: Unexpected symbol
e: file:///home/dae/Work/VZ/Ljod/app/build.gradle.kts:77:24: Unexpected symbol
e: file:///home/dae/Work/VZ/Ljod/app/build.gradle.kts:77:25: Unexpected symbol
e: file:///home/dae/Work/VZ/Ljod/app/build.gradle.kts:77:32: Unexpected symbol
e: file:///home/dae/Work/VZ/Ljod/app/build.gradle.kts:77:33: Unexpected symbol
e: file:///home/dae/Work/VZ/Ljod/app/build.gradle.kts:77:42: Unexpected symbol
e: file:///home/dae/Work/VZ/Ljod/app/build.gradle.kts:78:5: Unexpected symbol
e: file:///home/dae/Work/VZ/Ljod/app/build.gradle.kts:78:19: Unexpected symbol
e: file:///home/dae/Work/VZ/Ljod/app/build.gradle.kts:78:20: Unexpected symbol
e: file:///home/dae/Work/VZ/Ljod/app/build.gradle.kts:78:24: Unexpected symbol
e: file:///home/dae/Work/VZ/Ljod/app/build.gradle.kts:78:25: Unexpected symbol
e: file:///home/dae/Work/VZ/Ljod/app/build.gradle.kts:78:32: Unexpected symbol
e: file:///home/dae/Work/VZ/Ljod/app/build.gradle.kts:78:33: Unexpected symbol
e: file:///home/dae/Work/VZ/Ljod/app/build.gradle.kts:78:41: Unexpected symbol
e: file:///home/dae/Work/VZ/Ljod/app/build.gradle.kts:78:42: Unexpected symbol
e: file:///home/dae/Work/VZ/Ljod/app/build.gradle.kts:78:47: Unexpected symbol
e: file:///home/dae/Work/VZ/Ljod/app/build.gradle.kts:79:5: Unexpected symbol
e: file:///home/dae/Work/VZ/Ljod/app/build.gradle.kts:79:19: Unexpected symbol
e: file:///home/dae/Work/VZ/Ljod/app/build.gradle.kts:79:20: Unexpected symbol
e: file:///home/dae/Work/VZ/Ljod/app/build.gradle.kts:79:24: Unexpected symbol
e: file:///home/dae/Work/VZ/Ljod/app/build.gradle.kts:79:25: Unexpected symbol
e: file:///home/dae/Work/VZ/Ljod/app/build.gradle.kts:79:32: Unexpected symbol
e: file:///home/dae/Work/VZ/Ljod/app/build.gradle.kts:79:33: Unexpected symbol
e: file:///home/dae/Work/VZ/Ljod/app/build.gradle.kts:79:42: Unexpected symbol
e: file:///home/dae/Work/VZ/Ljod/app/build.gradle.kts:80:5: Unexpected symbol
e: file:///home/dae/Work/VZ/Ljod/app/build.gradle.kts:80:19: Unexpected symbol
e: file:///home/dae/Work/VZ/Ljod/app/build.gradle.kts:80:20: Unexpected symbol
e: file:///home/dae/Work/VZ/Ljod/app/build.gradle.kts:80:24: Unexpected symbol
e: file:///home/dae/Work/VZ/Ljod/app/build.gradle.kts:80:25: Unexpected symbol
e: file:///home/dae/Work/VZ/Ljod/app/build.gradle.kts:80:32: Unexpected symbol
e: file:///home/dae/Work/VZ/Ljod/app/build.gradle.kts:80:33: Unexpected symbol
e: file:///home/dae/Work/VZ/Ljod/app/build.gradle.kts:80:43: Unexpected symbol
e: file:///home/dae/Work/VZ/Ljod/app/build.gradle.kts:81:5: Unexpected symbol
e: file:///home/dae/Work/VZ/Ljod/app/build.gradle.kts:81:24: Unexpected symbol
e: file:///home/dae/Work/VZ/Ljod/app/build.gradle.kts:81:25: Unexpected symbol
e: file:///home/dae/Work/VZ/Ljod/app/build.gradle.kts:81:29: Unexpected symbol
e: file:///home/dae/Work/VZ/Ljod/app/build.gradle.kts:81:30: Unexpected symbol
e: file:///home/dae/Work/VZ/Ljod/app/build.gradle.kts:81:37: Unexpected symbol
e: file:///home/dae/Work/VZ/Ljod/app/build.gradle.kts:81:38: Unexpected symbol
e: file:///home/dae/Work/VZ/Ljod/app/build.gradle.kts:81:40: Unexpected symbol
e: file:///home/dae/Work/VZ/Ljod/app/build.gradle.kts:81:41: Unexpected symbol
e: file:///home/dae/Work/VZ/Ljod/app/build.gradle.kts:81:48: Unexpected symbol
e: file:///home/dae/Work/VZ/Ljod/app/build.gradle.kts:84:5: Unexpected symbol
e: file:///home/dae/Work/VZ/Ljod/app/build.gradle.kts:84:19: Unexpected symbol
e: file:///home/dae/Work/VZ/Ljod/app/build.gradle.kts:84:20: Unexpected symbol
e: file:///home/dae/Work/VZ/Ljod/app/build.gradle.kts:84:24: Unexpected symbol
e: file:///home/dae/Work/VZ/Ljod/app/build.gradle.kts:84:25: Unexpected symbol
e: file:///home/dae/Work/VZ/Ljod/app/build.gradle.kts:84:29: Unexpected symbol
e: file:///home/dae/Work/VZ/Ljod/app/build.gradle.kts:84:30: Unexpected symbol
e: file:///home/dae/Work/VZ/Ljod/app/build.gradle.kts:84:33: Unexpected symbol
e: file:///home/dae/Work/VZ/Ljod/app/build.gradle.kts:85:5: Unexpected symbol
e: file:///home/dae/Work/VZ/Ljod/app/build.gradle.kts:85:19: Unexpected symbol
e: file:///home/dae/Work/VZ/Ljod/app/build.gradle.kts:85:20: Unexpected symbol
e: file:///home/dae/Work/VZ/Ljod/app/build.gradle.kts:85:24: Unexpected symbol
e: file:///home/dae/Work/VZ/Ljod/app/build.gradle.kts:85:25: Unexpected symbol
e: file:///home/dae/Work/VZ/Ljod/app/build.gradle.kts:85:33: Unexpected symbol
e: file:///home/dae/Work/VZ/Ljod/app/build.gradle.kts:85:34: Unexpected symbol
e: file:///home/dae/Work/VZ/Ljod/app/build.gradle.kts:85:41: Unexpected symbol
e: file:///home/dae/Work/VZ/Ljod/app/build.gradle.kts:86:5: Unexpected symbol
e: file:///home/dae/Work/VZ/Ljod/app/build.gradle.kts:86:19: Unexpected symbol
e: file:///home/dae/Work/VZ/Ljod/app/build.gradle.kts:86:20: Unexpected symbol
e: file:///home/dae/Work/VZ/Ljod/app/build.gradle.kts:86:24: Unexpected symbol
e: file:///home/dae/Work/VZ/Ljod/app/build.gradle.kts:86:25: Unexpected symbol
e: file:///home/dae/Work/VZ/Ljod/app/build.gradle.kts:86:34: Unexpected symbol
e: file:///home/dae/Work/VZ/Ljod/app/build.gradle.kts:86:35: Unexpected symbol
e: file:///home/dae/Work/VZ/Ljod/app/build.gradle.kts:86:42: Unexpected symbol
e: file:///home/dae/Work/VZ/Ljod/app/build.gradle.kts:87:5: Unexpected symbol
e: file:///home/dae/Work/VZ/Ljod/app/build.gradle.kts:87:19: Unexpected symbol
e: file:///home/dae/Work/VZ/Ljod/app/build.gradle.kts:87:20: Unexpected symbol
e: file:///home/dae/Work/VZ/Ljod/app/build.gradle.kts:87:24: Unexpected symbol
e: file:///home/dae/Work/VZ/Ljod/app/build.gradle.kts:87:25: Unexpected symbol
e: file:///home/dae/Work/VZ/Ljod/app/build.gradle.kts:87:34: Unexpected symbol
e: file:///home/dae/Work/VZ/Ljod/app/build.gradle.kts:87:35: Unexpected symbol
e: file:///home/dae/Work/VZ/Ljod/app/build.gradle.kts:87:44: Unexpected symbol
e: file:///home/dae/Work/VZ/Ljod/app/build.gradle.kts:90:5: Unexpected symbol
e: file:///home/dae/Work/VZ/Ljod/app/build.gradle.kts:90:19: Unexpected symbol
e: file:///home/dae/Work/VZ/Ljod/app/build.gradle.kts:90:20: Unexpected symbol
e: file:///home/dae/Work/VZ/Ljod/app/build.gradle.kts:90:24: Unexpected symbol
e: file:///home/dae/Work/VZ/Ljod/app/build.gradle.kts:90:25: Unexpected symbol
e: file:///home/dae/Work/VZ/Ljod/app/build.gradle.kts:90:31: Unexpected symbol
e: file:///home/dae/Work/VZ/Ljod/app/build.gradle.kts:90:32: Unexpected symbol
e: file:///home/dae/Work/VZ/Ljod/app/build.gradle.kts:90:41: Unexpected symbol
e: file:///home/dae/Work/VZ/Ljod/app/build.gradle.kts:91:5: Unexpected symbol
e: file:///home/dae/Work/VZ/Ljod/app/build.gradle.kts:91:19: Unexpected symbol
e: file:///home/dae/Work/VZ/Ljod/app/build.gradle.kts:91:20: Unexpected symbol
e: file:///home/dae/Work/VZ/Ljod/app/build.gradle.kts:91:24: Unexpected symbol
e: file:///home/dae/Work/VZ/Ljod/app/build.gradle.kts:91:25: Unexpected symbol
e: file:///home/dae/Work/VZ/Ljod/app/build.gradle.kts:91:31: Unexpected symbol
e: file:///home/dae/Work/VZ/Ljod/app/build.gradle.kts:91:32: Unexpected symbol
e: file:///home/dae/Work/VZ/Ljod/app/build.gradle.kts:91:39: Unexpected symbol
e: file:///home/dae/Work/VZ/Ljod/app/build.gradle.kts:92:5: Unexpected symbol
e: file:///home/dae/Work/VZ/Ljod/app/build.gradle.kts:92:19: Unexpected symbol
e: file:///home/dae/Work/VZ/Ljod/app/build.gradle.kts:92:20: Unexpected symbol
e: file:///home/dae/Work/VZ/Ljod/app/build.gradle.kts:92:24: Unexpected symbol
e: file:///home/dae/Work/VZ/Ljod/app/build.gradle.kts:92:25: Unexpected symbol
e: file:///home/dae/Work/VZ/Ljod/app/build.gradle.kts:92:31: Unexpected symbol
e: file:///home/dae/Work/VZ/Ljod/app/build.gradle.kts:92:32: Unexpected symbol
e: file:///home/dae/Work/VZ/Ljod/app/build.gradle.kts:92:38: Unexpected symbol
e: file:///home/dae/Work/VZ/Ljod/app/build.gradle.kts:95:5: Unexpected symbol
e: file:///home/dae/Work/VZ/Ljod/app/build.gradle.kts:95:19: Unexpected symbol
e: file:///home/dae/Work/VZ/Ljod/app/build.gradle.kts:95:20: Unexpected symbol
e: file:///home/dae/Work/VZ/Ljod/app/build.gradle.kts:95:24: Unexpected symbol
e: file:///home/dae/Work/VZ/Ljod/app/build.gradle.kts:95:25: Unexpected symbol
e: file:///home/dae/Work/VZ/Ljod/app/build.gradle.kts:95:29: Unexpected symbol
e: file:///home/dae/Work/VZ/Ljod/app/build.gradle.kts:95:30: Unexpected symbol
e: file:///home/dae/Work/VZ/Ljod/app/build.gradle.kts:95:37: Unexpected symbol
e: file:///home/dae/Work/VZ/Ljod/app/build.gradle.kts:96:5: Unexpected symbol
e: file:///home/dae/Work/VZ/Ljod/app/build.gradle.kts:96:8: Unexpected symbol
e: file:///home/dae/Work/VZ/Ljod/app/build.gradle.kts:96:9: Unexpected symbol
e: file:///home/dae/Work/VZ/Ljod/app/build.gradle.kts:96:13: Unexpected symbol
e: file:///home/dae/Work/VZ/Ljod/app/build.gradle.kts:96:14: Unexpected symbol
e: file:///home/dae/Work/VZ/Ljod/app/build.gradle.kts:96:18: Unexpected symbol
e: file:///home/dae/Work/VZ/Ljod/app/build.gradle.kts:96:19: Unexpected symbol
e: file:///home/dae/Work/VZ/Ljod/app/build.gradle.kts:96:27: Unexpected symbol
e: file:///home/dae/Work/VZ/Ljod/app/build.gradle.kts:97:5: Unexpected symbol
e: file:///home/dae/Work/VZ/Ljod/app/build.gradle.kts:97:19: Unexpected symbol
e: file:///home/dae/Work/VZ/Ljod/app/build.gradle.kts:97:20: Unexpected symbol
e: file:///home/dae/Work/VZ/Ljod/app/build.gradle.kts:97:24: Unexpected symbol
e: file:///home/dae/Work/VZ/Ljod/app/build.gradle.kts:97:25: Unexpected symbol
e: file:///home/dae/Work/VZ/Ljod/app/build.gradle.kts:97:29: Unexpected symbol
e: file:///home/dae/Work/VZ/Ljod/app/build.gradle.kts:97:30: Unexpected symbol
e: file:///home/dae/Work/VZ/Ljod/app/build.gradle.kts:97:40: Unexpected symbol
e: file:///home/dae/Work/VZ/Ljod/app/build.gradle.kts:100:5: Unexpected symbol
e: file:///home/dae/Work/VZ/Ljod/app/build.gradle.kts:100:19: Unexpected symbol
e: file:///home/dae/Work/VZ/Ljod/app/build.gradle.kts:100:20: Unexpected symbol
e: file:///home/dae/Work/VZ/Ljod/app/build.gradle.kts:100:24: Unexpected symbol
e: file:///home/dae/Work/VZ/Ljod/app/build.gradle.kts:100:25: Unexpected symbol
e: file:///home/dae/Work/VZ/Ljod/app/build.gradle.kts:100:29: Unexpected symbol
e: file:///home/dae/Work/VZ/Ljod/app/build.gradle.kts:100:30: Unexpected symbol
e: file:///home/dae/Work/VZ/Ljod/app/build.gradle.kts:100:37: Unexpected symbol
e: file:///home/dae/Work/VZ/Ljod/app/build.gradle.kts:101:5: Unexpected symbol
e: file:///home/dae/Work/VZ/Ljod/app/build.gradle.kts:101:19: Unexpected symbol
e: file:///home/dae/Work/VZ/Ljod/app/build.gradle.kts:101:20: Unexpected symbol
e: file:///home/dae/Work/VZ/Ljod/app/build.gradle.kts:101:24: Unexpected symbol
e: file:///home/dae/Work/VZ/Ljod/app/build.gradle.kts:101:25: Unexpected symbol
e: file:///home/dae/Work/VZ/Ljod/app/build.gradle.kts:101:29: Unexpected symbol
e: file:///home/dae/Work/VZ/Ljod/app/build.gradle.kts:101:30: Unexpected symbol
e: file:///home/dae/Work/VZ/Ljod/app/build.gradle.kts:101:33: Unexpected symbol
e: file:///home/dae/Work/VZ/Ljod/app/build.gradle.kts:102:5: Unexpected symbol
e: file:///home/dae/Work/VZ/Ljod/app/build.gradle.kts:102:8: Unexpected symbol
e: file:///home/dae/Work/VZ/Ljod/app/build.gradle.kts:102:9: Unexpected symbol
e: file:///home/dae/Work/VZ/Ljod/app/build.gradle.kts:102:13: Unexpected symbol
e: file:///home/dae/Work/VZ/Ljod/app/build.gradle.kts:102:14: Unexpected symbol
e: file:///home/dae/Work/VZ/Ljod/app/build.gradle.kts:102:18: Unexpected symbol
e: file:///home/dae/Work/VZ/Ljod/app/build.gradle.kts:102:19: Unexpected symbol
e: file:///home/dae/Work/VZ/Ljod/app/build.gradle.kts:102:27: Unexpected symbol
e: file:///home/dae/Work/VZ/Ljod/app/build.gradle.kts:103:5: Unexpected symbol
e: file:///home/dae/Work/VZ/Ljod/app/build.gradle.kts:103:19: Unexpected symbol
e: file:///home/dae/Work/VZ/Ljod/app/build.gradle.kts:103:20: Unexpected symbol
e: file:///home/dae/Work/VZ/Ljod/app/build.gradle.kts:103:24: Unexpected symbol
e: file:///home/dae/Work/VZ/Ljod/app/build.gradle.kts:103:25: Unexpected symbol
e: file:///home/dae/Work/VZ/Ljod/app/build.gradle.kts:103:34: Unexpected symbol
e: file:///home/dae/Work/VZ/Ljod/app/build.gradle.kts:103:35: Unexpected symbol
e: file:///home/dae/Work/VZ/Ljod/app/build.gradle.kts:103:46: Unexpected symbol
e: file:///home/dae/Work/VZ/Ljod/app/build.gradle.kts:106:5: Unexpected symbol
e: file:///home/dae/Work/VZ/Ljod/app/build.gradle.kts:106:19: Unexpected symbol
e: file:///home/dae/Work/VZ/Ljod/app/build.gradle.kts:106:20: Unexpected symbol
e: file:///home/dae/Work/VZ/Ljod/app/build.gradle.kts:106:24: Unexpected symbol
e: file:///home/dae/Work/VZ/Ljod/app/build.gradle.kts:106:25: Unexpected symbol
e: file:///home/dae/Work/VZ/Ljod/app/build.gradle.kts:106:31: Unexpected symbol
e: file:///home/dae/Work/VZ/Ljod/app/build.gradle.kts:109:5: Unexpected symbol
e: file:///home/dae/Work/VZ/Ljod/app/build.gradle.kts:109:19: Unexpected symbol
e: file:///home/dae/Work/VZ/Ljod/app/build.gradle.kts:109:20: Unexpected symbol
e: file:///home/dae/Work/VZ/Ljod/app/build.gradle.kts:109:24: Unexpected symbol
e: file:///home/dae/Work/VZ/Ljod/app/build.gradle.kts:109:25: Unexpected symbol
e: file:///home/dae/Work/VZ/Ljod/app/build.gradle.kts:109:32: Unexpected symbol
e: file:///home/dae/Work/VZ/Ljod/app/build.gradle.kts:109:33: Unexpected symbol
e: file:///home/dae/Work/VZ/Ljod/app/build.gradle.kts:109:46: Unexpected symbol
e: file:///home/dae/Work/VZ/Ljod/app/build.gradle.kts:109:47: Unexpected symbol
e: file:///home/dae/Work/VZ/Ljod/app/build.gradle.kts:109:51: Unexpected symbol
e: file:///home/dae/Work/VZ/Ljod/app/build.gradle.kts:110:5: Unexpected symbol
e: file:///home/dae/Work/VZ/Ljod/app/build.gradle.kts:110:19: Unexpected symbol
e: file:///home/dae/Work/VZ/Ljod/app/build.gradle.kts:110:20: Unexpected symbol
e: file:///home/dae/Work/VZ/Ljod/app/build.gradle.kts:110:24: Unexpected symbol
e: file:///home/dae/Work/VZ/Ljod/app/build.gradle.kts:110:25: Unexpected symbol
e: file:///home/dae/Work/VZ/Ljod/app/build.gradle.kts:110:32: Unexpected symbol
e: file:///home/dae/Work/VZ/Ljod/app/build.gradle.kts:110:33: Unexpected symbol
e: file:///home/dae/Work/VZ/Ljod/app/build.gradle.kts:110:43: Unexpected symbol
e: file:///home/dae/Work/VZ/Ljod/app/build.gradle.kts:113:5: Unexpected symbol
e: file:///home/dae/Work/VZ/Ljod/app/build.gradle.kts:113:19: Unexpected symbol
e: file:///home/dae/Work/VZ/Ljod/app/build.gradle.kts:113:20: Unexpected symbol
e: file:///home/dae/Work/VZ/Ljod/app/build.gradle.kts:113:24: Unexpected symbol
e: file:///home/dae/Work/VZ/Ljod/app/build.gradle.kts:113:25: Unexpected symbol
e: file:///home/dae/Work/VZ/Ljod/app/build.gradle.kts:113:29: Unexpected symbol
e: file:///home/dae/Work/VZ/Ljod/app/build.gradle.kts:113:30: Unexpected symbol
e: file:///home/dae/Work/VZ/Ljod/app/build.gradle.kts:113:37: Unexpected symbol
e: file:///home/dae/Work/VZ/Ljod/app/build.gradle.kts:114:5: Unexpected symbol
e: file:///home/dae/Work/VZ/Ljod/app/build.gradle.kts:114:19: Unexpected symbol
e: file:///home/dae/Work/VZ/Ljod/app/build.gradle.kts:114:20: Unexpected symbol
e: file:///home/dae/Work/VZ/Ljod/app/build.gradle.kts:114:24: Unexpected symbol
e: file:///home/dae/Work/VZ/Ljod/app/build.gradle.kts:114:25: Unexpected symbol
e: file:///home/dae/Work/VZ/Ljod/app/build.gradle.kts:114:29: Unexpected symbol
e: file:///home/dae/Work/VZ/Ljod/app/build.gradle.kts:114:30: Unexpected symbol
e: file:///home/dae/Work/VZ/Ljod/app/build.gradle.kts:114:37: Unexpected symbol
e: file:///home/dae/Work/VZ/Ljod/app/build.gradle.kts:114:38: Unexpected symbol
e: file:///home/dae/Work/VZ/Ljod/app/build.gradle.kts:114:44: Unexpected symbol
e: file:///home/dae/Work/VZ/Ljod/app/build.gradle.kts:117:5: Unexpected symbol
e: file:///home/dae/Work/VZ/Ljod/app/build.gradle.kts:117:19: Unexpected symbol
e: file:///home/dae/Work/VZ/Ljod/app/build.gradle.kts:117:20: Unexpected symbol
e: file:///home/dae/Work/VZ/Ljod/app/build.gradle.kts:117:24: Unexpected symbol
e: file:///home/dae/Work/VZ/Ljod/app/build.gradle.kts:117:25: Unexpected symbol
e: file:///home/dae/Work/VZ/Ljod/app/build.gradle.kts:117:31: Unexpected symbol
e: file:///home/dae/Work/VZ/Ljod/app/build.gradle.kts:118:5: Unexpected symbol
e: file:///home/dae/Work/VZ/Ljod/app/build.gradle.kts:118:19: Unexpected symbol
e: file:///home/dae/Work/VZ/Ljod/app/build.gradle.kts:118:20: Unexpected symbol
e: file:///home/dae/Work/VZ/Ljod/app/build.gradle.kts:118:24: Unexpected symbol
e: file:///home/dae/Work/VZ/Ljod/app/build.gradle.kts:118:25: Unexpected symbol
e: file:///home/dae/Work/VZ/Ljod/app/build.gradle.kts:118:33: Unexpected symbol
e: file:///home/dae/Work/VZ/Ljod/app/build.gradle.kts:119:5: Unexpected symbol
e: file:///home/dae/Work/VZ/Ljod/app/build.gradle.kts:119:19: Unexpected symbol
e: file:///home/dae/Work/VZ/Ljod/app/build.gradle.kts:119:20: Unexpected symbol
e: file:///home/dae/Work/VZ/Ljod/app/build.gradle.kts:119:24: Unexpected symbol
e: file:///home/dae/Work/VZ/Ljod/app/build.gradle.kts:119:25: Unexpected symbol
e: file:///home/dae/Work/VZ/Ljod/app/build.gradle.kts:119:33: Unexpected symbol
e: file:///home/dae/Work/VZ/Ljod/app/build.gradle.kts:119:34: Unexpected symbol
e: file:///home/dae/Work/VZ/Ljod/app/build.gradle.kts:119:41: Unexpected symbol
e: file:///home/dae/Work/VZ/Ljod/app/build.gradle.kts:122:5: Unexpected symbol
e: file:///home/dae/Work/VZ/Ljod/app/build.gradle.kts:122:19: Unexpected symbol
e: file:///home/dae/Work/VZ/Ljod/app/build.gradle.kts:122:20: Unexpected symbol
e: file:///home/dae/Work/VZ/Ljod/app/build.gradle.kts:122:24: Unexpected symbol
e: file:///home/dae/Work/VZ/Ljod/app/build.gradle.kts:122:25: Unexpected symbol
e: file:///home/dae/Work/VZ/Ljod/app/build.gradle.kts:122:34: Unexpected symbol
e: file:///home/dae/Work/VZ/Ljod/app/build.gradle.kts:123:5: Unexpected symbol
e: file:///home/dae/Work/VZ/Ljod/app/build.gradle.kts:123:19: Unexpected symbol
e: file:///home/dae/Work/VZ/Ljod/app/build.gradle.kts:123:20: Unexpected symbol
e: file:///home/dae/Work/VZ/Ljod/app/build.gradle.kts:123:24: Unexpected symbol
e: file:///home/dae/Work/VZ/Ljod/app/build.gradle.kts:123:25: Unexpected symbol
e: file:///home/dae/Work/VZ/Ljod/app/build.gradle.kts:123:33: Unexpected symbol
e: file:///home/dae/Work/VZ/Ljod/app/build.gradle.kts:123:34: Unexpected symbol
e: file:///home/dae/Work/VZ/Ljod/app/build.gradle.kts:123:40: Unexpected symbol
e: file:///home/dae/Work/VZ/Ljod/app/build.gradle.kts:126:5: Unexpected symbol
e: file:///home/dae/Work/VZ/Ljod/app/build.gradle.kts:126:19: Unexpected symbol
e: file:///home/dae/Work/VZ/Ljod/app/build.gradle.kts:126:20: Unexpected symbol
e: file:///home/dae/Work/VZ/Ljod/app/build.gradle.kts:126:24: Unexpected symbol
e: file:///home/dae/Work/VZ/Ljod/app/build.gradle.kts:126:25: Unexpected symbol
e: file:///home/dae/Work/VZ/Ljod/app/build.gradle.kts:126:36: Unexpected symbol
e: file:///home/dae/Work/VZ/Ljod/app/build.gradle.kts:127:5: Unexpected symbol
e: file:///home/dae/Work/VZ/Ljod/app/build.gradle.kts:127:19: Unexpected symbol
e: file:///home/dae/Work/VZ/Ljod/app/build.gradle.kts:127:20: Unexpected symbol
e: file:///home/dae/Work/VZ/Ljod/app/build.gradle.kts:127:24: Unexpected symbol
e: file:///home/dae/Work/VZ/Ljod/app/build.gradle.kts:127:25: Unexpected symbol
e: file:///home/dae/Work/VZ/Ljod/app/build.gradle.kts:127:33: Unexpected symbol
e: file:///home/dae/Work/VZ/Ljod/app/build.gradle.kts:127:34: Unexpected symbol
e: file:///home/dae/Work/VZ/Ljod/app/build.gradle.kts:127:41: Unexpected symbol
e: file:///home/dae/Work/VZ/Ljod/app/build.gradle.kts:130:5: Unexpected symbol
e: file:///home/dae/Work/VZ/Ljod/app/build.gradle.kts:130:19: Unexpected symbol
e: file:///home/dae/Work/VZ/Ljod/app/build.gradle.kts:130:20: Unexpected symbol
e: file:///home/dae/Work/VZ/Ljod/app/build.gradle.kts:130:24: Unexpected symbol
e: file:///home/dae/Work/VZ/Ljod/app/build.gradle.kts:130:25: Unexpected symbol
e: file:///home/dae/Work/VZ/Ljod/app/build.gradle.kts:130:34: Unexpected symbol
e: file:///home/dae/Work/VZ/Ljod/app/build.gradle.kts:130:35: Unexpected symbol
e: file:///home/dae/Work/VZ/Ljod/app/build.gradle.kts:130:46: Unexpected symbol
e: file:///home/dae/Work/VZ/Ljod/app/build.gradle.kts:131:5: Unexpected symbol
e: file:///home/dae/Work/VZ/Ljod/app/build.gradle.kts:131:19: Unexpected symbol
e: file:///home/dae/Work/VZ/Ljod/app/build.gradle.kts:131:20: Unexpected symbol
e: file:///home/dae/Work/VZ/Ljod/app/build.gradle.kts:131:24: Unexpected symbol
e: file:///home/dae/Work/VZ/Ljod/app/build.gradle.kts:131:25: Unexpected symbol
e: file:///home/dae/Work/VZ/Ljod/app/build.gradle.kts:131:34: Unexpected symbol
e: file:///home/dae/Work/VZ/Ljod/app/build.gradle.kts:132:5: Unexpected symbol
e: file:///home/dae/Work/VZ/Ljod/app/build.gradle.kts:132:19: Unexpected symbol
e: file:///home/dae/Work/VZ/Ljod/app/build.gradle.kts:132:20: Unexpected symbol
e: file:///home/dae/Work/VZ/Ljod/app/build.gradle.kts:132:24: Unexpected symbol
e: file:///home/dae/Work/VZ/Ljod/app/build.gradle.kts:132:25: Unexpected symbol
e: file:///home/dae/Work/VZ/Ljod/app/build.gradle.kts:132:31: Unexpected symbol
e: file:///home/dae/Work/VZ/Ljod/app/build.gradle.kts:133:5: Unexpected symbol
e: file:///home/dae/Work/VZ/Ljod/app/build.gradle.kts:133:19: Unexpected symbol
e: file:///home/dae/Work/VZ/Ljod/app/build.gradle.kts:133:20: Unexpected symbol
e: file:///home/dae/Work/VZ/Ljod/app/build.gradle.kts:133:24: Unexpected symbol
e: file:///home/dae/Work/VZ/Ljod/app/build.gradle.kts:133:25: Unexpected symbol
e: file:///home/dae/Work/VZ/Ljod/app/build.gradle.kts:133:31: Unexpected symbol
e: file:///home/dae/Work/VZ/Ljod/app/build.gradle.kts:133:32: Unexpected symbol
e: file:///home/dae/Work/VZ/Ljod/app/build.gradle.kts:133:41: Unexpected symbol
e: file:///home/dae/Work/VZ/Ljod/app/build.gradle.kts:136:5: Unexpected symbol
e: file:///home/dae/Work/VZ/Ljod/app/build.gradle.kts:136:26: Unexpected symbol
e: file:///home/dae/Work/VZ/Ljod/app/build.gradle.kts:136:27: Unexpected symbol
e: file:///home/dae/Work/VZ/Ljod/app/build.gradle.kts:136:31: Unexpected symbol
e: file:///home/dae/Work/VZ/Ljod/app/build.gradle.kts:136:32: Unexpected symbol
e: file:///home/dae/Work/VZ/Ljod/app/build.gradle.kts:136:39: Unexpected symbol
e: file:///home/dae/Work/VZ/Ljod/app/build.gradle.kts:137:1: Unexpected symbol

FAILURE: Build failed with an exception.

* Where:
Build file '/home/dae/Work/VZ/Ljod/app/build.gradle.kts' line: 69

* What went wrong:
Script compilation errors:

  Line 069: }
            ^ Unexpected symbol

  Line 071: dependencies {
            ^ Unexpected symbol

  Line 071: dependencies {
                         ^ Unexpected symbol

  Line 073:     val composeBom = platform(libs.compose.bom)
                ^ Unexpected symbol

  Line 073:     val composeBom = platform(libs.compose.bom)
                    ^ Unexpected symbol

  Line 073:     val composeBom = platform(libs.compose.bom)
                               ^ Unexpected symbol

  Line 073:     val composeBom = platform(libs.compose.bom)
                                 ^ Unexpected symbol

  Line 073:     val composeBom = platform(libs.compose.bom)
                                         ^ Unexpected symbol

  Line 073:     val composeBom = platform(libs.compose.bom)
                                          ^ Unexpected symbol

  Line 073:     val composeBom = platform(libs.compose.bom)
                                              ^ Unexpected symbol

  Line 073:     val composeBom = platform(libs.compose.bom)
                                               ^ Unexpected symbol

  Line 073:     val composeBom = platform(libs.compose.bom)
                                                      ^ Unexpected symbol

  Line 073:     val composeBom = platform(libs.compose.bom)
                                                       ^ Unexpected symbol

  Line 073:     val composeBom = platform(libs.compose.bom)
                                                          ^ Unexpected symbol

  Line 074:     implementation(composeBom)
                ^ Unexpected symbol

  Line 074:     implementation(composeBom)
                              ^ Unexpected symbol

  Line 074:     implementation(composeBom)
                               ^ Unexpected symbol

  Line 074:     implementation(composeBom)
                                         ^ Unexpected symbol

  Line 075:     implementation(libs.compose.ui)
                ^ Unexpected symbol

  Line 075:     implementation(libs.compose.ui)
                              ^ Unexpected symbol

  Line 075:     implementation(libs.compose.ui)
                               ^ Unexpected symbol

  Line 075:     implementation(libs.compose.ui)
                                   ^ Unexpected symbol

  Line 075:     implementation(libs.compose.ui)
                                    ^ Unexpected symbol

  Line 075:     implementation(libs.compose.ui)
                                           ^ Unexpected symbol

  Line 075:     implementation(libs.compose.ui)
                                            ^ Unexpected symbol

  Line 075:     implementation(libs.compose.ui)
                                              ^ Unexpected symbol

  Line 076:     implementation(libs.compose.ui.graphics)
                ^ Unexpected symbol

  Line 076:     implementation(libs.compose.ui.graphics)
                              ^ Unexpected symbol

  Line 076:     implementation(libs.compose.ui.graphics)
                               ^ Unexpected symbol

  Line 076:     implementation(libs.compose.ui.graphics)
                                   ^ Unexpected symbol

  Line 076:     implementation(libs.compose.ui.graphics)
                                    ^ Unexpected symbol

  Line 076:     implementation(libs.compose.ui.graphics)
                                           ^ Unexpected symbol

  Line 076:     implementation(libs.compose.ui.graphics)
                                            ^ Unexpected symbol

  Line 076:     implementation(libs.compose.ui.graphics)
                                              ^ Unexpected symbol

  Line 076:     implementation(libs.compose.ui.graphics)
                                               ^ Unexpected symbol

  Line 076:     implementation(libs.compose.ui.graphics)
                                                       ^ Unexpected symbol

  Line 077:     implementation(libs.compose.material3)
                ^ Unexpected symbol

  Line 077:     implementation(libs.compose.material3)
                              ^ Unexpected symbol

  Line 077:     implementation(libs.compose.material3)
                               ^ Unexpected symbol

  Line 077:     implementation(libs.compose.material3)
                                   ^ Unexpected symbol

  Line 077:     implementation(libs.compose.material3)
                                    ^ Unexpected symbol

  Line 077:     implementation(libs.compose.material3)
                                           ^ Unexpected symbol

  Line 077:     implementation(libs.compose.material3)
                                            ^ Unexpected symbol

  Line 077:     implementation(libs.compose.material3)
                                                     ^ Unexpected symbol

  Line 078:     implementation(libs.compose.material.icons)
                ^ Unexpected symbol

  Line 078:     implementation(libs.compose.material.icons)
                              ^ Unexpected symbol

  Line 078:     implementation(libs.compose.material.icons)
                               ^ Unexpected symbol

  Line 078:     implementation(libs.compose.material.icons)
                                   ^ Unexpected symbol

  Line 078:     implementation(libs.compose.material.icons)
                                    ^ Unexpected symbol

  Line 078:     implementation(libs.compose.material.icons)
                                           ^ Unexpected symbol

  Line 078:     implementation(libs.compose.material.icons)
                                            ^ Unexpected symbol

  Line 078:     implementation(libs.compose.material.icons)
                                                    ^ Unexpected symbol

  Line 078:     implementation(libs.compose.material.icons)
                                                     ^ Unexpected symbol

  Line 078:     implementation(libs.compose.material.icons)
                                                          ^ Unexpected symbol

  Line 079:     implementation(libs.compose.animation)
                ^ Unexpected symbol

  Line 079:     implementation(libs.compose.animation)
                              ^ Unexpected symbol

  Line 079:     implementation(libs.compose.animation)
                               ^ Unexpected symbol

  Line 079:     implementation(libs.compose.animation)
                                   ^ Unexpected symbol

  Line 079:     implementation(libs.compose.animation)
                                    ^ Unexpected symbol

  Line 079:     implementation(libs.compose.animation)
                                           ^ Unexpected symbol

  Line 079:     implementation(libs.compose.animation)
                                            ^ Unexpected symbol

  Line 079:     implementation(libs.compose.animation)
                                                     ^ Unexpected symbol

  Line 080:     implementation(libs.compose.foundation)
                ^ Unexpected symbol

  Line 080:     implementation(libs.compose.foundation)
                              ^ Unexpected symbol

  Line 080:     implementation(libs.compose.foundation)
                               ^ Unexpected symbol

  Line 080:     implementation(libs.compose.foundation)
                                   ^ Unexpected symbol

  Line 080:     implementation(libs.compose.foundation)
                                    ^ Unexpected symbol

  Line 080:     implementation(libs.compose.foundation)
                                           ^ Unexpected symbol

  Line 080:     implementation(libs.compose.foundation)
                                            ^ Unexpected symbol

  Line 080:     implementation(libs.compose.foundation)
                                                      ^ Unexpected symbol

  Line 081:     debugImplementation(libs.compose.ui.tooling)
                ^ Unexpected symbol

  Line 081:     debugImplementation(libs.compose.ui.tooling)
                                   ^ Unexpected symbol

  Line 081:     debugImplementation(libs.compose.ui.tooling)
                                    ^ Unexpected symbol

  Line 081:     debugImplementation(libs.compose.ui.tooling)
                                        ^ Unexpected symbol

  Line 081:     debugImplementation(libs.compose.ui.tooling)
                                         ^ Unexpected symbol

  Line 081:     debugImplementation(libs.compose.ui.tooling)
                                                ^ Unexpected symbol

  Line 081:     debugImplementation(libs.compose.ui.tooling)
                                                 ^ Unexpected symbol

  Line 081:     debugImplementation(libs.compose.ui.tooling)
                                                   ^ Unexpected symbol

  Line 081:     debugImplementation(libs.compose.ui.tooling)
                                                    ^ Unexpected symbol

  Line 081:     debugImplementation(libs.compose.ui.tooling)
                                                           ^ Unexpected symbol

  Line 084:     implementation(libs.core.ktx)
                ^ Unexpected symbol

  Line 084:     implementation(libs.core.ktx)
                              ^ Unexpected symbol

  Line 084:     implementation(libs.core.ktx)
                               ^ Unexpected symbol

  Line 084:     implementation(libs.core.ktx)
                                   ^ Unexpected symbol

  Line 084:     implementation(libs.core.ktx)
                                    ^ Unexpected symbol

  Line 084:     implementation(libs.core.ktx)
                                        ^ Unexpected symbol

  Line 084:     implementation(libs.core.ktx)
                                         ^ Unexpected symbol

  Line 084:     implementation(libs.core.ktx)
                                            ^ Unexpected symbol

  Line 085:     implementation(libs.activity.compose)
                ^ Unexpected symbol

  Line 085:     implementation(libs.activity.compose)
                              ^ Unexpected symbol

  Line 085:     implementation(libs.activity.compose)
                               ^ Unexpected symbol

  Line 085:     implementation(libs.activity.compose)
                                   ^ Unexpected symbol

  Line 085:     implementation(libs.activity.compose)
                                    ^ Unexpected symbol

  Line 085:     implementation(libs.activity.compose)
                                            ^ Unexpected symbol

  Line 085:     implementation(libs.activity.compose)
                                             ^ Unexpected symbol

  Line 085:     implementation(libs.activity.compose)
                                                    ^ Unexpected symbol

  Line 086:     implementation(libs.lifecycle.runtime)
                ^ Unexpected symbol

  Line 086:     implementation(libs.lifecycle.runtime)
                              ^ Unexpected symbol

  Line 086:     implementation(libs.lifecycle.runtime)
                               ^ Unexpected symbol

  Line 086:     implementation(libs.lifecycle.runtime)
                                   ^ Unexpected symbol

  Line 086:     implementation(libs.lifecycle.runtime)
                                    ^ Unexpected symbol

  Line 086:     implementation(libs.lifecycle.runtime)
                                             ^ Unexpected symbol

  Line 086:     implementation(libs.lifecycle.runtime)
                                              ^ Unexpected symbol

  Line 086:     implementation(libs.lifecycle.runtime)
                                                     ^ Unexpected symbol

  Line 087:     implementation(libs.lifecycle.viewmodel)
                ^ Unexpected symbol

  Line 087:     implementation(libs.lifecycle.viewmodel)
                              ^ Unexpected symbol

  Line 087:     implementation(libs.lifecycle.viewmodel)
                               ^ Unexpected symbol

  Line 087:     implementation(libs.lifecycle.viewmodel)
                                   ^ Unexpected symbol

  Line 087:     implementation(libs.lifecycle.viewmodel)
                                    ^ Unexpected symbol

  Line 087:     implementation(libs.lifecycle.viewmodel)
                                             ^ Unexpected symbol

  Line 087:     implementation(libs.lifecycle.viewmodel)
                                              ^ Unexpected symbol

  Line 087:     implementation(libs.lifecycle.viewmodel)
                                                       ^ Unexpected symbol

  Line 090:     implementation(libs.media3.exoplayer)
                ^ Unexpected symbol

  Line 090:     implementation(libs.media3.exoplayer)
                              ^ Unexpected symbol

  Line 090:     implementation(libs.media3.exoplayer)
                               ^ Unexpected symbol

  Line 090:     implementation(libs.media3.exoplayer)
                                   ^ Unexpected symbol

  Line 090:     implementation(libs.media3.exoplayer)
                                    ^ Unexpected symbol

  Line 090:     implementation(libs.media3.exoplayer)
                                          ^ Unexpected symbol

  Line 090:     implementation(libs.media3.exoplayer)
                                           ^ Unexpected symbol

  Line 090:     implementation(libs.media3.exoplayer)
                                                    ^ Unexpected symbol

  Line 091:     implementation(libs.media3.session)
                ^ Unexpected symbol

  Line 091:     implementation(libs.media3.session)
                              ^ Unexpected symbol

  Line 091:     implementation(libs.media3.session)
                               ^ Unexpected symbol

  Line 091:     implementation(libs.media3.session)
                                   ^ Unexpected symbol

  Line 091:     implementation(libs.media3.session)
                                    ^ Unexpected symbol

  Line 091:     implementation(libs.media3.session)
                                          ^ Unexpected symbol

  Line 091:     implementation(libs.media3.session)
                                           ^ Unexpected symbol

  Line 091:     implementation(libs.media3.session)
                                                  ^ Unexpected symbol

  Line 092:     implementation(libs.media3.common)
                ^ Unexpected symbol

  Line 092:     implementation(libs.media3.common)
                              ^ Unexpected symbol

  Line 092:     implementation(libs.media3.common)
                               ^ Unexpected symbol

  Line 092:     implementation(libs.media3.common)
                                   ^ Unexpected symbol

  Line 092:     implementation(libs.media3.common)
                                    ^ Unexpected symbol

  Line 092:     implementation(libs.media3.common)
                                          ^ Unexpected symbol

  Line 092:     implementation(libs.media3.common)
                                           ^ Unexpected symbol

  Line 092:     implementation(libs.media3.common)
                                                 ^ Unexpected symbol

  Line 095:     implementation(libs.hilt.android)
                ^ Unexpected symbol

  Line 095:     implementation(libs.hilt.android)
                              ^ Unexpected symbol

  Line 095:     implementation(libs.hilt.android)
                               ^ Unexpected symbol

  Line 095:     implementation(libs.hilt.android)
                                   ^ Unexpected symbol

  Line 095:     implementation(libs.hilt.android)
                                    ^ Unexpected symbol

  Line 095:     implementation(libs.hilt.android)
                                        ^ Unexpected symbol

  Line 095:     implementation(libs.hilt.android)
                                         ^ Unexpected symbol

  Line 095:     implementation(libs.hilt.android)
                                                ^ Unexpected symbol

  Line 096:     ksp(libs.hilt.compiler)
                ^ Unexpected symbol

  Line 096:     ksp(libs.hilt.compiler)
                   ^ Unexpected symbol

  Line 096:     ksp(libs.hilt.compiler)
                    ^ Unexpected symbol

  Line 096:     ksp(libs.hilt.compiler)
                        ^ Unexpected symbol

  Line 096:     ksp(libs.hilt.compiler)
                         ^ Unexpected symbol

  Line 096:     ksp(libs.hilt.compiler)
                             ^ Unexpected symbol

  Line 096:     ksp(libs.hilt.compiler)
                              ^ Unexpected symbol

  Line 096:     ksp(libs.hilt.compiler)
                                      ^ Unexpected symbol

  Line 097:     implementation(libs.hilt.navigation)
                ^ Unexpected symbol

  Line 097:     implementation(libs.hilt.navigation)
                              ^ Unexpected symbol

  Line 097:     implementation(libs.hilt.navigation)
                               ^ Unexpected symbol

  Line 097:     implementation(libs.hilt.navigation)
                                   ^ Unexpected symbol

  Line 097:     implementation(libs.hilt.navigation)
                                    ^ Unexpected symbol

  Line 097:     implementation(libs.hilt.navigation)
                                        ^ Unexpected symbol

  Line 097:     implementation(libs.hilt.navigation)
                                         ^ Unexpected symbol

  Line 097:     implementation(libs.hilt.navigation)
                                                   ^ Unexpected symbol

  Line 100:     implementation(libs.room.runtime)
                ^ Unexpected symbol

  Line 100:     implementation(libs.room.runtime)
                              ^ Unexpected symbol

  Line 100:     implementation(libs.room.runtime)
                               ^ Unexpected symbol

  Line 100:     implementation(libs.room.runtime)
                                   ^ Unexpected symbol

  Line 100:     implementation(libs.room.runtime)
                                    ^ Unexpected symbol

  Line 100:     implementation(libs.room.runtime)
                                        ^ Unexpected symbol

  Line 100:     implementation(libs.room.runtime)
                                         ^ Unexpected symbol

  Line 100:     implementation(libs.room.runtime)
                                                ^ Unexpected symbol

  Line 101:     implementation(libs.room.ktx)
                ^ Unexpected symbol

  Line 101:     implementation(libs.room.ktx)
                              ^ Unexpected symbol

  Line 101:     implementation(libs.room.ktx)
                               ^ Unexpected symbol

  Line 101:     implementation(libs.room.ktx)
                                   ^ Unexpected symbol

  Line 101:     implementation(libs.room.ktx)
                                    ^ Unexpected symbol

  Line 101:     implementation(libs.room.ktx)
                                        ^ Unexpected symbol

  Line 101:     implementation(libs.room.ktx)
                                         ^ Unexpected symbol

  Line 101:     implementation(libs.room.ktx)
                                            ^ Unexpected symbol

  Line 102:     ksp(libs.room.compiler)
                ^ Unexpected symbol

  Line 102:     ksp(libs.room.compiler)
                   ^ Unexpected symbol

  Line 102:     ksp(libs.room.compiler)
                    ^ Unexpected symbol

  Line 102:     ksp(libs.room.compiler)
                        ^ Unexpected symbol

  Line 102:     ksp(libs.room.compiler)
                         ^ Unexpected symbol

  Line 102:     ksp(libs.room.compiler)
                             ^ Unexpected symbol

  Line 102:     ksp(libs.room.compiler)
                              ^ Unexpected symbol

  Line 102:     ksp(libs.room.compiler)
                                      ^ Unexpected symbol

  Line 103:     implementation(libs.datastore.preferences)
                ^ Unexpected symbol

  Line 103:     implementation(libs.datastore.preferences)
                              ^ Unexpected symbol

  Line 103:     implementation(libs.datastore.preferences)
                               ^ Unexpected symbol

  Line 103:     implementation(libs.datastore.preferences)
                                   ^ Unexpected symbol

  Line 103:     implementation(libs.datastore.preferences)
                                    ^ Unexpected symbol

  Line 103:     implementation(libs.datastore.preferences)
                                             ^ Unexpected symbol

  Line 103:     implementation(libs.datastore.preferences)
                                              ^ Unexpected symbol

  Line 103:     implementation(libs.datastore.preferences)
                                                         ^ Unexpected symbol

  Line 106:     implementation(libs.timber)
                ^ Unexpected symbol

  Line 106:     implementation(libs.timber)
                              ^ Unexpected symbol

  Line 106:     implementation(libs.timber)
                               ^ Unexpected symbol

  Line 106:     implementation(libs.timber)
                                   ^ Unexpected symbol

  Line 106:     implementation(libs.timber)
                                    ^ Unexpected symbol

  Line 106:     implementation(libs.timber)
                                          ^ Unexpected symbol

  Line 109:     implementation(libs.kotlinx.serialization.json)
                ^ Unexpected symbol

  Line 109:     implementation(libs.kotlinx.serialization.json)
                              ^ Unexpected symbol

  Line 109:     implementation(libs.kotlinx.serialization.json)
                               ^ Unexpected symbol

  Line 109:     implementation(libs.kotlinx.serialization.json)
                                   ^ Unexpected symbol

  Line 109:     implementation(libs.kotlinx.serialization.json)
                                    ^ Unexpected symbol

  Line 109:     implementation(libs.kotlinx.serialization.json)
                                           ^ Unexpected symbol

  Line 109:     implementation(libs.kotlinx.serialization.json)
                                            ^ Unexpected symbol

  Line 109:     implementation(libs.kotlinx.serialization.json)
                                                         ^ Unexpected symbol

  Line 109:     implementation(libs.kotlinx.serialization.json)
                                                          ^ Unexpected symbol

  Line 109:     implementation(libs.kotlinx.serialization.json)
                                                              ^ Unexpected symbol

  Line 110:     implementation(libs.kotlinx.coroutines)
                ^ Unexpected symbol

  Line 110:     implementation(libs.kotlinx.coroutines)
                              ^ Unexpected symbol

  Line 110:     implementation(libs.kotlinx.coroutines)
                               ^ Unexpected symbol

  Line 110:     implementation(libs.kotlinx.coroutines)
                                   ^ Unexpected symbol

  Line 110:     implementation(libs.kotlinx.coroutines)
                                    ^ Unexpected symbol

  Line 110:     implementation(libs.kotlinx.coroutines)
                                           ^ Unexpected symbol

  Line 110:     implementation(libs.kotlinx.coroutines)
                                            ^ Unexpected symbol

  Line 110:     implementation(libs.kotlinx.coroutines)
                                                      ^ Unexpected symbol

  Line 113:     implementation(libs.coil.compose)
                ^ Unexpected symbol

  Line 113:     implementation(libs.coil.compose)
                              ^ Unexpected symbol

  Line 113:     implementation(libs.coil.compose)
                               ^ Unexpected symbol

  Line 113:     implementation(libs.coil.compose)
                                   ^ Unexpected symbol

  Line 113:     implementation(libs.coil.compose)
                                    ^ Unexpected symbol

  Line 113:     implementation(libs.coil.compose)
                                        ^ Unexpected symbol

  Line 113:     implementation(libs.coil.compose)
                                         ^ Unexpected symbol

  Line 113:     implementation(libs.coil.compose)
                                                ^ Unexpected symbol

  Line 114:     implementation(libs.coil.network.okhttp)
                ^ Unexpected symbol

  Line 114:     implementation(libs.coil.network.okhttp)
                              ^ Unexpected symbol

  Line 114:     implementation(libs.coil.network.okhttp)
                               ^ Unexpected symbol

  Line 114:     implementation(libs.coil.network.okhttp)
                                   ^ Unexpected symbol

  Line 114:     implementation(libs.coil.network.okhttp)
                                    ^ Unexpected symbol

  Line 114:     implementation(libs.coil.network.okhttp)
                                        ^ Unexpected symbol

  Line 114:     implementation(libs.coil.network.okhttp)
                                         ^ Unexpected symbol

  Line 114:     implementation(libs.coil.network.okhttp)
                                                ^ Unexpected symbol

  Line 114:     implementation(libs.coil.network.okhttp)
                                                 ^ Unexpected symbol

  Line 114:     implementation(libs.coil.network.okhttp)
                                                       ^ Unexpected symbol

  Line 117:     implementation(libs.okhttp)
                ^ Unexpected symbol

  Line 117:     implementation(libs.okhttp)
                              ^ Unexpected symbol

  Line 117:     implementation(libs.okhttp)
                               ^ Unexpected symbol

  Line 117:     implementation(libs.okhttp)
                                   ^ Unexpected symbol

  Line 117:     implementation(libs.okhttp)
                                    ^ Unexpected symbol

  Line 117:     implementation(libs.okhttp)
                                          ^ Unexpected symbol

  Line 118:     implementation(libs.retrofit)
                ^ Unexpected symbol

  Line 118:     implementation(libs.retrofit)
                              ^ Unexpected symbol

  Line 118:     implementation(libs.retrofit)
                               ^ Unexpected symbol

  Line 118:     implementation(libs.retrofit)
                                   ^ Unexpected symbol

  Line 118:     implementation(libs.retrofit)
                                    ^ Unexpected symbol

  Line 118:     implementation(libs.retrofit)
                                            ^ Unexpected symbol

  Line 119:     implementation(libs.retrofit.kotlinx)
                ^ Unexpected symbol

  Line 119:     implementation(libs.retrofit.kotlinx)
                              ^ Unexpected symbol

  Line 119:     implementation(libs.retrofit.kotlinx)
                               ^ Unexpected symbol

  Line 119:     implementation(libs.retrofit.kotlinx)
                                   ^ Unexpected symbol

  Line 119:     implementation(libs.retrofit.kotlinx)
                                    ^ Unexpected symbol

  Line 119:     implementation(libs.retrofit.kotlinx)
                                            ^ Unexpected symbol

  Line 119:     implementation(libs.retrofit.kotlinx)
                                             ^ Unexpected symbol

  Line 119:     implementation(libs.retrofit.kotlinx)
                                                    ^ Unexpected symbol

  Line 122:     implementation(libs.biometric)
                ^ Unexpected symbol

  Line 122:     implementation(libs.biometric)
                              ^ Unexpected symbol

  Line 122:     implementation(libs.biometric)
                               ^ Unexpected symbol

  Line 122:     implementation(libs.biometric)
                                   ^ Unexpected symbol

  Line 122:     implementation(libs.biometric)
                                    ^ Unexpected symbol

  Line 122:     implementation(libs.biometric)
                                             ^ Unexpected symbol

  Line 123:     implementation(libs.security.crypto)
                ^ Unexpected symbol

  Line 123:     implementation(libs.security.crypto)
                              ^ Unexpected symbol

  Line 123:     implementation(libs.security.crypto)
                               ^ Unexpected symbol

  Line 123:     implementation(libs.security.crypto)
                                   ^ Unexpected symbol

  Line 123:     implementation(libs.security.crypto)
                                    ^ Unexpected symbol

  Line 123:     implementation(libs.security.crypto)
                                            ^ Unexpected symbol

  Line 123:     implementation(libs.security.crypto)
                                             ^ Unexpected symbol

  Line 123:     implementation(libs.security.crypto)
                                                   ^ Unexpected symbol

  Line 126:     implementation(libs.workmanager)
                ^ Unexpected symbol

  Line 126:     implementation(libs.workmanager)
                              ^ Unexpected symbol

  Line 126:     implementation(libs.workmanager)
                               ^ Unexpected symbol

  Line 126:     implementation(libs.workmanager)
                                   ^ Unexpected symbol

  Line 126:     implementation(libs.workmanager)
                                    ^ Unexpected symbol

  Line 126:     implementation(libs.workmanager)
                                               ^ Unexpected symbol

  Line 127:     implementation(libs.fragment.compose)
                ^ Unexpected symbol

  Line 127:     implementation(libs.fragment.compose)
                              ^ Unexpected symbol

  Line 127:     implementation(libs.fragment.compose)
                               ^ Unexpected symbol

  Line 127:     implementation(libs.fragment.compose)
                                   ^ Unexpected symbol

  Line 127:     implementation(libs.fragment.compose)
                                    ^ Unexpected symbol

  Line 127:     implementation(libs.fragment.compose)
                                            ^ Unexpected symbol

  Line 127:     implementation(libs.fragment.compose)
                                             ^ Unexpected symbol

  Line 127:     implementation(libs.fragment.compose)
                                                    ^ Unexpected symbol

  Line 130:     implementation(libs.datastore.preferences)
                ^ Unexpected symbol

  Line 130:     implementation(libs.datastore.preferences)
                              ^ Unexpected symbol

  Line 130:     implementation(libs.datastore.preferences)
                               ^ Unexpected symbol

  Line 130:     implementation(libs.datastore.preferences)
                                   ^ Unexpected symbol

  Line 130:     implementation(libs.datastore.preferences)
                                    ^ Unexpected symbol

  Line 130:     implementation(libs.datastore.preferences)
                                             ^ Unexpected symbol

  Line 130:     implementation(libs.datastore.preferences)
                                              ^ Unexpected symbol

  Line 130:     implementation(libs.datastore.preferences)
                                                         ^ Unexpected symbol

  Line 131:     implementation(libs.datastore)
                ^ Unexpected symbol

  Line 131:     implementation(libs.datastore)
                              ^ Unexpected symbol

  Line 131:     implementation(libs.datastore)
                               ^ Unexpected symbol

  Line 131:     implementation(libs.datastore)
                                   ^ Unexpected symbol

  Line 131:     implementation(libs.datastore)
                                    ^ Unexpected symbol

  Line 131:     implementation(libs.datastore)
                                             ^ Unexpected symbol

  Line 132:     implementation(libs.glance)
                ^ Unexpected symbol

  Line 132:     implementation(libs.glance)
                              ^ Unexpected symbol

  Line 132:     implementation(libs.glance)
                               ^ Unexpected symbol

  Line 132:     implementation(libs.glance)
                                   ^ Unexpected symbol

  Line 132:     implementation(libs.glance)
                                    ^ Unexpected symbol

  Line 132:     implementation(libs.glance)
                                          ^ Unexpected symbol

  Line 133:     implementation(libs.glance.material3)
                ^ Unexpected symbol

  Line 133:     implementation(libs.glance.material3)
                              ^ Unexpected symbol

  Line 133:     implementation(libs.glance.material3)
                               ^ Unexpected symbol

  Line 133:     implementation(libs.glance.material3)
                                   ^ Unexpected symbol

  Line 133:     implementation(libs.glance.material3)
                                    ^ Unexpected symbol

  Line 133:     implementation(libs.glance.material3)
                                          ^ Unexpected symbol

  Line 133:     implementation(libs.glance.material3)
                                           ^ Unexpected symbol

  Line 133:     implementation(libs.glance.material3)
                                                    ^ Unexpected symbol

  Line 136:     coreLibraryDesugaring(libs.desugar)
                ^ Unexpected symbol

  Line 136:     coreLibraryDesugaring(libs.desugar)
                                     ^ Unexpected symbol

  Line 136:     coreLibraryDesugaring(libs.desugar)
                                      ^ Unexpected symbol

  Line 136:     coreLibraryDesugaring(libs.desugar)
                                          ^ Unexpected symbol

  Line 136:     coreLibraryDesugaring(libs.desugar)
                                           ^ Unexpected symbol

  Line 136:     coreLibraryDesugaring(libs.desugar)
                                                  ^ Unexpected symbol

  Line 137: }
            ^ Unexpected symbol

317 errors

* Try:
> Run with --stacktrace option to get the stack trace.
> Run with --info or --debug option to get more log output.
> Run with --scan to get full insights from a Build Scan (powered by Develocity).
> Get more help at https://help.gradle.org.

BUILD FAILED in 1s
[ERROR] async     TOOLING API: Error fetching model: Could not fetch model of type 'EclipseProject' using connection to Gradle distribution 'https://services.gradle.org/distributions/gradle-9.7.1-bin.zip'.
[ERROR] async     TOOLING API: EXCEPTION during resolution for /home/dae/Work/VZ/Ljod/app: Could not fetch model of type 'EclipseProject' using connection to Gradle distribution 'https://services.gradle.org/distributions/gradle-9.7.1-bin.zip'.
[WARN] async     TOOLING API: Falling back to CLI for /home/dae/Work/VZ/Ljod/app
[ERROR] async     CLI: Gradle task FAILED: e: file:///home/dae/Work/VZ/Ljod/app/build.gradle.kts:69:1: Unexpected symbol
e: file:///home/dae/Work/VZ/Ljod/app/build.gradle.kts:71:1: Unexpected symbol
e: file:///home/dae/Work/VZ/Ljod/app/build.gradle.kts:71:14: Unexpected symbol
e: file:///home/dae/Work/VZ/Ljod/app/build.gradle.kts:73:5: Unexpected symbol
e: file:///home/dae/Work/VZ/Ljod/app/build.gradle.kts:73:9: Unexpected symbol
e: file:///home/dae/Work/VZ/Ljod/app/build.gradle.kts:73:20: Unexpected symbol
e: file:///home/dae/Work/VZ/Ljod/app/build.gradle.kts:73:22: Unexpected symbol
e: file:///home/dae/Work/VZ/Ljod/app/build.gradle.kts:73:30: Unexpected symbol
e: file:///home/dae/Work/VZ/Ljod/app/build.gradle.kts:73:31: Unexpected symbol
e: file:///home/dae/Work/VZ/Ljod/app/build.gradle.kts:73:35: Unexpected symbol
e: file:///home/dae/Work/VZ/Ljod/app/build.gradle.kts:73:36: Unexpected symbol
e: file:///home/dae/Work/VZ/Ljod/app/build.gradle.kts:73:43: Unexpected symbol
e: file:///home/dae/Work/VZ/Ljod/app/build.gradle.kts:73:44: Unexpected symbol
e: file:///home/dae/Work/VZ/Ljod/app/build.gradle.kts:73:47: Unexpected symbol
e: file:///home/dae/Work/VZ/Ljod/app/build.gradle.kts:74:5: Unexpected symbol
e: file:///home/dae/Work/VZ/Ljod/app/build.gradle.kts:74:19: Unexpected symbol
e: file:///home/dae/Work/VZ/Ljod/app/build.gradle.kts:74:20: Unexpected symbol
e: file:///home/dae/Work/VZ/Ljod/app/build.gradle.kts:74:30: Unexpected symbol
e: file:///home/dae/Work/VZ/Ljod/app/build.gradle.kts:75:5: Unexpected symbol
e: file:///home/dae/Work/VZ/Ljod/app/build.gradle.kts:75:19: Unexpected symbol
e: file:///home/dae/Work/VZ/Ljod/app/build.gradle.kts:75:20: Unexpected symbol
e: file:///home/dae/Work/VZ/Ljod/app/build.gradle.kts:75:24: Unexpected symbol
e: file:///home/dae/Work/VZ/Ljod/app/build.gradle.kts:75:25: Unexpected symbol
e: file:///home/dae/Work/VZ/Ljod/app/build.gradle.kts:75:32: Unexpected symbol
e: file:///home/dae/Work/VZ/Ljod/app/build.gradle.kts:75:33: Unexpected symbol
e: file:///home/dae/Work/VZ/Ljod/app/build.gradle.kts:75:35: Unexpected symbol
e: file:///home/dae/Work/VZ/Ljod/app/build.gradle.kts:76:5: Unexpected symbol
e: file:///home/dae/Work/VZ/Ljod/app/build.gradle.kts:76:19: Unexpected symbol
e: file:///home/dae/Work/VZ/Ljod/app/build.gradle.kts:76:20: Unexpected symbol
e: file:///home/dae/Work/VZ/Ljod/app/build.gradle.kts:76:24: Unexpected symbol
e: file:///home/dae/Work/VZ/Ljod/app/build.gradle.kts:76:25: Unexpected symbol
e: file:///home/dae/Work/VZ/Ljod/app/build.gradle.kts:76:32: Unexpected symbol
e: file:///home/dae/Work/VZ/Ljod/app/build.gradle.kts:76:33: Unexpected symbol
e: file:///home/dae/Work/VZ/Ljod/app/build.gradle.kts:76:35: Unexpected symbol
e: file:///home/dae/Work/VZ/Ljod/app/build.gradle.kts:76:36: Unexpected symbol
e: file:///home/dae/Work/VZ/Ljod/app/build.gradle.kts:76:44: Unexpected symbol
e: file:///home/dae/Work/VZ/Ljod/app/build.gradle.kts:77:5: Unexpected symbol
e: file:///home/dae/Work/VZ/Ljod/app/build.gradle.kts:77:19: Unexpected symbol
e: file:///home/dae/Work/VZ/Ljod/app/build.gradle.kts:77:20: Unexpected symbol
e: file:///home/dae/Work/VZ/Ljod/app/build.gradle.kts:77:24: Unexpected symbol
e: file:///home/dae/Work/VZ/Ljod/app/build.gradle.kts:77:25: Unexpected symbol
e: file:///home/dae/Work/VZ/Ljod/app/build.gradle.kts:77:32: Unexpected symbol
e: file:///home/dae/Work/VZ/Ljod/app/build.gradle.kts:77:33: Unexpected symbol
e: file:///home/dae/Work/VZ/Ljod/app/build.gradle.kts:77:42: Unexpected symbol
e: file:///home/dae/Work/VZ/Ljod/app/build.gradle.kts:78:5: Unexpected symbol
e: file:///home/dae/Work/VZ/Ljod/app/build.gradle.kts:78:19: Unexpected symbol
e: file:///home/dae/Work/VZ/Ljod/app/build.gradle.kts:78:20: Unexpected symbol
e: file:///home/dae/Work/VZ/Ljod/app/build.gradle.kts:78:24: Unexpected symbol
e: file:///home/dae/Work/VZ/Ljod/app/build.gradle.kts:78:25: Unexpected symbol
e: file:///home/dae/Work/VZ/Ljod/app/build.gradle.kts:78:32: Unexpected symbol
e: file:///home/dae/Work/VZ/Ljod/app/build.gradle.kts:78:33: Unexpected symbol
e: file:///home/dae/Work/VZ/Ljod/app/build.gradle.kts:78:41: Unexpected symbol
e: file:///home/dae/Work/VZ/Ljod/app/build.gradle.kts:78:42: Unexpected symbol
e: file:///home/dae/Work/VZ/Ljod/app/build.gradle.kts:78:47: Unexpected symbol
e: file:///home/dae/Work/VZ/Ljod/app/build.gradle.kts:79:5: Unexpected symbol
e: file:///home/dae/Work/VZ/Ljod/app/build.gradle.kts:79:19: Unexpected symbol
e: file:///home/dae/Work/VZ/Ljod/app/build.gradle.kts:79:20: Unexpected symbol
e: file:///home/dae/Work/VZ/Ljod/app/build.gradle.kts:79:24: Unexpected symbol
e: file:///home/dae/Work/VZ/Ljod/app/build.gradle.kts:79:25: Unexpected symbol
e: file:///home/dae/Work/VZ/Ljod/app/build.gradle.kts:79:32: Unexpected symbol
e: file:///home/dae/Work/VZ/Ljod/app/build.gradle.kts:79:33: Unexpected symbol
e: file:///home/dae/Work/VZ/Ljod/app/build.gradle.kts:79:42: Unexpected symbol
e: file:///home/dae/Work/VZ/Ljod/app/build.gradle.kts:80:5: Unexpected symbol
e: file:///home/dae/Work/VZ/Ljod/app/build.gradle.kts:80:19: Unexpected symbol
e: file:///home/dae/Work/VZ/Ljod/app/build.gradle.kts:80:20: Unexpected symbol
e: file:///home/dae/Work/VZ/Ljod/app/build.gradle.kts:80:24: Unexpected symbol
e: file:///home/dae/Work/VZ/Ljod/app/build.gradle.kts:80:25: Unexpected symbol
e: file:///home/dae/Work/VZ/Ljod/app/build.gradle.kts:80:32: Unexpected symbol
e: file:///home/dae/Work/VZ/Ljod/app/build.gradle.kts:80:33: Unexpected symbol
e: file:///home/dae/Work/VZ/Ljod/app/build.gradle.kts:80:43: Unexpected symbol
e: file:///home/dae/Work/VZ/Ljod/app/build.gradle.kts:81:5: Unexpected symbol
e: file:///home/dae/Work/VZ/Ljod/app/build.gradle.kts:81:24: Unexpected symbol
e: file:///home/dae/Work/VZ/Ljod/app/build.gradle.kts:81:25: Unexpected symbol
e: file:///home/dae/Work/VZ/Ljod/app/build.gradle.kts:81:29: Unexpected symbol
e: file:///home/dae/Work/VZ/Ljod/app/build.gradle.kts:81:30: Unexpected symbol
e: file:///home/dae/Work/VZ/Ljod/app/build.gradle.kts:81:37: Unexpected symbol
e: file:///home/dae/Work/VZ/Ljod/app/build.gradle.kts:81:38: Unexpected symbol
e: file:///home/dae/Work/VZ/Ljod/app/build.gradle.kts:81:40: Unexpected symbol
e: file:///home/dae/Work/VZ/Ljod/app/build.gradle.kts:81:41: Unexpected symbol
e: file:///home/dae/Work/VZ/Ljod/app/build.gradle.kts:81:48: Unexpected symbol
e: file:///home/dae/Work/VZ/Ljod/app/build.gradle.kts:84:5: Unexpected symbol
e: file:///home/dae/Work/VZ/Ljod/app/build.gradle.kts:84:19: Unexpected symbol
e: file:///home/dae/Work/VZ/Ljod/app/build.gradle.kts:84:20: Unexpected symbol
e: file:///home/dae/Work/VZ/Ljod/app/build.gradle.kts:84:24: Unexpected symbol
e: file:///home/dae/Work/VZ/Ljod/app/build.gradle.kts:84:25: Unexpected symbol
e: file:///home/dae/Work/VZ/Ljod/app/build.gradle.kts:84:29: Unexpected symbol
e: file:///home/dae/Work/VZ/Ljod/app/build.gradle.kts:84:30: Unexpected symbol
e: file:///home/dae/Work/VZ/Ljod/app/build.gradle.kts:84:33: Unexpected symbol
e: file:///home/dae/Work/VZ/Ljod/app/build.gradle.kts:85:5: Unexpected symbol
e: file:///home/dae/Work/VZ/Ljod/app/build.gradle.kts:85:19: Unexpected symbol
e: file:///home/dae/Work/VZ/Ljod/app/build.gradle.kts:85:20: Unexpected symbol
e: file:///home/dae/Work/VZ/Ljod/app/build.gradle.kts:85:24: Unexpected symbol
e: file:///home/dae/Work/VZ/Ljod/app/build.gradle.kts:85:25: Unexpected symbol
e: file:///home/dae/Work/VZ/Ljod/app/build.gradle.kts:85:33: Unexpected symbol
e: file:///home/dae/Work/VZ/Ljod/app/build.gradle.kts:85:34: Unexpected symbol
e: file:///home/dae/Work/VZ/Ljod/app/build.gradle.kts:85:41: Unexpected symbol
e: file:///home/dae/Work/VZ/Ljod/app/build.gradle.kts:86:5: Unexpected symbol
e: file:///home/dae/Work/VZ/Ljod/app/build.gradle.kts:86:19: Unexpected symbol
e: file:///home/dae/Work/VZ/Ljod/app/build.gradle.kts:86:20: Unexpected symbol
e: file:///home/dae/Work/VZ/Ljod/app/build.gradle.kts:86:24: Unexpected symbol
e: file:///home/dae/Work/VZ/Ljod/app/build.gradle.kts:86:25: Unexpected symbol
e: file:///home/dae/Work/VZ/Ljod/app/build.gradle.kts:86:34: Unexpected symbol
e: file:///home/dae/Work/VZ/Ljod/app/build.gradle.kts:86:35: Unexpected symbol
e: file:///home/dae/Work/VZ/Ljod/app/build.gradle.kts:86:42: Unexpected symbol
e: file:///home/dae/Work/VZ/Ljod/app/build.gradle.kts:87:5: Unexpected symbol
e: file:///home/dae/Work/VZ/Ljod/app/build.gradle.kts:87:19: Unexpected symbol
e: file:///home/dae/Work/VZ/Ljod/app/build.gradle.kts:87:20: Unexpected symbol
e: file:///home/dae/Work/VZ/Ljod/app/build.gradle.kts:87:24: Unexpected symbol
e: file:///home/dae/Work/VZ/Ljod/app/build.gradle.kts:87:25: Unexpected symbol
e: file:///home/dae/Work/VZ/Ljod/app/build.gradle.kts:87:34: Unexpected symbol
e: file:///home/dae/Work/VZ/Ljod/app/build.gradle.kts:87:35: Unexpected symbol
e: file:///home/dae/Work/VZ/Ljod/app/build.gradle.kts:87:44: Unexpected symbol
e: file:///home/dae/Work/VZ/Ljod/app/build.gradle.kts:90:5: Unexpected symbol
e: file:///home/dae/Work/VZ/Ljod/app/build.gradle.kts:90:19: Unexpected symbol
e: file:///home/dae/Work/VZ/Ljod/app/build.gradle.kts:90:20: Unexpected symbol
e: file:///home/dae/Work/VZ/Ljod/app/build.gradle.kts:90:24: Unexpected symbol
e: file:///home/dae/Work/VZ/Ljod/app/build.gradle.kts:90:25: Unexpected symbol
e: file:///home/dae/Work/VZ/Ljod/app/build.gradle.kts:90:31: Unexpected symbol
e: file:///home/dae/Work/VZ/Ljod/app/build.gradle.kts:90:32: Unexpected symbol
e: file:///home/dae/Work/VZ/Ljod/app/build.gradle.kts:90:41: Unexpected symbol
e: file:///home/dae/Work/VZ/Ljod/app/build.gradle.kts:91:5: Unexpected symbol
e: file:///home/dae/Work/VZ/Ljod/app/build.gradle.kts:91:19: Unexpected symbol
e: file:///home/dae/Work/VZ/Ljod/app/build.gradle.kts:91:20: Unexpected symbol
e: file:///home/dae/Work/VZ/Ljod/app/build.gradle.kts:91:24: Unexpected symbol
e: file:///home/dae/Work/VZ/Ljod/app/build.gradle.kts:91:25: Unexpected symbol
e: file:///home/dae/Work/VZ/Ljod/app/build.gradle.kts:91:31: Unexpected symbol
e: file:///home/dae/Work/VZ/Ljod/app/build.gradle.kts:91:32: Unexpected symbol
e: file:///home/dae/Work/VZ/Ljod/app/build.gradle.kts:91:39: Unexpected symbol
e: file:///home/dae/Work/VZ/Ljod/app/build.gradle.kts:92:5: Unexpected symbol
e: file:///home/dae/Work/VZ/Ljod/app/build.gradle.kts:92:19: Unexpected symbol
e: file:///home/dae/Work/VZ/Ljod/app/build.gradle.kts:92:20: Unexpected symbol
e: file:///home/dae/Work/VZ/Ljod/app/build.gradle.kts:92:24: Unexpected symbol
e: file:///home/dae/Work/VZ/Ljod/app/build.gradle.kts:92:25: Unexpected symbol
e: file:///home/dae/Work/VZ/Ljod/app/build.gradle.kts:92:31: Unexpected symbol
e: file:///home/dae/Work/VZ/Ljod/app/build.gradle.kts:92:32: Unexpected symbol
e: file:///home/dae/Work/VZ/Ljod/app/build.gradle.kts:92:38: Unexpected symbol
e: file:///home/dae/Work/VZ/Ljod/app/build.gradle.kts:95:5: Unexpected symbol
e: file:///home/dae/Work/VZ/Ljod/app/build.gradle.kts:95:19: Unexpected symbol
e: file:///home/dae/Work/VZ/Ljod/app/build.gradle.kts:95:20: Unexpected symbol
e: file:///home/dae/Work/VZ/Ljod/app/build.gradle.kts:95:24: Unexpected symbol
e: file:///home/dae/Work/VZ/Ljod/app/build.gradle.kts:95:25: Unexpected symbol
e: file:///home/dae/Work/VZ/Ljod/app/build.gradle.kts:95:29: Unexpected symbol
e: file:///home/dae/Work/VZ/Ljod/app/build.gradle.kts:95:30: Unexpected symbol
e: file:///home/dae/Work/VZ/Ljod/app/build.gradle.kts:95:37: Unexpected symbol
e: file:///home/dae/Work/VZ/Ljod/app/build.gradle.kts:96:5: Unexpected symbol
e: file:///home/dae/Work/VZ/Ljod/app/build.gradle.kts:96:8: Unexpected symbol
e: file:///home/dae/Work/VZ/Ljod/app/build.gradle.kts:96:9: Unexpected symbol
e: file:///home/dae/Work/VZ/Ljod/app/build.gradle.kts:96:13: Unexpected symbol
e: file:///home/dae/Work/VZ/Ljod/app/build.gradle.kts:96:14: Unexpected symbol
e: file:///home/dae/Work/VZ/Ljod/app/build.gradle.kts:96:18: Unexpected symbol
e: file:///home/dae/Work/VZ/Ljod/app/build.gradle.kts:96:19: Unexpected symbol
e: file:///home/dae/Work/VZ/Ljod/app/build.gradle.kts:96:27: Unexpected symbol
e: file:///home/dae/Work/VZ/Ljod/app/build.gradle.kts:97:5: Unexpected symbol
e: file:///home/dae/Work/VZ/Ljod/app/build.gradle.kts:97:19: Unexpected symbol
e: file:///home/dae/Work/VZ/Ljod/app/build.gradle.kts:97:20: Unexpected symbol
e: file:///home/dae/Work/VZ/Ljod/app/build.gradle.kts:97:24: Unexpected symbol
e: file:///home/dae/Work/VZ/Ljod/app/build.gradle.kts:97:25: Unexpected symbol
e: file:///home/dae/Work/VZ/Ljod/app/build.gradle.kts:97:29: Unexpected symbol
e: file:///home/dae/Work/VZ/Ljod/app/build.gradle.kts:97:30: Unexpected symbol
e: file:///home/dae/Work/VZ/Ljod/app/build.gradle.kts:97:40: Unexpected symbol
e: file:///home/dae/Work/VZ/Ljod/app/build.gradle.kts:100:5: Unexpected symbol
e: file:///home/dae/Work/VZ/Ljod/app/build.gradle.kts:100:19: Unexpected symbol
e: file:///home/dae/Work/VZ/Ljod/app/build.gradle.kts:100:20: Unexpected symbol
e: file:///home/dae/Work/VZ/Ljod/app/build.gradle.kts:100:24: Unexpected symbol
e: file:///home/dae/Work/VZ/Ljod/app/build.gradle.kts:100:25: Unexpected symbol
e: file:///home/dae/Work/VZ/Ljod/app/build.gradle.kts:100:29: Unexpected symbol
e: file:///home/dae/Work/VZ/Ljod/app/build.gradle.kts:100:30: Unexpected symbol
e: file:///home/dae/Work/VZ/Ljod/app/build.gradle.kts:100:37: Unexpected symbol
e: file:///home/dae/Work/VZ/Ljod/app/build.gradle.kts:101:5: Unexpected symbol
e: file:///home/dae/Work/VZ/Ljod/app/build.gradle.kts:101:19: Unexpected symbol
e: file:///home/dae/Work/VZ/Ljod/app/build.gradle.kts:101:20: Unexpected symbol
e: file:///home/dae/Work/VZ/Ljod/app/build.gradle.kts:101:24: Unexpected symbol
e: file:///home/dae/Work/VZ/Ljod/app/build.gradle.kts:101:25: Unexpected symbol
e: file:///home/dae/Work/VZ/Ljod/app/build.gradle.kts:101:29: Unexpected symbol
e: file:///home/dae/Work/VZ/Ljod/app/build.gradle.kts:101:30: Unexpected symbol
e: file:///home/dae/Work/VZ/Ljod/app/build.gradle.kts:101:33: Unexpected symbol
e: file:///home/dae/Work/VZ/Ljod/app/build.gradle.kts:102:5: Unexpected symbol
e: file:///home/dae/Work/VZ/Ljod/app/build.gradle.kts:102:8: Unexpected symbol
e: file:///home/dae/Work/VZ/Ljod/app/build.gradle.kts:102:9: Unexpected symbol
e: file:///home/dae/Work/VZ/Ljod/app/build.gradle.kts:102:13: Unexpected symbol
e: file:///home/dae/Work/VZ/Ljod/app/build.gradle.kts:102:14: Unexpected symbol
e: file:///home/dae/Work/VZ/Ljod/app/build.gradle.kts:102:18: Unexpected symbol
e: file:///home/dae/Work/VZ/Ljod/app/build.gradle.kts:102:19: Unexpected symbol
e: file:///home/dae/Work/VZ/Ljod/app/build.gradle.kts:102:27: Unexpected symbol
e: file:///home/dae/Work/VZ/Ljod/app/build.gradle.kts:103:5: Unexpected symbol
e: file:///home/dae/Work/VZ/Ljod/app/build.gradle.kts:103:19: Unexpected symbol
e: file:///home/dae/Work/VZ/Ljod/app/build.gradle.kts:103:20: Unexpected symbol
e: file:///home/dae/Work/VZ/Ljod/app/build.gradle.kts:103:24: Unexpected symbol
e: file:///home/dae/Work/VZ/Ljod/app/build.gradle.kts:103:25: Unexpected symbol
e: file:///home/dae/Work/VZ/Ljod/app/build.gradle.kts:103:34: Unexpected symbol
e: file:///home/dae/Work/VZ/Ljod/app/build.gradle.kts:103:35: Unexpected symbol
e: file:///home/dae/Work/VZ/Ljod/app/build.gradle.kts:103:46: Unexpected symbol
e: file:///home/dae/Work/VZ/Ljod/app/build.gradle.kts:106:5: Unexpected symbol
e: file:///home/dae/Work/VZ/Ljod/app/build.gradle.kts:106:19: Unexpected symbol
e: file:///home/dae/Work/VZ/Ljod/app/build.gradle.kts:106:20: Unexpected symbol
e: file:///home/dae/Work/VZ/Ljod/app/build.gradle.kts:106:24: Unexpected symbol
e: file:///home/dae/Work/VZ/Ljod/app/build.gradle.kts:106:25: Unexpected symbol
e: file:///home/dae/Work/VZ/Ljod/app/build.gradle.kts:106:31: Unexpected symbol
e: file:///home/dae/Work/VZ/Ljod/app/build.gradle.kts:109:5: Unexpected symbol
e: file:///home/dae/Work/VZ/Ljod/app/build.gradle.kts:109:19: Unexpected symbol
e: file:///home/dae/Work/VZ/Ljod/app/build.gradle.kts:109:20: Unexpected symbol
e: file:///home/dae/Work/VZ/Ljod/app/build.gradle.kts:109:24: Unexpected symbol
e: file:///home/dae/Work/VZ/Ljod/app/build.gradle.kts:109:25: Unexpected symbol
e: file:///home/dae/Work/VZ/Ljod/app/build.gradle.kts:109:32: Unexpected symbol
e: file:///home/dae/Work/VZ/Ljod/app/build.gradle.kts:109:33: Unexpected symbol
e: file:///home/dae/Work/VZ/Ljod/app/build.gradle.kts:109:46: Unexpected symbol
e: file:///home/dae/Work/VZ/Ljod/app/build.gradle.kts:109:47: Unexpected symbol
e: file:///home/dae/Work/VZ/Ljod/app/build.gradle.kts:109:51: Unexpected symbol
e: file:///home/dae/Work/VZ/Ljod/app/build.gradle.kts:110:5: Unexpected symbol
e: file:///home/dae/Work/VZ/Ljod/app/build.gradle.kts:110:19: Unexpected symbol
e: file:///home/dae/Work/VZ/Ljod/app/build.gradle.kts:110:20: Unexpected symbol
e: file:///home/dae/Work/VZ/Ljod/app/build.gradle.kts:110:24: Unexpected symbol
e: file:///home/dae/Work/VZ/Ljod/app/build.gradle.kts:110:25: Unexpected symbol
e: file:///home/dae/Work/VZ/Ljod/app/build.gradle.kts:110:32: Unexpected symbol
e: file:///home/dae/Work/VZ/Ljod/app/build.gradle.kts:110:33: Unexpected symbol
e: file:///home/dae/Work/VZ/Ljod/app/build.gradle.kts:110:43: Unexpected symbol
e: file:///home/dae/Work/VZ/Ljod/app/build.gradle.kts:113:5: Unexpected symbol
e: file:///home/dae/Work/VZ/Ljod/app/build.gradle.kts:113:19: Unexpected symbol
e: file:///home/dae/Work/VZ/Ljod/app/build.gradle.kts:113:20: Unexpected symbol
e: file:///home/dae/Work/VZ/Ljod/app/build.gradle.kts:113:24: Unexpected symbol
e: file:///home/dae/Work/VZ/Ljod/app/build.gradle.kts:113:25: Unexpected symbol
e: file:///home/dae/Work/VZ/Ljod/app/build.gradle.kts:113:29: Unexpected symbol
e: file:///home/dae/Work/VZ/Ljod/app/build.gradle.kts:113:30: Unexpected symbol
e: file:///home/dae/Work/VZ/Ljod/app/build.gradle.kts:113:37: Unexpected symbol
e: file:///home/dae/Work/VZ/Ljod/app/build.gradle.kts:114:5: Unexpected symbol
e: file:///home/dae/Work/VZ/Ljod/app/build.gradle.kts:114:19: Unexpected symbol
e: file:///home/dae/Work/VZ/Ljod/app/build.gradle.kts:114:20: Unexpected symbol
e: file:///home/dae/Work/VZ/Ljod/app/build.gradle.kts:114:24: Unexpected symbol
e: file:///home/dae/Work/VZ/Ljod/app/build.gradle.kts:114:25: Unexpected symbol
e: file:///home/dae/Work/VZ/Ljod/app/build.gradle.kts:114:29: Unexpected symbol
e: file:///home/dae/Work/VZ/Ljod/app/build.gradle.kts:114:30: Unexpected symbol
e: file:///home/dae/Work/VZ/Ljod/app/build.gradle.kts:114:37: Unexpected symbol
e: file:///home/dae/Work/VZ/Ljod/app/build.gradle.kts:114:38: Unexpected symbol
e: file:///home/dae/Work/VZ/Ljod/app/build.gradle.kts:114:44: Unexpected symbol
e: file:///home/dae/Work/VZ/Ljod/app/build.gradle.kts:117:5: Unexpected symbol
e: file:///home/dae/Work/VZ/Ljod/app/build.gradle.kts:117:19: Unexpected symbol
e: file:///home/dae/Work/VZ/Ljod/app/build.gradle.kts:117:20: Unexpected symbol
e: file:///home/dae/Work/VZ/Ljod/app/build.gradle.kts:117:24: Unexpected symbol
e: file:///home/dae/Work/VZ/Ljod/app/build.gradle.kts:117:25: Unexpected symbol
e: file:///home/dae/Work/VZ/Ljod/app/build.gradle.kts:117:31: Unexpected symbol
e: file:///home/dae/Work/VZ/Ljod/app/build.gradle.kts:118:5: Unexpected symbol
e: file:///home/dae/Work/VZ/Ljod/app/build.gradle.kts:118:19: Unexpected symbol
e: file:///home/dae/Work/VZ/Ljod/app/build.gradle.kts:118:20: Unexpected symbol
e: file:///home/dae/Work/VZ/Ljod/app/build.gradle.kts:118:24: Unexpected symbol
e: file:///home/dae/Work/VZ/Ljod/app/build.gradle.kts:118:25: Unexpected symbol
e: file:///home/dae/Work/VZ/Ljod/app/build.gradle.kts:118:31: Unexpected symbol
e: file:///home/dae/Work/VZ/Ljod/app/build.gradle.kts:118:32: Unexpected symbol
e: file:///home/dae/Work/VZ/Ljod/app/build.gradle.kts:118:39: Unexpected symbol
e: file:///home/dae/Work/VZ/Ljod/app/build.gradle.kts:119:5: Unexpected symbol
e: file:///home/dae/Work/VZ/Ljod/app/build.gradle.kts:119:19: Unexpected symbol
e: file:///home/dae/Work/VZ/Ljod/app/build.gradle.kts:119:20: Unexpected symbol
e: file:///home/dae/Work/VZ/Ljod/app/build.gradle.kts:119:24: Unexpected symbol
e: file:///home/dae/Work/VZ/Ljod/app/build.gradle.kts:119:25: Unexpected symbol
e: file:///home/dae/Work/VZ/Ljod/app/build.gradle.kts:119:33: Unexpected symbol
e: file:///home/dae/Work/VZ/Ljod/app/build.gradle.kts:120:5: Unexpected symbol
e: file:///home/dae/Work/VZ/Ljod/app/build.gradle.kts:120:19: Unexpected symbol
e: file:///home/dae/Work/VZ/Ljod/app/build.gradle.kts:120:20: Unexpected symbol
e: file:///home/dae/Work/VZ/Ljod/app/build.gradle.kts:120:24: Unexpected symbol
e: file:///home/dae/Work/VZ/Ljod/app/build.gradle.kts:120:25: Unexpected symbol
e: file:///home/dae/Work/VZ/Ljod/app/build.gradle.kts:120:33: Unexpected symbol
e: file:///home/dae/Work/VZ/Ljod/app/build.gradle.kts:120:34: Unexpected symbol
e: file:///home/dae/Work/VZ/Ljod/app/build.gradle.kts:120:41: Unexpected symbol
e: file:///home/dae/Work/VZ/Ljod/app/build.gradle.kts:123:5: Unexpected symbol
e: file:///home/dae/Work/VZ/Ljod/app/build.gradle.kts:123:19: Unexpected symbol
e: file:///home/dae/Work/VZ/Ljod/app/build.gradle.kts:123:20: Unexpected symbol
e: file:///home/dae/Work/VZ/Ljod/app/build.gradle.kts:123:24: Unexpected symbol
e: file:///home/dae/Work/VZ/Ljod/app/build.gradle.kts:123:25: Unexpected symbol
e: file:///home/dae/Work/VZ/Ljod/app/build.gradle.kts:123:34: Unexpected symbol
e: file:///home/dae/Work/VZ/Ljod/app/build.gradle.kts:124:5: Unexpected symbol
e: file:///home/dae/Work/VZ/Ljod/app/build.gradle.kts:124:19: Unexpected symbol
e: file:///home/dae/Work/VZ/Ljod/app/build.gradle.kts:124:20: Unexpected symbol
e: file:///home/dae/Work/VZ/Ljod/app/build.gradle.kts:124:24: Unexpected symbol
e: file:///home/dae/Work/VZ/Ljod/app/build.gradle.kts:124:25: Unexpected symbol
e: file:///home/dae/Work/VZ/Ljod/app/build.gradle.kts:124:33: Unexpected symbol
e: file:///home/dae/Work/VZ/Ljod/app/build.gradle.kts:124:34: Unexpected symbol
e: file:///home/dae/Work/VZ/Ljod/app/build.gradle.kts:124:40: Unexpected symbol
e: file:///home/dae/Work/VZ/Ljod/app/build.gradle.kts:127:5: Unexpected symbol
e: file:///home/dae/Work/VZ/Ljod/app/build.gradle.kts:127:19: Unexpected symbol
e: file:///home/dae/Work/VZ/Ljod/app/build.gradle.kts:127:20: Unexpected symbol
e: file:///home/dae/Work/VZ/Ljod/app/build.gradle.kts:127:24: Unexpected symbol
e: file:///home/dae/Work/VZ/Ljod/app/build.gradle.kts:127:25: Unexpected symbol
e: file:///home/dae/Work/VZ/Ljod/app/build.gradle.kts:127:36: Unexpected symbol
e: file:///home/dae/Work/VZ/Ljod/app/build.gradle.kts:128:5: Unexpected symbol
e: file:///home/dae/Work/VZ/Ljod/app/build.gradle.kts:128:19: Unexpected symbol
e: file:///home/dae/Work/VZ/Ljod/app/build.gradle.kts:128:20: Unexpected symbol
e: file:///home/dae/Work/VZ/Ljod/app/build.gradle.kts:128:24: Unexpected symbol
e: file:///home/dae/Work/VZ/Ljod/app/build.gradle.kts:128:25: Unexpected symbol
e: file:///home/dae/Work/VZ/Ljod/app/build.gradle.kts:128:33: Unexpected symbol
e: file:///home/dae/Work/VZ/Ljod/app/build.gradle.kts:128:34: Unexpected symbol
e: file:///home/dae/Work/VZ/Ljod/app/build.gradle.kts:128:41: Unexpected symbol
e: file:///home/dae/Work/VZ/Ljod/app/build.gradle.kts:131:5: Unexpected symbol
e: file:///home/dae/Work/VZ/Ljod/app/build.gradle.kts:131:19: Unexpected symbol
e: file:///home/dae/Work/VZ/Ljod/app/build.gradle.kts:131:20: Unexpected symbol
e: file:///home/dae/Work/VZ/Ljod/app/build.gradle.kts:131:24: Unexpected symbol
e: file:///home/dae/Work/VZ/Ljod/app/build.gradle.kts:131:25: Unexpected symbol
e: file:///home/dae/Work/VZ/Ljod/app/build.gradle.kts:131:34: Unexpected symbol
e: file:///home/dae/Work/VZ/Ljod/app/build.gradle.kts:131:35: Unexpected symbol
e: file:///home/dae/Work/VZ/Ljod/app/build.gradle.kts:131:46: Unexpected symbol
e: file:///home/dae/Work/VZ/Ljod/app/build.gradle.kts:132:5: Unexpected symbol
e: file:///home/dae/Work/VZ/Ljod/app/build.gradle.kts:132:19: Unexpected symbol
e: file:///home/dae/Work/VZ/Ljod/app/build.gradle.kts:132:20: Unexpected symbol
e: file:///home/dae/Work/VZ/Ljod/app/build.gradle.kts:132:24: Unexpected symbol
e: file:///home/dae/Work/VZ/Ljod/app/build.gradle.kts:132:25: Unexpected symbol
e: file:///home/dae/Work/VZ/Ljod/app/build.gradle.kts:132:34: Unexpected symbol
e: file:///home/dae/Work/VZ/Ljod/app/build.gradle.kts:133:5: Unexpected symbol
e: file:///home/dae/Work/VZ/Ljod/app/build.gradle.kts:133:19: Unexpected symbol
e: file:///home/dae/Work/VZ/Ljod/app/build.gradle.kts:133:20: Unexpected symbol
e: file:///home/dae/Work/VZ/Ljod/app/build.gradle.kts:133:24: Unexpected symbol
e: file:///home/dae/Work/VZ/Ljod/app/build.gradle.kts:133:25: Unexpected symbol
e: file:///home/dae/Work/VZ/Ljod/app/build.gradle.kts:133:31: Unexpected symbol
e: file:///home/dae/Work/VZ/Ljod/app/build.gradle.kts:134:5: Unexpected symbol
e: file:///home/dae/Work/VZ/Ljod/app/build.gradle.kts:134:19: Unexpected symbol
e: file:///home/dae/Work/VZ/Ljod/app/build.gradle.kts:134:20: Unexpected symbol
e: file:///home/dae/Work/VZ/Ljod/app/build.gradle.kts:134:24: Unexpected symbol
e: file:///home/dae/Work/VZ/Ljod/app/build.gradle.kts:134:25: Unexpected symbol
e: file:///home/dae/Work/VZ/Ljod/app/build.gradle.kts:134:31: Unexpected symbol
e: file:///home/dae/Work/VZ/Ljod/app/build.gradle.kts:134:32: Unexpected symbol
e: file:///home/dae/Work/VZ/Ljod/app/build.gradle.kts:134:41: Unexpected symbol
e: file:///home/dae/Work/VZ/Ljod/app/build.gradle.kts:137:5: Unexpected symbol
e: file:///home/dae/Work/VZ/Ljod/app/build.gradle.kts:137:26: Unexpected symbol
e: file:///home/dae/Work/VZ/Ljod/app/build.gradle.kts:137:27: Unexpected symbol
e: file:///home/dae/Work/VZ/Ljod/app/build.gradle.kts:137:31: Unexpected symbol
e: file:///home/dae/Work/VZ/Ljod/app/build.gradle.kts:137:32: Unexpected symbol
e: file:///home/dae/Work/VZ/Ljod/app/build.gradle.kts:137:39: Unexpected symbol
e: file:///home/dae/Work/VZ/Ljod/app/build.gradle.kts:138:1: Unexpected symbol

FAILURE: Build failed with an exception.

* Where:
Build file '/home/dae/Work/VZ/Ljod/app/build.gradle.kts' line: 69

* What went wrong:
Script compilation errors:

  Line 069: }
            ^ Unexpected symbol

  Line 071: dependencies {
            ^ Unexpected symbol

  Line 071: dependencies {
                         ^ Unexpected symbol

  Line 073:     val composeBom = platform(libs.compose.bom)
                ^ Unexpected symbol

  Line 073:     val composeBom = platform(libs.compose.bom)
                    ^ Unexpected symbol

  Line 073:     val composeBom = platform(libs.compose.bom)
                               ^ Unexpected symbol

  Line 073:     val composeBom = platform(libs.compose.bom)
                                 ^ Unexpected symbol

  Line 073:     val composeBom = platform(libs.compose.bom)
                                         ^ Unexpected symbol

  Line 073:     val composeBom = platform(libs.compose.bom)
                                          ^ Unexpected symbol

  Line 073:     val composeBom = platform(libs.compose.bom)
                                              ^ Unexpected symbol

  Line 073:     val composeBom = platform(libs.compose.bom)
                                               ^ Unexpected symbol

  Line 073:     val composeBom = platform(libs.compose.bom)
                                                      ^ Unexpected symbol

  Line 073:     val composeBom = platform(libs.compose.bom)
                                                       ^ Unexpected symbol

  Line 073:     val composeBom = platform(libs.compose.bom)
                                                          ^ Unexpected symbol

  Line 074:     implementation(composeBom)
                ^ Unexpected symbol

  Line 074:     implementation(composeBom)
                              ^ Unexpected symbol

  Line 074:     implementation(composeBom)
                               ^ Unexpected symbol

  Line 074:     implementation(composeBom)
                                         ^ Unexpected symbol

  Line 075:     implementation(libs.compose.ui)
                ^ Unexpected symbol

  Line 075:     implementation(libs.compose.ui)
                              ^ Unexpected symbol

  Line 075:     implementation(libs.compose.ui)
                               ^ Unexpected symbol

  Line 075:     implementation(libs.compose.ui)
                                   ^ Unexpected symbol

  Line 075:     implementation(libs.compose.ui)
                                    ^ Unexpected symbol

  Line 075:     implementation(libs.compose.ui)
                                           ^ Unexpected symbol

  Line 075:     implementation(libs.compose.ui)
                                            ^ Unexpected symbol

  Line 075:     implementation(libs.compose.ui)
                                              ^ Unexpected symbol

  Line 076:     implementation(libs.compose.ui.graphics)
                ^ Unexpected symbol

  Line 076:     implementation(libs.compose.ui.graphics)
                              ^ Unexpected symbol

  Line 076:     implementation(libs.compose.ui.graphics)
                               ^ Unexpected symbol

  Line 076:     implementation(libs.compose.ui.graphics)
                                   ^ Unexpected symbol

  Line 076:     implementation(libs.compose.ui.graphics)
                                    ^ Unexpected symbol

  Line 076:     implementation(libs.compose.ui.graphics)
                                           ^ Unexpected symbol

  Line 076:     implementation(libs.compose.ui.graphics)
                                            ^ Unexpected symbol

  Line 076:     implementation(libs.compose.ui.graphics)
                                              ^ Unexpected symbol

  Line 076:     implementation(libs.compose.ui.graphics)
                                               ^ Unexpected symbol

  Line 076:     implementation(libs.compose.ui.graphics)
                                                       ^ Unexpected symbol

  Line 077:     implementation(libs.compose.material3)
                ^ Unexpected symbol

  Line 077:     implementation(libs.compose.material3)
                              ^ Unexpected symbol

  Line 077:     implementation(libs.compose.material3)
                               ^ Unexpected symbol

  Line 077:     implementation(libs.compose.material3)
                                   ^ Unexpected symbol

  Line 077:     implementation(libs.compose.material3)
                                    ^ Unexpected symbol

  Line 077:     implementation(libs.compose.material3)
                                           ^ Unexpected symbol

  Line 077:     implementation(libs.compose.material3)
                                            ^ Unexpected symbol

  Line 077:     implementation(libs.compose.material3)
                                                     ^ Unexpected symbol

  Line 078:     implementation(libs.compose.material.icons)
                ^ Unexpected symbol

  Line 078:     implementation(libs.compose.material.icons)
                              ^ Unexpected symbol

  Line 078:     implementation(libs.compose.material.icons)
                               ^ Unexpected symbol

  Line 078:     implementation(libs.compose.material.icons)
                                   ^ Unexpected symbol

  Line 078:     implementation(libs.compose.material.icons)
                                    ^ Unexpected symbol

  Line 078:     implementation(libs.compose.material.icons)
                                           ^ Unexpected symbol

  Line 078:     implementation(libs.compose.material.icons)
                                            ^ Unexpected symbol

  Line 078:     implementation(libs.compose.material.icons)
                                                    ^ Unexpected symbol

  Line 078:     implementation(libs.compose.material.icons)
                                                     ^ Unexpected symbol

  Line 078:     implementation(libs.compose.material.icons)
                                                          ^ Unexpected symbol

  Line 079:     implementation(libs.compose.animation)
                ^ Unexpected symbol

  Line 079:     implementation(libs.compose.animation)
                              ^ Unexpected symbol

  Line 079:     implementation(libs.compose.animation)
                               ^ Unexpected symbol

  Line 079:     implementation(libs.compose.animation)
                                   ^ Unexpected symbol

  Line 079:     implementation(libs.compose.animation)
                                    ^ Unexpected symbol

  Line 079:     implementation(libs.compose.animation)
                                           ^ Unexpected symbol

  Line 079:     implementation(libs.compose.animation)
                                            ^ Unexpected symbol

  Line 079:     implementation(libs.compose.animation)
                                                     ^ Unexpected symbol

  Line 080:     implementation(libs.compose.foundation)
                ^ Unexpected symbol

  Line 080:     implementation(libs.compose.foundation)
                              ^ Unexpected symbol

  Line 080:     implementation(libs.compose.foundation)
                               ^ Unexpected symbol

  Line 080:     implementation(libs.compose.foundation)
                                   ^ Unexpected symbol

  Line 080:     implementation(libs.compose.foundation)
                                    ^ Unexpected symbol

  Line 080:     implementation(libs.compose.foundation)
                                           ^ Unexpected symbol

  Line 080:     implementation(libs.compose.foundation)
                                            ^ Unexpected symbol

  Line 080:     implementation(libs.compose.foundation)
                                                      ^ Unexpected symbol

  Line 081:     debugImplementation(libs.compose.ui.tooling)
                ^ Unexpected symbol

  Line 081:     debugImplementation(libs.compose.ui.tooling)
                                   ^ Unexpected symbol

  Line 081:     debugImplementation(libs.compose.ui.tooling)
                                    ^ Unexpected symbol

  Line 081:     debugImplementation(libs.compose.ui.tooling)
                                        ^ Unexpected symbol

  Line 081:     debugImplementation(libs.compose.ui.tooling)
                                         ^ Unexpected symbol

  Line 081:     debugImplementation(libs.compose.ui.tooling)
                                                ^ Unexpected symbol

  Line 081:     debugImplementation(libs.compose.ui.tooling)
                                                 ^ Unexpected symbol

  Line 081:     debugImplementation(libs.compose.ui.tooling)
                                                   ^ Unexpected symbol

  Line 081:     debugImplementation(libs.compose.ui.tooling)
                                                    ^ Unexpected symbol

  Line 081:     debugImplementation(libs.compose.ui.tooling)
                                                           ^ Unexpected symbol

  Line 084:     implementation(libs.core.ktx)
                ^ Unexpected symbol

  Line 084:     implementation(libs.core.ktx)
                              ^ Unexpected symbol

  Line 084:     implementation(libs.core.ktx)
                               ^ Unexpected symbol

  Line 084:     implementation(libs.core.ktx)
                                   ^ Unexpected symbol

  Line 084:     implementation(libs.core.ktx)
                                    ^ Unexpected symbol

  Line 084:     implementation(libs.core.ktx)
                                        ^ Unexpected symbol

  Line 084:     implementation(libs.core.ktx)
                                         ^ Unexpected symbol

  Line 084:     implementation(libs.core.ktx)
                                            ^ Unexpected symbol

  Line 085:     implementation(libs.activity.compose)
                ^ Unexpected symbol

  Line 085:     implementation(libs.activity.compose)
                              ^ Unexpected symbol

  Line 085:     implementation(libs.activity.compose)
                               ^ Unexpected symbol

  Line 085:     implementation(libs.activity.compose)
                                   ^ Unexpected symbol

  Line 085:     implementation(libs.activity.compose)
                                    ^ Unexpected symbol

  Line 085:     implementation(libs.activity.compose)
                                            ^ Unexpected symbol

  Line 085:     implementation(libs.activity.compose)
                                             ^ Unexpected symbol

  Line 085:     implementation(libs.activity.compose)
                                                    ^ Unexpected symbol

  Line 086:     implementation(libs.lifecycle.runtime)
                ^ Unexpected symbol

  Line 086:     implementation(libs.lifecycle.runtime)
                              ^ Unexpected symbol

  Line 086:     implementation(libs.lifecycle.runtime)
                               ^ Unexpected symbol

  Line 086:     implementation(libs.lifecycle.runtime)
                                   ^ Unexpected symbol

  Line 086:     implementation(libs.lifecycle.runtime)
                                    ^ Unexpected symbol

  Line 086:     implementation(libs.lifecycle.runtime)
                                             ^ Unexpected symbol

  Line 086:     implementation(libs.lifecycle.runtime)
                                              ^ Unexpected symbol

  Line 086:     implementation(libs.lifecycle.runtime)
                                                     ^ Unexpected symbol

  Line 087:     implementation(libs.lifecycle.viewmodel)
                ^ Unexpected symbol

  Line 087:     implementation(libs.lifecycle.viewmodel)
                              ^ Unexpected symbol

  Line 087:     implementation(libs.lifecycle.viewmodel)
                               ^ Unexpected symbol

  Line 087:     implementation(libs.lifecycle.viewmodel)
                                   ^ Unexpected symbol

  Line 087:     implementation(libs.lifecycle.viewmodel)
                                    ^ Unexpected symbol

  Line 087:     implementation(libs.lifecycle.viewmodel)
                                             ^ Unexpected symbol

  Line 087:     implementation(libs.lifecycle.viewmodel)
                                              ^ Unexpected symbol

  Line 087:     implementation(libs.lifecycle.viewmodel)
                                                       ^ Unexpected symbol

  Line 090:     implementation(libs.media3.exoplayer)
                ^ Unexpected symbol

  Line 090:     implementation(libs.media3.exoplayer)
                              ^ Unexpected symbol

  Line 090:     implementation(libs.media3.exoplayer)
                               ^ Unexpected symbol

  Line 090:     implementation(libs.media3.exoplayer)
                                   ^ Unexpected symbol

  Line 090:     implementation(libs.media3.exoplayer)
                                    ^ Unexpected symbol

  Line 090:     implementation(libs.media3.exoplayer)
                                          ^ Unexpected symbol

  Line 090:     implementation(libs.media3.exoplayer)
                                           ^ Unexpected symbol

  Line 090:     implementation(libs.media3.exoplayer)
                                                    ^ Unexpected symbol

  Line 091:     implementation(libs.media3.session)
                ^ Unexpected symbol

  Line 091:     implementation(libs.media3.session)
                              ^ Unexpected symbol

  Line 091:     implementation(libs.media3.session)
                               ^ Unexpected symbol

  Line 091:     implementation(libs.media3.session)
                                   ^ Unexpected symbol

  Line 091:     implementation(libs.media3.session)
                                    ^ Unexpected symbol

  Line 091:     implementation(libs.media3.session)
                                          ^ Unexpected symbol

  Line 091:     implementation(libs.media3.session)
                                           ^ Unexpected symbol

  Line 091:     implementation(libs.media3.session)
                                                  ^ Unexpected symbol

  Line 092:     implementation(libs.media3.common)
                ^ Unexpected symbol

  Line 092:     implementation(libs.media3.common)
                              ^ Unexpected symbol

  Line 092:     implementation(libs.media3.common)
                               ^ Unexpected symbol

  Line 092:     implementation(libs.media3.common)
                                   ^ Unexpected symbol

  Line 092:     implementation(libs.media3.common)
                                    ^ Unexpected symbol

  Line 092:     implementation(libs.media3.common)
                                          ^ Unexpected symbol

  Line 092:     implementation(libs.media3.common)
                                           ^ Unexpected symbol

  Line 092:     implementation(libs.media3.common)
                                                 ^ Unexpected symbol

  Line 095:     implementation(libs.hilt.android)
                ^ Unexpected symbol

  Line 095:     implementation(libs.hilt.android)
                              ^ Unexpected symbol

  Line 095:     implementation(libs.hilt.android)
                               ^ Unexpected symbol

  Line 095:     implementation(libs.hilt.android)
                                   ^ Unexpected symbol

  Line 095:     implementation(libs.hilt.android)
                                    ^ Unexpected symbol

  Line 095:     implementation(libs.hilt.android)
                                        ^ Unexpected symbol

  Line 095:     implementation(libs.hilt.android)
                                         ^ Unexpected symbol

  Line 095:     implementation(libs.hilt.android)
                                                ^ Unexpected symbol

  Line 096:     ksp(libs.hilt.compiler)
                ^ Unexpected symbol

  Line 096:     ksp(libs.hilt.compiler)
                   ^ Unexpected symbol

  Line 096:     ksp(libs.hilt.compiler)
                    ^ Unexpected symbol

  Line 096:     ksp(libs.hilt.compiler)
                        ^ Unexpected symbol

  Line 096:     ksp(libs.hilt.compiler)
                         ^ Unexpected symbol

  Line 096:     ksp(libs.hilt.compiler)
                             ^ Unexpected symbol

  Line 096:     ksp(libs.hilt.compiler)
                              ^ Unexpected symbol

  Line 096:     ksp(libs.hilt.compiler)
                                      ^ Unexpected symbol

  Line 097:     implementation(libs.hilt.navigation)
                ^ Unexpected symbol

  Line 097:     implementation(libs.hilt.navigation)
                              ^ Unexpected symbol

  Line 097:     implementation(libs.hilt.navigation)
                               ^ Unexpected symbol

  Line 097:     implementation(libs.hilt.navigation)
                                   ^ Unexpected symbol

  Line 097:     implementation(libs.hilt.navigation)
                                    ^ Unexpected symbol

  Line 097:     implementation(libs.hilt.navigation)
                                        ^ Unexpected symbol

  Line 097:     implementation(libs.hilt.navigation)
                                         ^ Unexpected symbol

  Line 097:     implementation(libs.hilt.navigation)
                                                   ^ Unexpected symbol

  Line 100:     implementation(libs.room.runtime)
                ^ Unexpected symbol

  Line 100:     implementation(libs.room.runtime)
                              ^ Unexpected symbol

  Line 100:     implementation(libs.room.runtime)
                               ^ Unexpected symbol

  Line 100:     implementation(libs.room.runtime)
                                   ^ Unexpected symbol

  Line 100:     implementation(libs.room.runtime)
                                    ^ Unexpected symbol

  Line 100:     implementation(libs.room.runtime)
                                        ^ Unexpected symbol

  Line 100:     implementation(libs.room.runtime)
                                         ^ Unexpected symbol

  Line 100:     implementation(libs.room.runtime)
                                                ^ Unexpected symbol

  Line 101:     implementation(libs.room.ktx)
                ^ Unexpected symbol

  Line 101:     implementation(libs.room.ktx)
                              ^ Unexpected symbol

  Line 101:     implementation(libs.room.ktx)
                               ^ Unexpected symbol

  Line 101:     implementation(libs.room.ktx)
                                   ^ Unexpected symbol

  Line 101:     implementation(libs.room.ktx)
                                    ^ Unexpected symbol

  Line 101:     implementation(libs.room.ktx)
                                        ^ Unexpected symbol

  Line 101:     implementation(libs.room.ktx)
                                         ^ Unexpected symbol

  Line 101:     implementation(libs.room.ktx)
                                            ^ Unexpected symbol

  Line 102:     ksp(libs.room.compiler)
                ^ Unexpected symbol

  Line 102:     ksp(libs.room.compiler)
                   ^ Unexpected symbol

  Line 102:     ksp(libs.room.compiler)
                    ^ Unexpected symbol

  Line 102:     ksp(libs.room.compiler)
                        ^ Unexpected symbol

  Line 102:     ksp(libs.room.compiler)
                         ^ Unexpected symbol

  Line 102:     ksp(libs.room.compiler)
                             ^ Unexpected symbol

  Line 102:     ksp(libs.room.compiler)
                              ^ Unexpected symbol

  Line 102:     ksp(libs.room.compiler)
                                      ^ Unexpected symbol

  Line 103:     implementation(libs.datastore.preferences)
                ^ Unexpected symbol

  Line 103:     implementation(libs.datastore.preferences)
                              ^ Unexpected symbol

  Line 103:     implementation(libs.datastore.preferences)
                               ^ Unexpected symbol

  Line 103:     implementation(libs.datastore.preferences)
                                   ^ Unexpected symbol

  Line 103:     implementation(libs.datastore.preferences)
                                    ^ Unexpected symbol

  Line 103:     implementation(libs.datastore.preferences)
                                             ^ Unexpected symbol

  Line 103:     implementation(libs.datastore.preferences)
                                              ^ Unexpected symbol

  Line 103:     implementation(libs.datastore.preferences)
                                                         ^ Unexpected symbol

  Line 106:     implementation(libs.timber)
                ^ Unexpected symbol

  Line 106:     implementation(libs.timber)
                              ^ Unexpected symbol

  Line 106:     implementation(libs.timber)
                               ^ Unexpected symbol

  Line 106:     implementation(libs.timber)
                                   ^ Unexpected symbol

  Line 106:     implementation(libs.timber)
                                    ^ Unexpected symbol

  Line 106:     implementation(libs.timber)
                                          ^ Unexpected symbol

  Line 109:     implementation(libs.kotlinx.serialization.json)
                ^ Unexpected symbol

  Line 109:     implementation(libs.kotlinx.serialization.json)
                              ^ Unexpected symbol

  Line 109:     implementation(libs.kotlinx.serialization.json)
                               ^ Unexpected symbol

  Line 109:     implementation(libs.kotlinx.serialization.json)
                                   ^ Unexpected symbol

  Line 109:     implementation(libs.kotlinx.serialization.json)
                                    ^ Unexpected symbol

  Line 109:     implementation(libs.kotlinx.serialization.json)
                                           ^ Unexpected symbol

  Line 109:     implementation(libs.kotlinx.serialization.json)
                                            ^ Unexpected symbol

  Line 109:     implementation(libs.kotlinx.serialization.json)
                                                         ^ Unexpected symbol

  Line 109:     implementation(libs.kotlinx.serialization.json)
                                                          ^ Unexpected symbol

  Line 109:     implementation(libs.kotlinx.serialization.json)
                                                              ^ Unexpected symbol

  Line 110:     implementation(libs.kotlinx.coroutines)
                ^ Unexpected symbol

  Line 110:     implementation(libs.kotlinx.coroutines)
                              ^ Unexpected symbol

  Line 110:     implementation(libs.kotlinx.coroutines)
                               ^ Unexpected symbol

  Line 110:     implementation(libs.kotlinx.coroutines)
                                   ^ Unexpected symbol

  Line 110:     implementation(libs.kotlinx.coroutines)
                                    ^ Unexpected symbol

  Line 110:     implementation(libs.kotlinx.coroutines)
                                           ^ Unexpected symbol

  Line 110:     implementation(libs.kotlinx.coroutines)
                                            ^ Unexpected symbol

  Line 110:     implementation(libs.kotlinx.coroutines)
                                                      ^ Unexpected symbol

  Line 113:     implementation(libs.coil.compose)
                ^ Unexpected symbol

  Line 113:     implementation(libs.coil.compose)
                              ^ Unexpected symbol

  Line 113:     implementation(libs.coil.compose)
                               ^ Unexpected symbol

  Line 113:     implementation(libs.coil.compose)
                                   ^ Unexpected symbol

  Line 113:     implementation(libs.coil.compose)
                                    ^ Unexpected symbol

  Line 113:     implementation(libs.coil.compose)
                                        ^ Unexpected symbol

  Line 113:     implementation(libs.coil.compose)
                                         ^ Unexpected symbol

  Line 113:     implementation(libs.coil.compose)
                                                ^ Unexpected symbol

  Line 114:     implementation(libs.coil.network.okhttp)
                ^ Unexpected symbol

  Line 114:     implementation(libs.coil.network.okhttp)
                              ^ Unexpected symbol

  Line 114:     implementation(libs.coil.network.okhttp)
                               ^ Unexpected symbol

  Line 114:     implementation(libs.coil.network.okhttp)
                                   ^ Unexpected symbol

  Line 114:     implementation(libs.coil.network.okhttp)
                                    ^ Unexpected symbol

  Line 114:     implementation(libs.coil.network.okhttp)
                                        ^ Unexpected symbol

  Line 114:     implementation(libs.coil.network.okhttp)
                                         ^ Unexpected symbol

  Line 114:     implementation(libs.coil.network.okhttp)
                                                ^ Unexpected symbol

  Line 114:     implementation(libs.coil.network.okhttp)
                                                 ^ Unexpected symbol

  Line 114:     implementation(libs.coil.network.okhttp)
                                                       ^ Unexpected symbol

  Line 117:     implementation(libs.okhttp)
                ^ Unexpected symbol

  Line 117:     implementation(libs.okhttp)
                              ^ Unexpected symbol

  Line 117:     implementation(libs.okhttp)
                               ^ Unexpected symbol

  Line 117:     implementation(libs.okhttp)
                                   ^ Unexpected symbol

  Line 117:     implementation(libs.okhttp)
                                    ^ Unexpected symbol

  Line 117:     implementation(libs.okhttp)
                                          ^ Unexpected symbol

  Line 118:     implementation(libs.okhttp.logging)
                ^ Unexpected symbol

  Line 118:     implementation(libs.okhttp.logging)
                              ^ Unexpected symbol

  Line 118:     implementation(libs.okhttp.logging)
                               ^ Unexpected symbol

  Line 118:     implementation(libs.okhttp.logging)
                                   ^ Unexpected symbol

  Line 118:     implementation(libs.okhttp.logging)
                                    ^ Unexpected symbol

  Line 118:     implementation(libs.okhttp.logging)
                                          ^ Unexpected symbol

  Line 118:     implementation(libs.okhttp.logging)
                                           ^ Unexpected symbol

  Line 118:     implementation(libs.okhttp.logging)
                                                  ^ Unexpected symbol

  Line 119:     implementation(libs.retrofit)
                ^ Unexpected symbol

  Line 119:     implementation(libs.retrofit)
                              ^ Unexpected symbol

  Line 119:     implementation(libs.retrofit)
                               ^ Unexpected symbol

  Line 119:     implementation(libs.retrofit)
                                   ^ Unexpected symbol

  Line 119:     implementation(libs.retrofit)
                                    ^ Unexpected symbol

  Line 119:     implementation(libs.retrofit)
                                            ^ Unexpected symbol

  Line 120:     implementation(libs.retrofit.kotlinx)
                ^ Unexpected symbol

  Line 120:     implementation(libs.retrofit.kotlinx)
                              ^ Unexpected symbol

  Line 120:     implementation(libs.retrofit.kotlinx)
                               ^ Unexpected symbol

  Line 120:     implementation(libs.retrofit.kotlinx)
                                   ^ Unexpected symbol

  Line 120:     implementation(libs.retrofit.kotlinx)
                                    ^ Unexpected symbol

  Line 120:     implementation(libs.retrofit.kotlinx)
                                            ^ Unexpected symbol

  Line 120:     implementation(libs.retrofit.kotlinx)
                                             ^ Unexpected symbol

  Line 120:     implementation(libs.retrofit.kotlinx)
                                                    ^ Unexpected symbol

  Line 123:     implementation(libs.biometric)
                ^ Unexpected symbol

  Line 123:     implementation(libs.biometric)
                              ^ Unexpected symbol

  Line 123:     implementation(libs.biometric)
                               ^ Unexpected symbol

  Line 123:     implementation(libs.biometric)
                                   ^ Unexpected symbol

  Line 123:     implementation(libs.biometric)
                                    ^ Unexpected symbol

  Line 123:     implementation(libs.biometric)
                                             ^ Unexpected symbol

  Line 124:     implementation(libs.security.crypto)
                ^ Unexpected symbol

  Line 124:     implementation(libs.security.crypto)
                              ^ Unexpected symbol

  Line 124:     implementation(libs.security.crypto)
                               ^ Unexpected symbol

  Line 124:     implementation(libs.security.crypto)
                                   ^ Unexpected symbol

  Line 124:     implementation(libs.security.crypto)
                                    ^ Unexpected symbol

  Line 124:     implementation(libs.security.crypto)
                                            ^ Unexpected symbol

  Line 124:     implementation(libs.security.crypto)
                                             ^ Unexpected symbol

  Line 124:     implementation(libs.security.crypto)
                                                   ^ Unexpected symbol

  Line 127:     implementation(libs.workmanager)
                ^ Unexpected symbol

  Line 127:     implementation(libs.workmanager)
                              ^ Unexpected symbol

  Line 127:     implementation(libs.workmanager)
                               ^ Unexpected symbol

  Line 127:     implementation(libs.workmanager)
                                   ^ Unexpected symbol

  Line 127:     implementation(libs.workmanager)
                                    ^ Unexpected symbol

  Line 127:     implementation(libs.workmanager)
                                               ^ Unexpected symbol

  Line 128:     implementation(libs.fragment.compose)
                ^ Unexpected symbol

  Line 128:     implementation(libs.fragment.compose)
                              ^ Unexpected symbol

  Line 128:     implementation(libs.fragment.compose)
                               ^ Unexpected symbol

  Line 128:     implementation(libs.fragment.compose)
                                   ^ Unexpected symbol

  Line 128:     implementation(libs.fragment.compose)
                                    ^ Unexpected symbol

  Line 128:     implementation(libs.fragment.compose)
                                            ^ Unexpected symbol

  Line 128:     implementation(libs.fragment.compose)
                                             ^ Unexpected symbol

  Line 128:     implementation(libs.fragment.compose)
                                                    ^ Unexpected symbol

  Line 131:     implementation(libs.datastore.preferences)
                ^ Unexpected symbol

  Line 131:     implementation(libs.datastore.preferences)
                              ^ Unexpected symbol

  Line 131:     implementation(libs.datastore.preferences)
                               ^ Unexpected symbol

  Line 131:     implementation(libs.datastore.preferences)
                                   ^ Unexpected symbol

  Line 131:     implementation(libs.datastore.preferences)
                                    ^ Unexpected symbol

  Line 131:     implementation(libs.datastore.preferences)
                                             ^ Unexpected symbol

  Line 131:     implementation(libs.datastore.preferences)
                                              ^ Unexpected symbol

  Line 131:     implementation(libs.datastore.preferences)
                                                         ^ Unexpected symbol

  Line 132:     implementation(libs.datastore)
                ^ Unexpected symbol

  Line 132:     implementation(libs.datastore)
                              ^ Unexpected symbol

  Line 132:     implementation(libs.datastore)
                               ^ Unexpected symbol

  Line 132:     implementation(libs.datastore)
                                   ^ Unexpected symbol

  Line 132:     implementation(libs.datastore)
                                    ^ Unexpected symbol

  Line 132:     implementation(libs.datastore)
                                             ^ Unexpected symbol

  Line 133:     implementation(libs.glance)
                ^ Unexpected symbol

  Line 133:     implementation(libs.glance)
                              ^ Unexpected symbol

  Line 133:     implementation(libs.glance)
                               ^ Unexpected symbol

  Line 133:     implementation(libs.glance)
                                   ^ Unexpected symbol

  Line 133:     implementation(libs.glance)
                                    ^ Unexpected symbol

  Line 133:     implementation(libs.glance)
                                          ^ Unexpected symbol

  Line 134:     implementation(libs.glance.material3)
                ^ Unexpected symbol

  Line 134:     implementation(libs.glance.material3)
                              ^ Unexpected symbol

  Line 134:     implementation(libs.glance.material3)
                               ^ Unexpected symbol

  Line 134:     implementation(libs.glance.material3)
                                   ^ Unexpected symbol

  Line 134:     implementation(libs.glance.material3)
                                    ^ Unexpected symbol

  Line 134:     implementation(libs.glance.material3)
                                          ^ Unexpected symbol

  Line 134:     implementation(libs.glance.material3)
                                           ^ Unexpected symbol

  Line 134:     implementation(libs.glance.material3)
                                                    ^ Unexpected symbol

  Line 137:     coreLibraryDesugaring(libs.desugar)
                ^ Unexpected symbol

  Line 137:     coreLibraryDesugaring(libs.desugar)
                                     ^ Unexpected symbol

  Line 137:     coreLibraryDesugaring(libs.desugar)
                                      ^ Unexpected symbol

  Line 137:     coreLibraryDesugaring(libs.desugar)
                                          ^ Unexpected symbol

  Line 137:     coreLibraryDesugaring(libs.desugar)
                                           ^ Unexpected symbol

  Line 137:     coreLibraryDesugaring(libs.desugar)
                                                  ^ Unexpected symbol

  Line 138: }
            ^ Unexpected symbol

325 errors

* Try:
> Run with --stacktrace option to get the stack trace.
> Run with --info or --debug option to get more log output.
> Run with --scan to get full insights from a Build Scan (powered by Develocity).
> Get more help at https://help.gradle.org.

BUILD FAILED in 1s
[INFO]           Could not resolve kotlin-stdlib using Maven: Cannot invoke "java.nio.file.Path.getFileSystem()" because "path" is null
[INFO]           Found kotlinc at /usr/bin/kotlinc
[INFO]           Successfully resolved kotlin-stdlib using Gradle to /home/dae/.gradle/caches/modules-2/files-2.1/org.jetbrains.kotlin/kotlin-stdlib/2.4.0/4e9f4b531dce5c7dee58ed2de9a8b9a763c8dc6c/kotlin-stdlib-2.4.0.jar
[ERROR] client    TOOLING API: Error fetching model: Could not fetch model of type 'EclipseProject' using connection to Gradle distribution 'https://services.gradle.org/distributions/gradle-9.7.1-bin.zip'.
[ERROR] client    TOOLING API: EXCEPTION during resolution for /home/dae/Work/VZ/Ljod: Could not fetch model of type 'EclipseProject' using connection to Gradle distribution 'https://services.gradle.org/distributions/gradle-9.7.1-bin.zip'.
[WARN] client    TOOLING API: Falling back to CLI for /home/dae/Work/VZ/Ljod
[ERROR] client    CLI: Gradle task FAILED: e: file:///home/dae/Work/VZ/Ljod/app/build.gradle.kts:69:1: Unexpected symbol
e: file:///home/dae/Work/VZ/Ljod/app/build.gradle.kts:71:1: Unexpected symbol
e: file:///home/dae/Work/VZ/Ljod/app/build.gradle.kts:71:14: Unexpected symbol
e: file:///home/dae/Work/VZ/Ljod/app/build.gradle.kts:73:5: Unexpected symbol
e: file:///home/dae/Work/VZ/Ljod/app/build.gradle.kts:73:9: Unexpected symbol
e: file:///home/dae/Work/VZ/Ljod/app/build.gradle.kts:73:20: Unexpected symbol
e: file:///home/dae/Work/VZ/Ljod/app/build.gradle.kts:73:22: Unexpected symbol
e: file:///home/dae/Work/VZ/Ljod/app/build.gradle.kts:73:30: Unexpected symbol
e: file:///home/dae/Work/VZ/Ljod/app/build.gradle.kts:73:31: Unexpected symbol
e: file:///home/dae/Work/VZ/Ljod/app/build.gradle.kts:73:35: Unexpected symbol
e: file:///home/dae/Work/VZ/Ljod/app/build.gradle.kts:73:36: Unexpected symbol
e: file:///home/dae/Work/VZ/Ljod/app/build.gradle.kts:73:43: Unexpected symbol
e: file:///home/dae/Work/VZ/Ljod/app/build.gradle.kts:73:44: Unexpected symbol
e: file:///home/dae/Work/VZ/Ljod/app/build.gradle.kts:73:47: Unexpected symbol
e: file:///home/dae/Work/VZ/Ljod/app/build.gradle.kts:74:5: Unexpected symbol
e: file:///home/dae/Work/VZ/Ljod/app/build.gradle.kts:74:19: Unexpected symbol
e: file:///home/dae/Work/VZ/Ljod/app/build.gradle.kts:74:20: Unexpected symbol
e: file:///home/dae/Work/VZ/Ljod/app/build.gradle.kts:74:30: Unexpected symbol
e: file:///home/dae/Work/VZ/Ljod/app/build.gradle.kts:75:5: Unexpected symbol
e: file:///home/dae/Work/VZ/Ljod/app/build.gradle.kts:75:19: Unexpected symbol
e: file:///home/dae/Work/VZ/Ljod/app/build.gradle.kts:75:20: Unexpected symbol
e: file:///home/dae/Work/VZ/Ljod/app/build.gradle.kts:75:24: Unexpected symbol
e: file:///home/dae/Work/VZ/Ljod/app/build.gradle.kts:75:25: Unexpected symbol
e: file:///home/dae/Work/VZ/Ljod/app/build.gradle.kts:75:32: Unexpected symbol
e: file:///home/dae/Work/VZ/Ljod/app/build.gradle.kts:75:33: Unexpected symbol
e: file:///home/dae/Work/VZ/Ljod/app/build.gradle.kts:75:35: Unexpected symbol
e: file:///home/dae/Work/VZ/Ljod/app/build.gradle.kts:76:5: Unexpected symbol
e: file:///home/dae/Work/VZ/Ljod/app/build.gradle.kts:76:19: Unexpected symbol
e: file:///home/dae/Work/VZ/Ljod/app/build.gradle.kts:76:20: Unexpected symbol
e: file:///home/dae/Work/VZ/Ljod/app/build.gradle.kts:76:24: Unexpected symbol
e: file:///home/dae/Work/VZ/Ljod/app/build.gradle.kts:76:25: Unexpected symbol
e: file:///home/dae/Work/VZ/Ljod/app/build.gradle.kts:76:32: Unexpected symbol
e: file:///home/dae/Work/VZ/Ljod/app/build.gradle.kts:76:33: Unexpected symbol
e: file:///home/dae/Work/VZ/Ljod/app/build.gradle.kts:76:35: Unexpected symbol
e: file:///home/dae/Work/VZ/Ljod/app/build.gradle.kts:76:36: Unexpected symbol
e: file:///home/dae/Work/VZ/Ljod/app/build.gradle.kts:76:44: Unexpected symbol
e: file:///home/dae/Work/VZ/Ljod/app/build.gradle.kts:77:5: Unexpected symbol
e: file:///home/dae/Work/VZ/Ljod/app/build.gradle.kts:77:19: Unexpected symbol
e: file:///home/dae/Work/VZ/Ljod/app/build.gradle.kts:77:20: Unexpected symbol
e: file:///home/dae/Work/VZ/Ljod/app/build.gradle.kts:77:24: Unexpected symbol
e: file:///home/dae/Work/VZ/Ljod/app/build.gradle.kts:77:25: Unexpected symbol
e: file:///home/dae/Work/VZ/Ljod/app/build.gradle.kts:77:32: Unexpected symbol
e: file:///home/dae/Work/VZ/Ljod/app/build.gradle.kts:77:33: Unexpected symbol
e: file:///home/dae/Work/VZ/Ljod/app/build.gradle.kts:77:42: Unexpected symbol
e: file:///home/dae/Work/VZ/Ljod/app/build.gradle.kts:78:5: Unexpected symbol
e: file:///home/dae/Work/VZ/Ljod/app/build.gradle.kts:78:19: Unexpected symbol
e: file:///home/dae/Work/VZ/Ljod/app/build.gradle.kts:78:20: Unexpected symbol
e: file:///home/dae/Work/VZ/Ljod/app/build.gradle.kts:78:24: Unexpected symbol
e: file:///home/dae/Work/VZ/Ljod/app/build.gradle.kts:78:25: Unexpected symbol
e: file:///home/dae/Work/VZ/Ljod/app/build.gradle.kts:78:32: Unexpected symbol
e: file:///home/dae/Work/VZ/Ljod/app/build.gradle.kts:78:33: Unexpected symbol
e: file:///home/dae/Work/VZ/Ljod/app/build.gradle.kts:78:41: Unexpected symbol
e: file:///home/dae/Work/VZ/Ljod/app/build.gradle.kts:78:42: Unexpected symbol
e: file:///home/dae/Work/VZ/Ljod/app/build.gradle.kts:78:47: Unexpected symbol
e: file:///home/dae/Work/VZ/Ljod/app/build.gradle.kts:79:5: Unexpected symbol
e: file:///home/dae/Work/VZ/Ljod/app/build.gradle.kts:79:19: Unexpected symbol
e: file:///home/dae/Work/VZ/Ljod/app/build.gradle.kts:79:20: Unexpected symbol
e: file:///home/dae/Work/VZ/Ljod/app/build.gradle.kts:79:24: Unexpected symbol
e: file:///home/dae/Work/VZ/Ljod/app/build.gradle.kts:79:25: Unexpected symbol
e: file:///home/dae/Work/VZ/Ljod/app/build.gradle.kts:79:32: Unexpected symbol
e: file:///home/dae/Work/VZ/Ljod/app/build.gradle.kts:79:33: Unexpected symbol
e: file:///home/dae/Work/VZ/Ljod/app/build.gradle.kts:79:42: Unexpected symbol
e: file:///home/dae/Work/VZ/Ljod/app/build.gradle.kts:80:5: Unexpected symbol
e: file:///home/dae/Work/VZ/Ljod/app/build.gradle.kts:80:19: Unexpected symbol
e: file:///home/dae/Work/VZ/Ljod/app/build.gradle.kts:80:20: Unexpected symbol
e: file:///home/dae/Work/VZ/Ljod/app/build.gradle.kts:80:24: Unexpected symbol
e: file:///home/dae/Work/VZ/Ljod/app/build.gradle.kts:80:25: Unexpected symbol
e: file:///home/dae/Work/VZ/Ljod/app/build.gradle.kts:80:32: Unexpected symbol
e: file:///home/dae/Work/VZ/Ljod/app/build.gradle.kts:80:33: Unexpected symbol
e: file:///home/dae/Work/VZ/Ljod/app/build.gradle.kts:80:43: Unexpected symbol
e: file:///home/dae/Work/VZ/Ljod/app/build.gradle.kts:81:5: Unexpected symbol
e: file:///home/dae/Work/VZ/Ljod/app/build.gradle.kts:81:24: Unexpected symbol
e: file:///home/dae/Work/VZ/Ljod/app/build.gradle.kts:81:25: Unexpected symbol
e: file:///home/dae/Work/VZ/Ljod/app/build.gradle.kts:81:29: Unexpected symbol
e: file:///home/dae/Work/VZ/Ljod/app/build.gradle.kts:81:30: Unexpected symbol
e: file:///home/dae/Work/VZ/Ljod/app/build.gradle.kts:81:37: Unexpected symbol
e: file:///home/dae/Work/VZ/Ljod/app/build.gradle.kts:81:38: Unexpected symbol
e: file:///home/dae/Work/VZ/Ljod/app/build.gradle.kts:81:40: Unexpected symbol
e: file:///home/dae/Work/VZ/Ljod/app/build.gradle.kts:81:41: Unexpected symbol
e: file:///home/dae/Work/VZ/Ljod/app/build.gradle.kts:81:48: Unexpected symbol
e: file:///home/dae/Work/VZ/Ljod/app/build.gradle.kts:84:5: Unexpected symbol
e: file:///home/dae/Work/VZ/Ljod/app/build.gradle.kts:84:19: Unexpected symbol
e: file:///home/dae/Work/VZ/Ljod/app/build.gradle.kts:84:20: Unexpected symbol
e: file:///home/dae/Work/VZ/Ljod/app/build.gradle.kts:84:24: Unexpected symbol
e: file:///home/dae/Work/VZ/Ljod/app/build.gradle.kts:84:25: Unexpected symbol
e: file:///home/dae/Work/VZ/Ljod/app/build.gradle.kts:84:29: Unexpected symbol
e: file:///home/dae/Work/VZ/Ljod/app/build.gradle.kts:84:30: Unexpected symbol
e: file:///home/dae/Work/VZ/Ljod/app/build.gradle.kts:84:33: Unexpected symbol
e: file:///home/dae/Work/VZ/Ljod/app/build.gradle.kts:85:5: Unexpected symbol
e: file:///home/dae/Work/VZ/Ljod/app/build.gradle.kts:85:19: Unexpected symbol
e: file:///home/dae/Work/VZ/Ljod/app/build.gradle.kts:85:20: Unexpected symbol
e: file:///home/dae/Work/VZ/Ljod/app/build.gradle.kts:85:24: Unexpected symbol
e: file:///home/dae/Work/VZ/Ljod/app/build.gradle.kts:85:25: Unexpected symbol
e: file:///home/dae/Work/VZ/Ljod/app/build.gradle.kts:85:33: Unexpected symbol
e: file:///home/dae/Work/VZ/Ljod/app/build.gradle.kts:85:34: Unexpected symbol
e: file:///home/dae/Work/VZ/Ljod/app/build.gradle.kts:85:41: Unexpected symbol
e: file:///home/dae/Work/VZ/Ljod/app/build.gradle.kts:86:5: Unexpected symbol
e: file:///home/dae/Work/VZ/Ljod/app/build.gradle.kts:86:19: Unexpected symbol
e: file:///home/dae/Work/VZ/Ljod/app/build.gradle.kts:86:20: Unexpected symbol
e: file:///home/dae/Work/VZ/Ljod/app/build.gradle.kts:86:24: Unexpected symbol
e: file:///home/dae/Work/VZ/Ljod/app/build.gradle.kts:86:25: Unexpected symbol
e: file:///home/dae/Work/VZ/Ljod/app/build.gradle.kts:86:34: Unexpected symbol
e: file:///home/dae/Work/VZ/Ljod/app/build.gradle.kts:86:35: Unexpected symbol
e: file:///home/dae/Work/VZ/Ljod/app/build.gradle.kts:86:42: Unexpected symbol
e: file:///home/dae/Work/VZ/Ljod/app/build.gradle.kts:87:5: Unexpected symbol
e: file:///home/dae/Work/VZ/Ljod/app/build.gradle.kts:87:19: Unexpected symbol
e: file:///home/dae/Work/VZ/Ljod/app/build.gradle.kts:87:20: Unexpected symbol
e: file:///home/dae/Work/VZ/Ljod/app/build.gradle.kts:87:24: Unexpected symbol
e: file:///home/dae/Work/VZ/Ljod/app/build.gradle.kts:87:25: Unexpected symbol
e: file:///home/dae/Work/VZ/Ljod/app/build.gradle.kts:87:34: Unexpected symbol
e: file:///home/dae/Work/VZ/Ljod/app/build.gradle.kts:87:35: Unexpected symbol
e: file:///home/dae/Work/VZ/Ljod/app/build.gradle.kts:87:44: Unexpected symbol
e: file:///home/dae/Work/VZ/Ljod/app/build.gradle.kts:90:5: Unexpected symbol
e: file:///home/dae/Work/VZ/Ljod/app/build.gradle.kts:90:19: Unexpected symbol
e: file:///home/dae/Work/VZ/Ljod/app/build.gradle.kts:90:20: Unexpected symbol
e: file:///home/dae/Work/VZ/Ljod/app/build.gradle.kts:90:24: Unexpected symbol
e: file:///home/dae/Work/VZ/Ljod/app/build.gradle.kts:90:25: Unexpected symbol
e: file:///home/dae/Work/VZ/Ljod/app/build.gradle.kts:90:31: Unexpected symbol
e: file:///home/dae/Work/VZ/Ljod/app/build.gradle.kts:90:32: Unexpected symbol
e: file:///home/dae/Work/VZ/Ljod/app/build.gradle.kts:90:41: Unexpected symbol
e: file:///home/dae/Work/VZ/Ljod/app/build.gradle.kts:91:5: Unexpected symbol
e: file:///home/dae/Work/VZ/Ljod/app/build.gradle.kts:91:19: Unexpected symbol
e: file:///home/dae/Work/VZ/Ljod/app/build.gradle.kts:91:20: Unexpected symbol
e: file:///home/dae/Work/VZ/Ljod/app/build.gradle.kts:91:24: Unexpected symbol
e: file:///home/dae/Work/VZ/Ljod/app/build.gradle.kts:91:25: Unexpected symbol
e: file:///home/dae/Work/VZ/Ljod/app/build.gradle.kts:91:31: Unexpected symbol
e: file:///home/dae/Work/VZ/Ljod/app/build.gradle.kts:91:32: Unexpected symbol
e: file:///home/dae/Work/VZ/Ljod/app/build.gradle.kts:91:39: Unexpected symbol
e: file:///home/dae/Work/VZ/Ljod/app/build.gradle.kts:92:5: Unexpected symbol
e: file:///home/dae/Work/VZ/Ljod/app/build.gradle.kts:92:19: Unexpected symbol
e: file:///home/dae/Work/VZ/Ljod/app/build.gradle.kts:92:20: Unexpected symbol
e: file:///home/dae/Work/VZ/Ljod/app/build.gradle.kts:92:24: Unexpected symbol
e: file:///home/dae/Work/VZ/Ljod/app/build.gradle.kts:92:25: Unexpected symbol
e: file:///home/dae/Work/VZ/Ljod/app/build.gradle.kts:92:31: Unexpected symbol
e: file:///home/dae/Work/VZ/Ljod/app/build.gradle.kts:92:32: Unexpected symbol
e: file:///home/dae/Work/VZ/Ljod/app/build.gradle.kts:92:38: Unexpected symbol
e: file:///home/dae/Work/VZ/Ljod/app/build.gradle.kts:95:5: Unexpected symbol
e: file:///home/dae/Work/VZ/Ljod/app/build.gradle.kts:95:19: Unexpected symbol
e: file:///home/dae/Work/VZ/Ljod/app/build.gradle.kts:95:20: Unexpected symbol
e: file:///home/dae/Work/VZ/Ljod/app/build.gradle.kts:95:24: Unexpected symbol
e: file:///home/dae/Work/VZ/Ljod/app/build.gradle.kts:95:25: Unexpected symbol
e: file:///home/dae/Work/VZ/Ljod/app/build.gradle.kts:95:29: Unexpected symbol
e: file:///home/dae/Work/VZ/Ljod/app/build.gradle.kts:95:30: Unexpected symbol
e: file:///home/dae/Work/VZ/Ljod/app/build.gradle.kts:95:37: Unexpected symbol
e: file:///home/dae/Work/VZ/Ljod/app/build.gradle.kts:96:5: Unexpected symbol
e: file:///home/dae/Work/VZ/Ljod/app/build.gradle.kts:96:8: Unexpected symbol
e: file:///home/dae/Work/VZ/Ljod/app/build.gradle.kts:96:9: Unexpected symbol
e: file:///home/dae/Work/VZ/Ljod/app/build.gradle.kts:96:13: Unexpected symbol
e: file:///home/dae/Work/VZ/Ljod/app/build.gradle.kts:96:14: Unexpected symbol
e: file:///home/dae/Work/VZ/Ljod/app/build.gradle.kts:96:18: Unexpected symbol
e: file:///home/dae/Work/VZ/Ljod/app/build.gradle.kts:96:19: Unexpected symbol
e: file:///home/dae/Work/VZ/Ljod/app/build.gradle.kts:96:27: Unexpected symbol
e: file:///home/dae/Work/VZ/Ljod/app/build.gradle.kts:97:5: Unexpected symbol
e: file:///home/dae/Work/VZ/Ljod/app/build.gradle.kts:97:19: Unexpected symbol
e: file:///home/dae/Work/VZ/Ljod/app/build.gradle.kts:97:20: Unexpected symbol
e: file:///home/dae/Work/VZ/Ljod/app/build.gradle.kts:97:24: Unexpected symbol
e: file:///home/dae/Work/VZ/Ljod/app/build.gradle.kts:97:25: Unexpected symbol
e: file:///home/dae/Work/VZ/Ljod/app/build.gradle.kts:97:29: Unexpected symbol
e: file:///home/dae/Work/VZ/Ljod/app/build.gradle.kts:97:30: Unexpected symbol
e: file:///home/dae/Work/VZ/Ljod/app/build.gradle.kts:97:40: Unexpected symbol
e: file:///home/dae/Work/VZ/Ljod/app/build.gradle.kts:100:5: Unexpected symbol
e: file:///home/dae/Work/VZ/Ljod/app/build.gradle.kts:100:19: Unexpected symbol
e: file:///home/dae/Work/VZ/Ljod/app/build.gradle.kts:100:20: Unexpected symbol
e: file:///home/dae/Work/VZ/Ljod/app/build.gradle.kts:100:24: Unexpected symbol
e: file:///home/dae/Work/VZ/Ljod/app/build.gradle.kts:100:25: Unexpected symbol
e: file:///home/dae/Work/VZ/Ljod/app/build.gradle.kts:100:29: Unexpected symbol
e: file:///home/dae/Work/VZ/Ljod/app/build.gradle.kts:100:30: Unexpected symbol
e: file:///home/dae/Work/VZ/Ljod/app/build.gradle.kts:100:37: Unexpected symbol
e: file:///home/dae/Work/VZ/Ljod/app/build.gradle.kts:101:5: Unexpected symbol
e: file:///home/dae/Work/VZ/Ljod/app/build.gradle.kts:101:19: Unexpected symbol
e: file:///home/dae/Work/VZ/Ljod/app/build.gradle.kts:101:20: Unexpected symbol
e: file:///home/dae/Work/VZ/Ljod/app/build.gradle.kts:101:24: Unexpected symbol
e: file:///home/dae/Work/VZ/Ljod/app/build.gradle.kts:101:25: Unexpected symbol
e: file:///home/dae/Work/VZ/Ljod/app/build.gradle.kts:101:29: Unexpected symbol
e: file:///home/dae/Work/VZ/Ljod/app/build.gradle.kts:101:30: Unexpected symbol
e: file:///home/dae/Work/VZ/Ljod/app/build.gradle.kts:101:33: Unexpected symbol
e: file:///home/dae/Work/VZ/Ljod/app/build.gradle.kts:102:5: Unexpected symbol
e: file:///home/dae/Work/VZ/Ljod/app/build.gradle.kts:102:8: Unexpected symbol
e: file:///home/dae/Work/VZ/Ljod/app/build.gradle.kts:102:9: Unexpected symbol
e: file:///home/dae/Work/VZ/Ljod/app/build.gradle.kts:102:13: Unexpected symbol
e: file:///home/dae/Work/VZ/Ljod/app/build.gradle.kts:102:14: Unexpected symbol
e: file:///home/dae/Work/VZ/Ljod/app/build.gradle.kts:102:18: Unexpected symbol
e: file:///home/dae/Work/VZ/Ljod/app/build.gradle.kts:102:19: Unexpected symbol
e: file:///home/dae/Work/VZ/Ljod/app/build.gradle.kts:102:27: Unexpected symbol
e: file:///home/dae/Work/VZ/Ljod/app/build.gradle.kts:103:5: Unexpected symbol
e: file:///home/dae/Work/VZ/Ljod/app/build.gradle.kts:103:19: Unexpected symbol
e: file:///home/dae/Work/VZ/Ljod/app/build.gradle.kts:103:20: Unexpected symbol
e: file:///home/dae/Work/VZ/Ljod/app/build.gradle.kts:103:24: Unexpected symbol
e: file:///home/dae/Work/VZ/Ljod/app/build.gradle.kts:103:25: Unexpected symbol
e: file:///home/dae/Work/VZ/Ljod/app/build.gradle.kts:103:34: Unexpected symbol
e: file:///home/dae/Work/VZ/Ljod/app/build.gradle.kts:103:35: Unexpected symbol
e: file:///home/dae/Work/VZ/Ljod/app/build.gradle.kts:103:46: Unexpected symbol
e: file:///home/dae/Work/VZ/Ljod/app/build.gradle.kts:106:5: Unexpected symbol
e: file:///home/dae/Work/VZ/Ljod/app/build.gradle.kts:106:19: Unexpected symbol
e: file:///home/dae/Work/VZ/Ljod/app/build.gradle.kts:106:20: Unexpected symbol
e: file:///home/dae/Work/VZ/Ljod/app/build.gradle.kts:106:24: Unexpected symbol
e: file:///home/dae/Work/VZ/Ljod/app/build.gradle.kts:106:25: Unexpected symbol
e: file:///home/dae/Work/VZ/Ljod/app/build.gradle.kts:106:31: Unexpected symbol
e: file:///home/dae/Work/VZ/Ljod/app/build.gradle.kts:109:5: Unexpected symbol
e: file:///home/dae/Work/VZ/Ljod/app/build.gradle.kts:109:19: Unexpected symbol
e: file:///home/dae/Work/VZ/Ljod/app/build.gradle.kts:109:20: Unexpected symbol
e: file:///home/dae/Work/VZ/Ljod/app/build.gradle.kts:109:24: Unexpected symbol
e: file:///home/dae/Work/VZ/Ljod/app/build.gradle.kts:109:25: Unexpected symbol
e: file:///home/dae/Work/VZ/Ljod/app/build.gradle.kts:109:32: Unexpected symbol
e: file:///home/dae/Work/VZ/Ljod/app/build.gradle.kts:109:33: Unexpected symbol
e: file:///home/dae/Work/VZ/Ljod/app/build.gradle.kts:109:46: Unexpected symbol
e: file:///home/dae/Work/VZ/Ljod/app/build.gradle.kts:109:47: Unexpected symbol
e: file:///home/dae/Work/VZ/Ljod/app/build.gradle.kts:109:51: Unexpected symbol
e: file:///home/dae/Work/VZ/Ljod/app/build.gradle.kts:110:5: Unexpected symbol
e: file:///home/dae/Work/VZ/Ljod/app/build.gradle.kts:110:19: Unexpected symbol
e: file:///home/dae/Work/VZ/Ljod/app/build.gradle.kts:110:20: Unexpected symbol
e: file:///home/dae/Work/VZ/Ljod/app/build.gradle.kts:110:24: Unexpected symbol
e: file:///home/dae/Work/VZ/Ljod/app/build.gradle.kts:110:25: Unexpected symbol
e: file:///home/dae/Work/VZ/Ljod/app/build.gradle.kts:110:32: Unexpected symbol
e: file:///home/dae/Work/VZ/Ljod/app/build.gradle.kts:110:33: Unexpected symbol
e: file:///home/dae/Work/VZ/Ljod/app/build.gradle.kts:110:43: Unexpected symbol
e: file:///home/dae/Work/VZ/Ljod/app/build.gradle.kts:113:5: Unexpected symbol
e: file:///home/dae/Work/VZ/Ljod/app/build.gradle.kts:113:19: Unexpected symbol
e: file:///home/dae/Work/VZ/Ljod/app/build.gradle.kts:113:20: Unexpected symbol
e: file:///home/dae/Work/VZ/Ljod/app/build.gradle.kts:113:24: Unexpected symbol
e: file:///home/dae/Work/VZ/Ljod/app/build.gradle.kts:113:25: Unexpected symbol
e: file:///home/dae/Work/VZ/Ljod/app/build.gradle.kts:113:29: Unexpected symbol
e: file:///home/dae/Work/VZ/Ljod/app/build.gradle.kts:113:30: Unexpected symbol
e: file:///home/dae/Work/VZ/Ljod/app/build.gradle.kts:113:37: Unexpected symbol
e: file:///home/dae/Work/VZ/Ljod/app/build.gradle.kts:114:5: Unexpected symbol
e: file:///home/dae/Work/VZ/Ljod/app/build.gradle.kts:114:19: Unexpected symbol
e: file:///home/dae/Work/VZ/Ljod/app/build.gradle.kts:114:20: Unexpected symbol
e: file:///home/dae/Work/VZ/Ljod/app/build.gradle.kts:114:24: Unexpected symbol
e: file:///home/dae/Work/VZ/Ljod/app/build.gradle.kts:114:25: Unexpected symbol
e: file:///home/dae/Work/VZ/Ljod/app/build.gradle.kts:114:29: Unexpected symbol
e: file:///home/dae/Work/VZ/Ljod/app/build.gradle.kts:114:30: Unexpected symbol
e: file:///home/dae/Work/VZ/Ljod/app/build.gradle.kts:114:37: Unexpected symbol
e: file:///home/dae/Work/VZ/Ljod/app/build.gradle.kts:114:38: Unexpected symbol
e: file:///home/dae/Work/VZ/Ljod/app/build.gradle.kts:114:44: Unexpected symbol
e: file:///home/dae/Work/VZ/Ljod/app/build.gradle.kts:117:5: Unexpected symbol
e: file:///home/dae/Work/VZ/Ljod/app/build.gradle.kts:117:19: Unexpected symbol
e: file:///home/dae/Work/VZ/Ljod/app/build.gradle.kts:117:20: Unexpected symbol
e: file:///home/dae/Work/VZ/Ljod/app/build.gradle.kts:117:24: Unexpected symbol
e: file:///home/dae/Work/VZ/Ljod/app/build.gradle.kts:117:25: Unexpected symbol
e: file:///home/dae/Work/VZ/Ljod/app/build.gradle.kts:117:31: Unexpected symbol
e: file:///home/dae/Work/VZ/Ljod/app/build.gradle.kts:118:5: Unexpected symbol
e: file:///home/dae/Work/VZ/Ljod/app/build.gradle.kts:118:19: Unexpected symbol
e: file:///home/dae/Work/VZ/Ljod/app/build.gradle.kts:118:20: Unexpected symbol
e: file:///home/dae/Work/VZ/Ljod/app/build.gradle.kts:118:24: Unexpected symbol
e: file:///home/dae/Work/VZ/Ljod/app/build.gradle.kts:118:25: Unexpected symbol
e: file:///home/dae/Work/VZ/Ljod/app/build.gradle.kts:118:31: Unexpected symbol
e: file:///home/dae/Work/VZ/Ljod/app/build.gradle.kts:118:32: Unexpected symbol
e: file:///home/dae/Work/VZ/Ljod/app/build.gradle.kts:118:39: Unexpected symbol
e: file:///home/dae/Work/VZ/Ljod/app/build.gradle.kts:119:5: Unexpected symbol
e: file:///home/dae/Work/VZ/Ljod/app/build.gradle.kts:119:19: Unexpected symbol
e: file:///home/dae/Work/VZ/Ljod/app/build.gradle.kts:119:20: Unexpected symbol
e: file:///home/dae/Work/VZ/Ljod/app/build.gradle.kts:119:24: Unexpected symbol
e: file:///home/dae/Work/VZ/Ljod/app/build.gradle.kts:119:25: Unexpected symbol
e: file:///home/dae/Work/VZ/Ljod/app/build.gradle.kts:119:33: Unexpected symbol
e: file:///home/dae/Work/VZ/Ljod/app/build.gradle.kts:120:5: Unexpected symbol
e: file:///home/dae/Work/VZ/Ljod/app/build.gradle.kts:120:19: Unexpected symbol
e: file:///home/dae/Work/VZ/Ljod/app/build.gradle.kts:120:20: Unexpected symbol
e: file:///home/dae/Work/VZ/Ljod/app/build.gradle.kts:120:24: Unexpected symbol
e: file:///home/dae/Work/VZ/Ljod/app/build.gradle.kts:120:25: Unexpected symbol
e: file:///home/dae/Work/VZ/Ljod/app/build.gradle.kts:120:33: Unexpected symbol
e: file:///home/dae/Work/VZ/Ljod/app/build.gradle.kts:120:34: Unexpected symbol
e: file:///home/dae/Work/VZ/Ljod/app/build.gradle.kts:120:41: Unexpected symbol
e: file:///home/dae/Work/VZ/Ljod/app/build.gradle.kts:123:5: Unexpected symbol
e: file:///home/dae/Work/VZ/Ljod/app/build.gradle.kts:123:19: Unexpected symbol
e: file:///home/dae/Work/VZ/Ljod/app/build.gradle.kts:123:20: Unexpected symbol
e: file:///home/dae/Work/VZ/Ljod/app/build.gradle.kts:123:24: Unexpected symbol
e: file:///home/dae/Work/VZ/Ljod/app/build.gradle.kts:123:25: Unexpected symbol
e: file:///home/dae/Work/VZ/Ljod/app/build.gradle.kts:123:34: Unexpected symbol
e: file:///home/dae/Work/VZ/Ljod/app/build.gradle.kts:124:5: Unexpected symbol
e: file:///home/dae/Work/VZ/Ljod/app/build.gradle.kts:124:19: Unexpected symbol
e: file:///home/dae/Work/VZ/Ljod/app/build.gradle.kts:124:20: Unexpected symbol
e: file:///home/dae/Work/VZ/Ljod/app/build.gradle.kts:124:24: Unexpected symbol
e: file:///home/dae/Work/VZ/Ljod/app/build.gradle.kts:124:25: Unexpected symbol
e: file:///home/dae/Work/VZ/Ljod/app/build.gradle.kts:124:33: Unexpected symbol
e: file:///home/dae/Work/VZ/Ljod/app/build.gradle.kts:124:34: Unexpected symbol
e: file:///home/dae/Work/VZ/Ljod/app/build.gradle.kts:124:40: Unexpected symbol
e: file:///home/dae/Work/VZ/Ljod/app/build.gradle.kts:127:5: Unexpected symbol
e: file:///home/dae/Work/VZ/Ljod/app/build.gradle.kts:127:19: Unexpected symbol
e: file:///home/dae/Work/VZ/Ljod/app/build.gradle.kts:127:20: Unexpected symbol
e: file:///home/dae/Work/VZ/Ljod/app/build.gradle.kts:127:24: Unexpected symbol
e: file:///home/dae/Work/VZ/Ljod/app/build.gradle.kts:127:25: Unexpected symbol
e: file:///home/dae/Work/VZ/Ljod/app/build.gradle.kts:127:36: Unexpected symbol
e: file:///home/dae/Work/VZ/Ljod/app/build.gradle.kts:128:5: Unexpected symbol
e: file:///home/dae/Work/VZ/Ljod/app/build.gradle.kts:128:19: Unexpected symbol
e: file:///home/dae/Work/VZ/Ljod/app/build.gradle.kts:128:20: Unexpected symbol
e: file:///home/dae/Work/VZ/Ljod/app/build.gradle.kts:128:24: Unexpected symbol
e: file:///home/dae/Work/VZ/Ljod/app/build.gradle.kts:128:25: Unexpected symbol
e: file:///home/dae/Work/VZ/Ljod/app/build.gradle.kts:128:33: Unexpected symbol
e: file:///home/dae/Work/VZ/Ljod/app/build.gradle.kts:128:34: Unexpected symbol
e: file:///home/dae/Work/VZ/Ljod/app/build.gradle.kts:128:41: Unexpected symbol
e: file:///home/dae/Work/VZ/Ljod/app/build.gradle.kts:131:5: Unexpected symbol
e: file:///home/dae/Work/VZ/Ljod/app/build.gradle.kts:131:19: Unexpected symbol
e: file:///home/dae/Work/VZ/Ljod/app/build.gradle.kts:131:20: Unexpected symbol
e: file:///home/dae/Work/VZ/Ljod/app/build.gradle.kts:131:24: Unexpected symbol
e: file:///home/dae/Work/VZ/Ljod/app/build.gradle.kts:131:25: Unexpected symbol
e: file:///home/dae/Work/VZ/Ljod/app/build.gradle.kts:131:34: Unexpected symbol
e: file:///home/dae/Work/VZ/Ljod/app/build.gradle.kts:131:35: Unexpected symbol
e: file:///home/dae/Work/VZ/Ljod/app/build.gradle.kts:131:46: Unexpected symbol
e: file:///home/dae/Work/VZ/Ljod/app/build.gradle.kts:132:5: Unexpected symbol
e: file:///home/dae/Work/VZ/Ljod/app/build.gradle.kts:132:19: Unexpected symbol
e: file:///home/dae/Work/VZ/Ljod/app/build.gradle.kts:132:20: Unexpected symbol
e: file:///home/dae/Work/VZ/Ljod/app/build.gradle.kts:132:24: Unexpected symbol
e: file:///home/dae/Work/VZ/Ljod/app/build.gradle.kts:132:25: Unexpected symbol
e: file:///home/dae/Work/VZ/Ljod/app/build.gradle.kts:132:34: Unexpected symbol
e: file:///home/dae/Work/VZ/Ljod/app/build.gradle.kts:133:5: Unexpected symbol
e: file:///home/dae/Work/VZ/Ljod/app/build.gradle.kts:133:19: Unexpected symbol
e: file:///home/dae/Work/VZ/Ljod/app/build.gradle.kts:133:20: Unexpected symbol
e: file:///home/dae/Work/VZ/Ljod/app/build.gradle.kts:133:24: Unexpected symbol
e: file:///home/dae/Work/VZ/Ljod/app/build.gradle.kts:133:25: Unexpected symbol
e: file:///home/dae/Work/VZ/Ljod/app/build.gradle.kts:133:31: Unexpected symbol
e: file:///home/dae/Work/VZ/Ljod/app/build.gradle.kts:134:5: Unexpected symbol
e: file:///home/dae/Work/VZ/Ljod/app/build.gradle.kts:134:19: Unexpected symbol
e: file:///home/dae/Work/VZ/Ljod/app/build.gradle.kts:134:20: Unexpected symbol
e: file:///home/dae/Work/VZ/Ljod/app/build.gradle.kts:134:24: Unexpected symbol
e: file:///home/dae/Work/VZ/Ljod/app/build.gradle.kts:134:25: Unexpected symbol
e: file:///home/dae/Work/VZ/Ljod/app/build.gradle.kts:134:31: Unexpected symbol
e: file:///home/dae/Work/VZ/Ljod/app/build.gradle.kts:134:32: Unexpected symbol
e: file:///home/dae/Work/VZ/Ljod/app/build.gradle.kts:134:41: Unexpected symbol
e: file:///home/dae/Work/VZ/Ljod/app/build.gradle.kts:137:5: Unexpected symbol
e: file:///home/dae/Work/VZ/Ljod/app/build.gradle.kts:137:26: Unexpected symbol
e: file:///home/dae/Work/VZ/Ljod/app/build.gradle.kts:137:27: Unexpected symbol
e: file:///home/dae/Work/VZ/Ljod/app/build.gradle.kts:137:31: Unexpected symbol
e: file:///home/dae/Work/VZ/Ljod/app/build.gradle.kts:137:32: Unexpected symbol
e: file:///home/dae/Work/VZ/Ljod/app/build.gradle.kts:137:39: Unexpected symbol
e: file:///home/dae/Work/VZ/Ljod/app/build.gradle.kts:138:1: Unexpected symbol

FAILURE: Build failed with an exception.

* Where:
Build file '/home/dae/Work/VZ/Ljod/app/build.gradle.kts' line: 69

* What went wrong:
Script compilation errors:

  Line 069: }
            ^ Unexpected symbol

  Line 071: dependencies {
            ^ Unexpected symbol

  Line 071: dependencies {
                         ^ Unexpected symbol

  Line 073:     val composeBom = platform(libs.compose.bom)
                ^ Unexpected symbol

  Line 073:     val composeBom = platform(libs.compose.bom)
                    ^ Unexpected symbol

  Line 073:     val composeBom = platform(libs.compose.bom)
                               ^ Unexpected symbol

  Line 073:     val composeBom = platform(libs.compose.bom)
                                 ^ Unexpected symbol

  Line 073:     val composeBom = platform(libs.compose.bom)
                                         ^ Unexpected symbol

  Line 073:     val composeBom = platform(libs.compose.bom)
                                          ^ Unexpected symbol

  Line 073:     val composeBom = platform(libs.compose.bom)
                                              ^ Unexpected symbol

  Line 073:     val composeBom = platform(libs.compose.bom)
                                               ^ Unexpected symbol

  Line 073:     val composeBom = platform(libs.compose.bom)
                                                      ^ Unexpected symbol

  Line 073:     val composeBom = platform(libs.compose.bom)
                                                       ^ Unexpected symbol

  Line 073:     val composeBom = platform(libs.compose.bom)
                                                          ^ Unexpected symbol

  Line 074:     implementation(composeBom)
                ^ Unexpected symbol

  Line 074:     implementation(composeBom)
                              ^ Unexpected symbol

  Line 074:     implementation(composeBom)
                               ^ Unexpected symbol

  Line 074:     implementation(composeBom)
                                         ^ Unexpected symbol

  Line 075:     implementation(libs.compose.ui)
                ^ Unexpected symbol

  Line 075:     implementation(libs.compose.ui)
                              ^ Unexpected symbol

  Line 075:     implementation(libs.compose.ui)
                               ^ Unexpected symbol

  Line 075:     implementation(libs.compose.ui)
                                   ^ Unexpected symbol

  Line 075:     implementation(libs.compose.ui)
                                    ^ Unexpected symbol

  Line 075:     implementation(libs.compose.ui)
                                           ^ Unexpected symbol

  Line 075:     implementation(libs.compose.ui)
                                            ^ Unexpected symbol

  Line 075:     implementation(libs.compose.ui)
                                              ^ Unexpected symbol

  Line 076:     implementation(libs.compose.ui.graphics)
                ^ Unexpected symbol

  Line 076:     implementation(libs.compose.ui.graphics)
                              ^ Unexpected symbol

  Line 076:     implementation(libs.compose.ui.graphics)
                               ^ Unexpected symbol

  Line 076:     implementation(libs.compose.ui.graphics)
                                   ^ Unexpected symbol

  Line 076:     implementation(libs.compose.ui.graphics)
                                    ^ Unexpected symbol

  Line 076:     implementation(libs.compose.ui.graphics)
                                           ^ Unexpected symbol

  Line 076:     implementation(libs.compose.ui.graphics)
                                            ^ Unexpected symbol

  Line 076:     implementation(libs.compose.ui.graphics)
                                              ^ Unexpected symbol

  Line 076:     implementation(libs.compose.ui.graphics)
                                               ^ Unexpected symbol

  Line 076:     implementation(libs.compose.ui.graphics)
                                                       ^ Unexpected symbol

  Line 077:     implementation(libs.compose.material3)
                ^ Unexpected symbol

  Line 077:     implementation(libs.compose.material3)
                              ^ Unexpected symbol

  Line 077:     implementation(libs.compose.material3)
                               ^ Unexpected symbol

  Line 077:     implementation(libs.compose.material3)
                                   ^ Unexpected symbol

  Line 077:     implementation(libs.compose.material3)
                                    ^ Unexpected symbol

  Line 077:     implementation(libs.compose.material3)
                                           ^ Unexpected symbol

  Line 077:     implementation(libs.compose.material3)
                                            ^ Unexpected symbol

  Line 077:     implementation(libs.compose.material3)
                                                     ^ Unexpected symbol

  Line 078:     implementation(libs.compose.material.icons)
                ^ Unexpected symbol

  Line 078:     implementation(libs.compose.material.icons)
                              ^ Unexpected symbol

  Line 078:     implementation(libs.compose.material.icons)
                               ^ Unexpected symbol

  Line 078:     implementation(libs.compose.material.icons)
                                   ^ Unexpected symbol

  Line 078:     implementation(libs.compose.material.icons)
                                    ^ Unexpected symbol

  Line 078:     implementation(libs.compose.material.icons)
                                           ^ Unexpected symbol

  Line 078:     implementation(libs.compose.material.icons)
                                            ^ Unexpected symbol

  Line 078:     implementation(libs.compose.material.icons)
                                                    ^ Unexpected symbol

  Line 078:     implementation(libs.compose.material.icons)
                                                     ^ Unexpected symbol

  Line 078:     implementation(libs.compose.material.icons)
                                                          ^ Unexpected symbol

  Line 079:     implementation(libs.compose.animation)
                ^ Unexpected symbol

  Line 079:     implementation(libs.compose.animation)
                              ^ Unexpected symbol

  Line 079:     implementation(libs.compose.animation)
                               ^ Unexpected symbol

  Line 079:     implementation(libs.compose.animation)
                                   ^ Unexpected symbol

  Line 079:     implementation(libs.compose.animation)
                                    ^ Unexpected symbol

  Line 079:     implementation(libs.compose.animation)
                                           ^ Unexpected symbol

  Line 079:     implementation(libs.compose.animation)
                                            ^ Unexpected symbol

  Line 079:     implementation(libs.compose.animation)
                                                     ^ Unexpected symbol

  Line 080:     implementation(libs.compose.foundation)
                ^ Unexpected symbol

  Line 080:     implementation(libs.compose.foundation)
                              ^ Unexpected symbol

  Line 080:     implementation(libs.compose.foundation)
                               ^ Unexpected symbol

  Line 080:     implementation(libs.compose.foundation)
                                   ^ Unexpected symbol

  Line 080:     implementation(libs.compose.foundation)
                                    ^ Unexpected symbol

  Line 080:     implementation(libs.compose.foundation)
                                           ^ Unexpected symbol

  Line 080:     implementation(libs.compose.foundation)
                                            ^ Unexpected symbol

  Line 080:     implementation(libs.compose.foundation)
                                                      ^ Unexpected symbol

  Line 081:     debugImplementation(libs.compose.ui.tooling)
                ^ Unexpected symbol

  Line 081:     debugImplementation(libs.compose.ui.tooling)
                                   ^ Unexpected symbol

  Line 081:     debugImplementation(libs.compose.ui.tooling)
                                    ^ Unexpected symbol

  Line 081:     debugImplementation(libs.compose.ui.tooling)
                                        ^ Unexpected symbol

  Line 081:     debugImplementation(libs.compose.ui.tooling)
                                         ^ Unexpected symbol

  Line 081:     debugImplementation(libs.compose.ui.tooling)
                                                ^ Unexpected symbol

  Line 081:     debugImplementation(libs.compose.ui.tooling)
                                                 ^ Unexpected symbol

  Line 081:     debugImplementation(libs.compose.ui.tooling)
                                                   ^ Unexpected symbol

  Line 081:     debugImplementation(libs.compose.ui.tooling)
                                                    ^ Unexpected symbol

  Line 081:     debugImplementation(libs.compose.ui.tooling)
                                                           ^ Unexpected symbol

  Line 084:     implementation(libs.core.ktx)
                ^ Unexpected symbol

  Line 084:     implementation(libs.core.ktx)
                              ^ Unexpected symbol

  Line 084:     implementation(libs.core.ktx)
                               ^ Unexpected symbol

  Line 084:     implementation(libs.core.ktx)
                                   ^ Unexpected symbol

  Line 084:     implementation(libs.core.ktx)
                                    ^ Unexpected symbol

  Line 084:     implementation(libs.core.ktx)
                                        ^ Unexpected symbol

  Line 084:     implementation(libs.core.ktx)
                                         ^ Unexpected symbol

  Line 084:     implementation(libs.core.ktx)
                                            ^ Unexpected symbol

  Line 085:     implementation(libs.activity.compose)
                ^ Unexpected symbol

  Line 085:     implementation(libs.activity.compose)
                              ^ Unexpected symbol

  Line 085:     implementation(libs.activity.compose)
                               ^ Unexpected symbol

  Line 085:     implementation(libs.activity.compose)
                                   ^ Unexpected symbol

  Line 085:     implementation(libs.activity.compose)
                                    ^ Unexpected symbol

  Line 085:     implementation(libs.activity.compose)
                                            ^ Unexpected symbol

  Line 085:     implementation(libs.activity.compose)
                                             ^ Unexpected symbol

  Line 085:     implementation(libs.activity.compose)
                                                    ^ Unexpected symbol

  Line 086:     implementation(libs.lifecycle.runtime)
                ^ Unexpected symbol

  Line 086:     implementation(libs.lifecycle.runtime)
                              ^ Unexpected symbol

  Line 086:     implementation(libs.lifecycle.runtime)
                               ^ Unexpected symbol

  Line 086:     implementation(libs.lifecycle.runtime)
                                   ^ Unexpected symbol

  Line 086:     implementation(libs.lifecycle.runtime)
                                    ^ Unexpected symbol

  Line 086:     implementation(libs.lifecycle.runtime)
                                             ^ Unexpected symbol

  Line 086:     implementation(libs.lifecycle.runtime)
                                              ^ Unexpected symbol

  Line 086:     implementation(libs.lifecycle.runtime)
                                                     ^ Unexpected symbol

  Line 087:     implementation(libs.lifecycle.viewmodel)
                ^ Unexpected symbol

  Line 087:     implementation(libs.lifecycle.viewmodel)
                              ^ Unexpected symbol

  Line 087:     implementation(libs.lifecycle.viewmodel)
                               ^ Unexpected symbol

  Line 087:     implementation(libs.lifecycle.viewmodel)
                                   ^ Unexpected symbol

  Line 087:     implementation(libs.lifecycle.viewmodel)
                                    ^ Unexpected symbol

  Line 087:     implementation(libs.lifecycle.viewmodel)
                                             ^ Unexpected symbol

  Line 087:     implementation(libs.lifecycle.viewmodel)
                                              ^ Unexpected symbol

  Line 087:     implementation(libs.lifecycle.viewmodel)
                                                       ^ Unexpected symbol

  Line 090:     implementation(libs.media3.exoplayer)
                ^ Unexpected symbol

  Line 090:     implementation(libs.media3.exoplayer)
                              ^ Unexpected symbol

  Line 090:     implementation(libs.media3.exoplayer)
                               ^ Unexpected symbol

  Line 090:     implementation(libs.media3.exoplayer)
                                   ^ Unexpected symbol

  Line 090:     implementation(libs.media3.exoplayer)
                                    ^ Unexpected symbol

  Line 090:     implementation(libs.media3.exoplayer)
                                          ^ Unexpected symbol

  Line 090:     implementation(libs.media3.exoplayer)
                                           ^ Unexpected symbol

  Line 090:     implementation(libs.media3.exoplayer)
                                                    ^ Unexpected symbol

  Line 091:     implementation(libs.media3.session)
                ^ Unexpected symbol

  Line 091:     implementation(libs.media3.session)
                              ^ Unexpected symbol

  Line 091:     implementation(libs.media3.session)
                               ^ Unexpected symbol

  Line 091:     implementation(libs.media3.session)
                                   ^ Unexpected symbol

  Line 091:     implementation(libs.media3.session)
                                    ^ Unexpected symbol

  Line 091:     implementation(libs.media3.session)
                                          ^ Unexpected symbol

  Line 091:     implementation(libs.media3.session)
                                           ^ Unexpected symbol

  Line 091:     implementation(libs.media3.session)
                                                  ^ Unexpected symbol

  Line 092:     implementation(libs.media3.common)
                ^ Unexpected symbol

  Line 092:     implementation(libs.media3.common)
                              ^ Unexpected symbol

  Line 092:     implementation(libs.media3.common)
                               ^ Unexpected symbol

  Line 092:     implementation(libs.media3.common)
                                   ^ Unexpected symbol

  Line 092:     implementation(libs.media3.common)
                                    ^ Unexpected symbol

  Line 092:     implementation(libs.media3.common)
                                          ^ Unexpected symbol

  Line 092:     implementation(libs.media3.common)
                                           ^ Unexpected symbol

  Line 092:     implementation(libs.media3.common)
                                                 ^ Unexpected symbol

  Line 095:     implementation(libs.hilt.android)
                ^ Unexpected symbol

  Line 095:     implementation(libs.hilt.android)
                              ^ Unexpected symbol

  Line 095:     implementation(libs.hilt.android)
                               ^ Unexpected symbol

  Line 095:     implementation(libs.hilt.android)
                                   ^ Unexpected symbol

  Line 095:     implementation(libs.hilt.android)
                                    ^ Unexpected symbol

  Line 095:     implementation(libs.hilt.android)
                                        ^ Unexpected symbol

  Line 095:     implementation(libs.hilt.android)
                                         ^ Unexpected symbol

  Line 095:     implementation(libs.hilt.android)
                                                ^ Unexpected symbol

  Line 096:     ksp(libs.hilt.compiler)
                ^ Unexpected symbol

  Line 096:     ksp(libs.hilt.compiler)
                   ^ Unexpected symbol

  Line 096:     ksp(libs.hilt.compiler)
                    ^ Unexpected symbol

  Line 096:     ksp(libs.hilt.compiler)
                        ^ Unexpected symbol

  Line 096:     ksp(libs.hilt.compiler)
                         ^ Unexpected symbol

  Line 096:     ksp(libs.hilt.compiler)
                             ^ Unexpected symbol

  Line 096:     ksp(libs.hilt.compiler)
                              ^ Unexpected symbol

  Line 096:     ksp(libs.hilt.compiler)
                                      ^ Unexpected symbol

  Line 097:     implementation(libs.hilt.navigation)
                ^ Unexpected symbol

  Line 097:     implementation(libs.hilt.navigation)
                              ^ Unexpected symbol

  Line 097:     implementation(libs.hilt.navigation)
                               ^ Unexpected symbol

  Line 097:     implementation(libs.hilt.navigation)
                                   ^ Unexpected symbol

  Line 097:     implementation(libs.hilt.navigation)
                                    ^ Unexpected symbol

  Line 097:     implementation(libs.hilt.navigation)
                                        ^ Unexpected symbol

  Line 097:     implementation(libs.hilt.navigation)
                                         ^ Unexpected symbol

  Line 097:     implementation(libs.hilt.navigation)
                                                   ^ Unexpected symbol

  Line 100:     implementation(libs.room.runtime)
                ^ Unexpected symbol

  Line 100:     implementation(libs.room.runtime)
                              ^ Unexpected symbol

  Line 100:     implementation(libs.room.runtime)
                               ^ Unexpected symbol

  Line 100:     implementation(libs.room.runtime)
                                   ^ Unexpected symbol

  Line 100:     implementation(libs.room.runtime)
                                    ^ Unexpected symbol

  Line 100:     implementation(libs.room.runtime)
                                        ^ Unexpected symbol

  Line 100:     implementation(libs.room.runtime)
                                         ^ Unexpected symbol

  Line 100:     implementation(libs.room.runtime)
                                                ^ Unexpected symbol

  Line 101:     implementation(libs.room.ktx)
                ^ Unexpected symbol

  Line 101:     implementation(libs.room.ktx)
                              ^ Unexpected symbol

  Line 101:     implementation(libs.room.ktx)
                               ^ Unexpected symbol

  Line 101:     implementation(libs.room.ktx)
                                   ^ Unexpected symbol

  Line 101:     implementation(libs.room.ktx)
                                    ^ Unexpected symbol

  Line 101:     implementation(libs.room.ktx)
                                        ^ Unexpected symbol

  Line 101:     implementation(libs.room.ktx)
                                         ^ Unexpected symbol

  Line 101:     implementation(libs.room.ktx)
                                            ^ Unexpected symbol

  Line 102:     ksp(libs.room.compiler)
                ^ Unexpected symbol

  Line 102:     ksp(libs.room.compiler)
                   ^ Unexpected symbol

  Line 102:     ksp(libs.room.compiler)
                    ^ Unexpected symbol

  Line 102:     ksp(libs.room.compiler)
                        ^ Unexpected symbol

  Line 102:     ksp(libs.room.compiler)
                         ^ Unexpected symbol

  Line 102:     ksp(libs.room.compiler)
                             ^ Unexpected symbol

  Line 102:     ksp(libs.room.compiler)
                              ^ Unexpected symbol

  Line 102:     ksp(libs.room.compiler)
                                      ^ Unexpected symbol

  Line 103:     implementation(libs.datastore.preferences)
                ^ Unexpected symbol

  Line 103:     implementation(libs.datastore.preferences)
                              ^ Unexpected symbol

  Line 103:     implementation(libs.datastore.preferences)
                               ^ Unexpected symbol

  Line 103:     implementation(libs.datastore.preferences)
                                   ^ Unexpected symbol

  Line 103:     implementation(libs.datastore.preferences)
                                    ^ Unexpected symbol

  Line 103:     implementation(libs.datastore.preferences)
                                             ^ Unexpected symbol

  Line 103:     implementation(libs.datastore.preferences)
                                              ^ Unexpected symbol

  Line 103:     implementation(libs.datastore.preferences)
                                                         ^ Unexpected symbol

  Line 106:     implementation(libs.timber)
                ^ Unexpected symbol

  Line 106:     implementation(libs.timber)
                              ^ Unexpected symbol

  Line 106:     implementation(libs.timber)
                               ^ Unexpected symbol

  Line 106:     implementation(libs.timber)
                                   ^ Unexpected symbol

  Line 106:     implementation(libs.timber)
                                    ^ Unexpected symbol

  Line 106:     implementation(libs.timber)
                                          ^ Unexpected symbol

  Line 109:     implementation(libs.kotlinx.serialization.json)
                ^ Unexpected symbol

  Line 109:     implementation(libs.kotlinx.serialization.json)
                              ^ Unexpected symbol

  Line 109:     implementation(libs.kotlinx.serialization.json)
                               ^ Unexpected symbol

  Line 109:     implementation(libs.kotlinx.serialization.json)
                                   ^ Unexpected symbol

  Line 109:     implementation(libs.kotlinx.serialization.json)
                                    ^ Unexpected symbol

  Line 109:     implementation(libs.kotlinx.serialization.json)
                                           ^ Unexpected symbol

  Line 109:     implementation(libs.kotlinx.serialization.json)
                                            ^ Unexpected symbol

  Line 109:     implementation(libs.kotlinx.serialization.json)
                                                         ^ Unexpected symbol

  Line 109:     implementation(libs.kotlinx.serialization.json)
                                                          ^ Unexpected symbol

  Line 109:     implementation(libs.kotlinx.serialization.json)
                                                              ^ Unexpected symbol

  Line 110:     implementation(libs.kotlinx.coroutines)
                ^ Unexpected symbol

  Line 110:     implementation(libs.kotlinx.coroutines)
                              ^ Unexpected symbol

  Line 110:     implementation(libs.kotlinx.coroutines)
                               ^ Unexpected symbol

  Line 110:     implementation(libs.kotlinx.coroutines)
                                   ^ Unexpected symbol

  Line 110:     implementation(libs.kotlinx.coroutines)
                                    ^ Unexpected symbol

  Line 110:     implementation(libs.kotlinx.coroutines)
                                           ^ Unexpected symbol

  Line 110:     implementation(libs.kotlinx.coroutines)
                                            ^ Unexpected symbol

  Line 110:     implementation(libs.kotlinx.coroutines)
                                                      ^ Unexpected symbol

  Line 113:     implementation(libs.coil.compose)
                ^ Unexpected symbol

  Line 113:     implementation(libs.coil.compose)
                              ^ Unexpected symbol

  Line 113:     implementation(libs.coil.compose)
                               ^ Unexpected symbol

  Line 113:     implementation(libs.coil.compose)
                                   ^ Unexpected symbol

  Line 113:     implementation(libs.coil.compose)
                                    ^ Unexpected symbol

  Line 113:     implementation(libs.coil.compose)
                                        ^ Unexpected symbol

  Line 113:     implementation(libs.coil.compose)
                                         ^ Unexpected symbol

  Line 113:     implementation(libs.coil.compose)
                                                ^ Unexpected symbol

  Line 114:     implementation(libs.coil.network.okhttp)
                ^ Unexpected symbol

  Line 114:     implementation(libs.coil.network.okhttp)
                              ^ Unexpected symbol

  Line 114:     implementation(libs.coil.network.okhttp)
                               ^ Unexpected symbol

  Line 114:     implementation(libs.coil.network.okhttp)
                                   ^ Unexpected symbol

  Line 114:     implementation(libs.coil.network.okhttp)
                                    ^ Unexpected symbol

  Line 114:     implementation(libs.coil.network.okhttp)
                                        ^ Unexpected symbol

  Line 114:     implementation(libs.coil.network.okhttp)
                                         ^ Unexpected symbol

  Line 114:     implementation(libs.coil.network.okhttp)
                                                ^ Unexpected symbol

  Line 114:     implementation(libs.coil.network.okhttp)
                                                 ^ Unexpected symbol

  Line 114:     implementation(libs.coil.network.okhttp)
                                                       ^ Unexpected symbol

  Line 117:     implementation(libs.okhttp)
                ^ Unexpected symbol

  Line 117:     implementation(libs.okhttp)
                              ^ Unexpected symbol

  Line 117:     implementation(libs.okhttp)
                               ^ Unexpected symbol

  Line 117:     implementation(libs.okhttp)
                                   ^ Unexpected symbol

  Line 117:     implementation(libs.okhttp)
                                    ^ Unexpected symbol

  Line 117:     implementation(libs.okhttp)
                                          ^ Unexpected symbol

  Line 118:     implementation(libs.okhttp.logging)
                ^ Unexpected symbol

  Line 118:     implementation(libs.okhttp.logging)
                              ^ Unexpected symbol

  Line 118:     implementation(libs.okhttp.logging)
                               ^ Unexpected symbol

  Line 118:     implementation(libs.okhttp.logging)
                                   ^ Unexpected symbol

  Line 118:     implementation(libs.okhttp.logging)
                                    ^ Unexpected symbol

  Line 118:     implementation(libs.okhttp.logging)
                                          ^ Unexpected symbol

  Line 118:     implementation(libs.okhttp.logging)
                                           ^ Unexpected symbol

  Line 118:     implementation(libs.okhttp.logging)
                                                  ^ Unexpected symbol

  Line 119:     implementation(libs.retrofit)
                ^ Unexpected symbol

  Line 119:     implementation(libs.retrofit)
                              ^ Unexpected symbol

  Line 119:     implementation(libs.retrofit)
                               ^ Unexpected symbol

  Line 119:     implementation(libs.retrofit)
                                   ^ Unexpected symbol

  Line 119:     implementation(libs.retrofit)
                                    ^ Unexpected symbol

  Line 119:     implementation(libs.retrofit)
                                            ^ Unexpected symbol

  Line 120:     implementation(libs.retrofit.kotlinx)
                ^ Unexpected symbol

  Line 120:     implementation(libs.retrofit.kotlinx)
                              ^ Unexpected symbol

  Line 120:     implementation(libs.retrofit.kotlinx)
                               ^ Unexpected symbol

  Line 120:     implementation(libs.retrofit.kotlinx)
                                   ^ Unexpected symbol

  Line 120:     implementation(libs.retrofit.kotlinx)
                                    ^ Unexpected symbol

  Line 120:     implementation(libs.retrofit.kotlinx)
                                            ^ Unexpected symbol

  Line 120:     implementation(libs.retrofit.kotlinx)
                                             ^ Unexpected symbol

  Line 120:     implementation(libs.retrofit.kotlinx)
                                                    ^ Unexpected symbol

  Line 123:     implementation(libs.biometric)
                ^ Unexpected symbol

  Line 123:     implementation(libs.biometric)
                              ^ Unexpected symbol

  Line 123:     implementation(libs.biometric)
                               ^ Unexpected symbol

  Line 123:     implementation(libs.biometric)
                                   ^ Unexpected symbol

  Line 123:     implementation(libs.biometric)
                                    ^ Unexpected symbol

  Line 123:     implementation(libs.biometric)
                                             ^ Unexpected symbol

  Line 124:     implementation(libs.security.crypto)
                ^ Unexpected symbol

  Line 124:     implementation(libs.security.crypto)
                              ^ Unexpected symbol

  Line 124:     implementation(libs.security.crypto)
                               ^ Unexpected symbol

  Line 124:     implementation(libs.security.crypto)
                                   ^ Unexpected symbol

  Line 124:     implementation(libs.security.crypto)
                                    ^ Unexpected symbol

  Line 124:     implementation(libs.security.crypto)
                                            ^ Unexpected symbol

  Line 124:     implementation(libs.security.crypto)
                                             ^ Unexpected symbol

  Line 124:     implementation(libs.security.crypto)
                                                   ^ Unexpected symbol

  Line 127:     implementation(libs.workmanager)
                ^ Unexpected symbol

  Line 127:     implementation(libs.workmanager)
                              ^ Unexpected symbol

  Line 127:     implementation(libs.workmanager)
                               ^ Unexpected symbol

  Line 127:     implementation(libs.workmanager)
                                   ^ Unexpected symbol

  Line 127:     implementation(libs.workmanager)
                                    ^ Unexpected symbol

  Line 127:     implementation(libs.workmanager)
                                               ^ Unexpected symbol

  Line 128:     implementation(libs.fragment.compose)
                ^ Unexpected symbol

  Line 128:     implementation(libs.fragment.compose)
                              ^ Unexpected symbol

  Line 128:     implementation(libs.fragment.compose)
                               ^ Unexpected symbol

  Line 128:     implementation(libs.fragment.compose)
                                   ^ Unexpected symbol

  Line 128:     implementation(libs.fragment.compose)
                                    ^ Unexpected symbol

  Line 128:     implementation(libs.fragment.compose)
                                            ^ Unexpected symbol

  Line 128:     implementation(libs.fragment.compose)
                                             ^ Unexpected symbol

  Line 128:     implementation(libs.fragment.compose)
                                                    ^ Unexpected symbol

  Line 131:     implementation(libs.datastore.preferences)
                ^ Unexpected symbol

  Line 131:     implementation(libs.datastore.preferences)
                              ^ Unexpected symbol

  Line 131:     implementation(libs.datastore.preferences)
                               ^ Unexpected symbol

  Line 131:     implementation(libs.datastore.preferences)
                                   ^ Unexpected symbol

  Line 131:     implementation(libs.datastore.preferences)
                                    ^ Unexpected symbol

  Line 131:     implementation(libs.datastore.preferences)
                                             ^ Unexpected symbol

  Line 131:     implementation(libs.datastore.preferences)
                                              ^ Unexpected symbol

  Line 131:     implementation(libs.datastore.preferences)
                                                         ^ Unexpected symbol

  Line 132:     implementation(libs.datastore)
                ^ Unexpected symbol

  Line 132:     implementation(libs.datastore)
                              ^ Unexpected symbol

  Line 132:     implementation(libs.datastore)
                               ^ Unexpected symbol

  Line 132:     implementation(libs.datastore)
                                   ^ Unexpected symbol

  Line 132:     implementation(libs.datastore)
                                    ^ Unexpected symbol

  Line 132:     implementation(libs.datastore)
                                             ^ Unexpected symbol

  Line 133:     implementation(libs.glance)
                ^ Unexpected symbol

  Line 133:     implementation(libs.glance)
                              ^ Unexpected symbol

  Line 133:     implementation(libs.glance)
                               ^ Unexpected symbol

  Line 133:     implementation(libs.glance)
                                   ^ Unexpected symbol

  Line 133:     implementation(libs.glance)
                                    ^ Unexpected symbol

  Line 133:     implementation(libs.glance)
                                          ^ Unexpected symbol

  Line 134:     implementation(libs.glance.material3)
                ^ Unexpected symbol

  Line 134:     implementation(libs.glance.material3)
                              ^ Unexpected symbol

  Line 134:     implementation(libs.glance.material3)
                               ^ Unexpected symbol

  Line 134:     implementation(libs.glance.material3)
                                   ^ Unexpected symbol

  Line 134:     implementation(libs.glance.material3)
                                    ^ Unexpected symbol

  Line 134:     implementation(libs.glance.material3)
                                          ^ Unexpected symbol

  Line 134:     implementation(libs.glance.material3)
                                           ^ Unexpected symbol

  Line 134:     implementation(libs.glance.material3)
                                                    ^ Unexpected symbol

  Line 137:     coreLibraryDesugaring(libs.desugar)
                ^ Unexpected symbol

  Line 137:     coreLibraryDesugaring(libs.desugar)
                                     ^ Unexpected symbol

  Line 137:     coreLibraryDesugaring(libs.desugar)
                                      ^ Unexpected symbol

  Line 137:     coreLibraryDesugaring(libs.desugar)
                                          ^ Unexpected symbol

  Line 137:     coreLibraryDesugaring(libs.desugar)
                                           ^ Unexpected symbol

  Line 137:     coreLibraryDesugaring(libs.desugar)
                                                  ^ Unexpected symbol

  Line 138: }
            ^ Unexpected symbol

325 errors

* Try:
> Run with --stacktrace option to get the stack trace.
> Run with --info or --debug option to get more log output.
> Run with --scan to get full insights from a Build Scan (powered by Develocity).
> Get more help at https://help.gradle.org.

BUILD FAILED in 1s
[ERROR] client    TOOLING API: Error fetching model: Could not fetch model of type 'EclipseProject' using connection to Gradle distribution 'https://services.gradle.org/distributions/gradle-9.7.1-bin.zip'.
[ERROR] client    TOOLING API: EXCEPTION during resolution for /home/dae/Work/VZ/Ljod/app: Could not fetch model of type 'EclipseProject' using connection to Gradle distribution 'https://services.gradle.org/distributions/gradle-9.7.1-bin.zip'.
[WARN] client    TOOLING API: Falling back to CLI for /home/dae/Work/VZ/Ljod/app
[ERROR] client    CLI: Gradle task FAILED: e: file:///home/dae/Work/VZ/Ljod/app/build.gradle.kts:69:1: Unexpected symbol
e: file:///home/dae/Work/VZ/Ljod/app/build.gradle.kts:71:1: Unexpected symbol
e: file:///home/dae/Work/VZ/Ljod/app/build.gradle.kts:71:14: Unexpected symbol
e: file:///home/dae/Work/VZ/Ljod/app/build.gradle.kts:73:5: Unexpected symbol
e: file:///home/dae/Work/VZ/Ljod/app/build.gradle.kts:73:9: Unexpected symbol
e: file:///home/dae/Work/VZ/Ljod/app/build.gradle.kts:73:20: Unexpected symbol
e: file:///home/dae/Work/VZ/Ljod/app/build.gradle.kts:73:22: Unexpected symbol
e: file:///home/dae/Work/VZ/Ljod/app/build.gradle.kts:73:30: Unexpected symbol
e: file:///home/dae/Work/VZ/Ljod/app/build.gradle.kts:73:31: Unexpected symbol
e: file:///home/dae/Work/VZ/Ljod/app/build.gradle.kts:73:35: Unexpected symbol
e: file:///home/dae/Work/VZ/Ljod/app/build.gradle.kts:73:36: Unexpected symbol
e: file:///home/dae/Work/VZ/Ljod/app/build.gradle.kts:73:43: Unexpected symbol
e: file:///home/dae/Work/VZ/Ljod/app/build.gradle.kts:73:44: Unexpected symbol
e: file:///home/dae/Work/VZ/Ljod/app/build.gradle.kts:73:47: Unexpected symbol
e: file:///home/dae/Work/VZ/Ljod/app/build.gradle.kts:74:5: Unexpected symbol
e: file:///home/dae/Work/VZ/Ljod/app/build.gradle.kts:74:19: Unexpected symbol
e: file:///home/dae/Work/VZ/Ljod/app/build.gradle.kts:74:20: Unexpected symbol
e: file:///home/dae/Work/VZ/Ljod/app/build.gradle.kts:74:30: Unexpected symbol
e: file:///home/dae/Work/VZ/Ljod/app/build.gradle.kts:75:5: Unexpected symbol
e: file:///home/dae/Work/VZ/Ljod/app/build.gradle.kts:75:19: Unexpected symbol
e: file:///home/dae/Work/VZ/Ljod/app/build.gradle.kts:75:20: Unexpected symbol
e: file:///home/dae/Work/VZ/Ljod/app/build.gradle.kts:75:24: Unexpected symbol
e: file:///home/dae/Work/VZ/Ljod/app/build.gradle.kts:75:25: Unexpected symbol
e: file:///home/dae/Work/VZ/Ljod/app/build.gradle.kts:75:32: Unexpected symbol
e: file:///home/dae/Work/VZ/Ljod/app/build.gradle.kts:75:33: Unexpected symbol
e: file:///home/dae/Work/VZ/Ljod/app/build.gradle.kts:75:35: Unexpected symbol
e: file:///home/dae/Work/VZ/Ljod/app/build.gradle.kts:76:5: Unexpected symbol
e: file:///home/dae/Work/VZ/Ljod/app/build.gradle.kts:76:19: Unexpected symbol
e: file:///home/dae/Work/VZ/Ljod/app/build.gradle.kts:76:20: Unexpected symbol
e: file:///home/dae/Work/VZ/Ljod/app/build.gradle.kts:76:24: Unexpected symbol
e: file:///home/dae/Work/VZ/Ljod/app/build.gradle.kts:76:25: Unexpected symbol
e: file:///home/dae/Work/VZ/Ljod/app/build.gradle.kts:76:32: Unexpected symbol
e: file:///home/dae/Work/VZ/Ljod/app/build.gradle.kts:76:33: Unexpected symbol
e: file:///home/dae/Work/VZ/Ljod/app/build.gradle.kts:76:35: Unexpected symbol
e: file:///home/dae/Work/VZ/Ljod/app/build.gradle.kts:76:36: Unexpected symbol
e: file:///home/dae/Work/VZ/Ljod/app/build.gradle.kts:76:44: Unexpected symbol
e: file:///home/dae/Work/VZ/Ljod/app/build.gradle.kts:77:5: Unexpected symbol
e: file:///home/dae/Work/VZ/Ljod/app/build.gradle.kts:77:19: Unexpected symbol
e: file:///home/dae/Work/VZ/Ljod/app/build.gradle.kts:77:20: Unexpected symbol
e: file:///home/dae/Work/VZ/Ljod/app/build.gradle.kts:77:24: Unexpected symbol
e: file:///home/dae/Work/VZ/Ljod/app/build.gradle.kts:77:25: Unexpected symbol
e: file:///home/dae/Work/VZ/Ljod/app/build.gradle.kts:77:32: Unexpected symbol
e: file:///home/dae/Work/VZ/Ljod/app/build.gradle.kts:77:33: Unexpected symbol
e: file:///home/dae/Work/VZ/Ljod/app/build.gradle.kts:77:42: Unexpected symbol
e: file:///home/dae/Work/VZ/Ljod/app/build.gradle.kts:78:5: Unexpected symbol
e: file:///home/dae/Work/VZ/Ljod/app/build.gradle.kts:78:19: Unexpected symbol
e: file:///home/dae/Work/VZ/Ljod/app/build.gradle.kts:78:20: Unexpected symbol
e: file:///home/dae/Work/VZ/Ljod/app/build.gradle.kts:78:24: Unexpected symbol
e: file:///home/dae/Work/VZ/Ljod/app/build.gradle.kts:78:25: Unexpected symbol
e: file:///home/dae/Work/VZ/Ljod/app/build.gradle.kts:78:32: Unexpected symbol
e: file:///home/dae/Work/VZ/Ljod/app/build.gradle.kts:78:33: Unexpected symbol
e: file:///home/dae/Work/VZ/Ljod/app/build.gradle.kts:78:41: Unexpected symbol
e: file:///home/dae/Work/VZ/Ljod/app/build.gradle.kts:78:42: Unexpected symbol
e: file:///home/dae/Work/VZ/Ljod/app/build.gradle.kts:78:47: Unexpected symbol
e: file:///home/dae/Work/VZ/Ljod/app/build.gradle.kts:79:5: Unexpected symbol
e: file:///home/dae/Work/VZ/Ljod/app/build.gradle.kts:79:19: Unexpected symbol
e: file:///home/dae/Work/VZ/Ljod/app/build.gradle.kts:79:20: Unexpected symbol
e: file:///home/dae/Work/VZ/Ljod/app/build.gradle.kts:79:24: Unexpected symbol
e: file:///home/dae/Work/VZ/Ljod/app/build.gradle.kts:79:25: Unexpected symbol
e: file:///home/dae/Work/VZ/Ljod/app/build.gradle.kts:79:32: Unexpected symbol
e: file:///home/dae/Work/VZ/Ljod/app/build.gradle.kts:79:33: Unexpected symbol
e: file:///home/dae/Work/VZ/Ljod/app/build.gradle.kts:79:42: Unexpected symbol
e: file:///home/dae/Work/VZ/Ljod/app/build.gradle.kts:80:5: Unexpected symbol
e: file:///home/dae/Work/VZ/Ljod/app/build.gradle.kts:80:19: Unexpected symbol
e: file:///home/dae/Work/VZ/Ljod/app/build.gradle.kts:80:20: Unexpected symbol
e: file:///home/dae/Work/VZ/Ljod/app/build.gradle.kts:80:24: Unexpected symbol
e: file:///home/dae/Work/VZ/Ljod/app/build.gradle.kts:80:25: Unexpected symbol
e: file:///home/dae/Work/VZ/Ljod/app/build.gradle.kts:80:32: Unexpected symbol
e: file:///home/dae/Work/VZ/Ljod/app/build.gradle.kts:80:33: Unexpected symbol
e: file:///home/dae/Work/VZ/Ljod/app/build.gradle.kts:80:43: Unexpected symbol
e: file:///home/dae/Work/VZ/Ljod/app/build.gradle.kts:81:5: Unexpected symbol
e: file:///home/dae/Work/VZ/Ljod/app/build.gradle.kts:81:24: Unexpected symbol
e: file:///home/dae/Work/VZ/Ljod/app/build.gradle.kts:81:25: Unexpected symbol
e: file:///home/dae/Work/VZ/Ljod/app/build.gradle.kts:81:29: Unexpected symbol
e: file:///home/dae/Work/VZ/Ljod/app/build.gradle.kts:81:30: Unexpected symbol
e: file:///home/dae/Work/VZ/Ljod/app/build.gradle.kts:81:37: Unexpected symbol
e: file:///home/dae/Work/VZ/Ljod/app/build.gradle.kts:81:38: Unexpected symbol
e: file:///home/dae/Work/VZ/Ljod/app/build.gradle.kts:81:40: Unexpected symbol
e: file:///home/dae/Work/VZ/Ljod/app/build.gradle.kts:81:41: Unexpected symbol
e: file:///home/dae/Work/VZ/Ljod/app/build.gradle.kts:81:48: Unexpected symbol
e: file:///home/dae/Work/VZ/Ljod/app/build.gradle.kts:84:5: Unexpected symbol
e: file:///home/dae/Work/VZ/Ljod/app/build.gradle.kts:84:19: Unexpected symbol
e: file:///home/dae/Work/VZ/Ljod/app/build.gradle.kts:84:20: Unexpected symbol
e: file:///home/dae/Work/VZ/Ljod/app/build.gradle.kts:84:24: Unexpected symbol
e: file:///home/dae/Work/VZ/Ljod/app/build.gradle.kts:84:25: Unexpected symbol
e: file:///home/dae/Work/VZ/Ljod/app/build.gradle.kts:84:29: Unexpected symbol
e: file:///home/dae/Work/VZ/Ljod/app/build.gradle.kts:84:30: Unexpected symbol
e: file:///home/dae/Work/VZ/Ljod/app/build.gradle.kts:84:33: Unexpected symbol
e: file:///home/dae/Work/VZ/Ljod/app/build.gradle.kts:85:5: Unexpected symbol
e: file:///home/dae/Work/VZ/Ljod/app/build.gradle.kts:85:19: Unexpected symbol
e: file:///home/dae/Work/VZ/Ljod/app/build.gradle.kts:85:20: Unexpected symbol
e: file:///home/dae/Work/VZ/Ljod/app/build.gradle.kts:85:24: Unexpected symbol
e: file:///home/dae/Work/VZ/Ljod/app/build.gradle.kts:85:25: Unexpected symbol
e: file:///home/dae/Work/VZ/Ljod/app/build.gradle.kts:85:33: Unexpected symbol
e: file:///home/dae/Work/VZ/Ljod/app/build.gradle.kts:85:34: Unexpected symbol
e: file:///home/dae/Work/VZ/Ljod/app/build.gradle.kts:85:41: Unexpected symbol
e: file:///home/dae/Work/VZ/Ljod/app/build.gradle.kts:86:5: Unexpected symbol
e: file:///home/dae/Work/VZ/Ljod/app/build.gradle.kts:86:19: Unexpected symbol
e: file:///home/dae/Work/VZ/Ljod/app/build.gradle.kts:86:20: Unexpected symbol
e: file:///home/dae/Work/VZ/Ljod/app/build.gradle.kts:86:24: Unexpected symbol
e: file:///home/dae/Work/VZ/Ljod/app/build.gradle.kts:86:25: Unexpected symbol
e: file:///home/dae/Work/VZ/Ljod/app/build.gradle.kts:86:34: Unexpected symbol
e: file:///home/dae/Work/VZ/Ljod/app/build.gradle.kts:86:35: Unexpected symbol
e: file:///home/dae/Work/VZ/Ljod/app/build.gradle.kts:86:42: Unexpected symbol
e: file:///home/dae/Work/VZ/Ljod/app/build.gradle.kts:87:5: Unexpected symbol
e: file:///home/dae/Work/VZ/Ljod/app/build.gradle.kts:87:19: Unexpected symbol
e: file:///home/dae/Work/VZ/Ljod/app/build.gradle.kts:87:20: Unexpected symbol
e: file:///home/dae/Work/VZ/Ljod/app/build.gradle.kts:87:24: Unexpected symbol
e: file:///home/dae/Work/VZ/Ljod/app/build.gradle.kts:87:25: Unexpected symbol
e: file:///home/dae/Work/VZ/Ljod/app/build.gradle.kts:87:34: Unexpected symbol
e: file:///home/dae/Work/VZ/Ljod/app/build.gradle.kts:87:35: Unexpected symbol
e: file:///home/dae/Work/VZ/Ljod/app/build.gradle.kts:87:44: Unexpected symbol
e: file:///home/dae/Work/VZ/Ljod/app/build.gradle.kts:90:5: Unexpected symbol
e: file:///home/dae/Work/VZ/Ljod/app/build.gradle.kts:90:19: Unexpected symbol
e: file:///home/dae/Work/VZ/Ljod/app/build.gradle.kts:90:20: Unexpected symbol
e: file:///home/dae/Work/VZ/Ljod/app/build.gradle.kts:90:24: Unexpected symbol
e: file:///home/dae/Work/VZ/Ljod/app/build.gradle.kts:90:25: Unexpected symbol
e: file:///home/dae/Work/VZ/Ljod/app/build.gradle.kts:90:31: Unexpected symbol
e: file:///home/dae/Work/VZ/Ljod/app/build.gradle.kts:90:32: Unexpected symbol
e: file:///home/dae/Work/VZ/Ljod/app/build.gradle.kts:90:41: Unexpected symbol
e: file:///home/dae/Work/VZ/Ljod/app/build.gradle.kts:91:5: Unexpected symbol
e: file:///home/dae/Work/VZ/Ljod/app/build.gradle.kts:91:19: Unexpected symbol
e: file:///home/dae/Work/VZ/Ljod/app/build.gradle.kts:91:20: Unexpected symbol
e: file:///home/dae/Work/VZ/Ljod/app/build.gradle.kts:91:24: Unexpected symbol
e: file:///home/dae/Work/VZ/Ljod/app/build.gradle.kts:91:25: Unexpected symbol
e: file:///home/dae/Work/VZ/Ljod/app/build.gradle.kts:91:31: Unexpected symbol
e: file:///home/dae/Work/VZ/Ljod/app/build.gradle.kts:91:32: Unexpected symbol
e: file:///home/dae/Work/VZ/Ljod/app/build.gradle.kts:91:39: Unexpected symbol
e: file:///home/dae/Work/VZ/Ljod/app/build.gradle.kts:92:5: Unexpected symbol
e: file:///home/dae/Work/VZ/Ljod/app/build.gradle.kts:92:19: Unexpected symbol
e: file:///home/dae/Work/VZ/Ljod/app/build.gradle.kts:92:20: Unexpected symbol
e: file:///home/dae/Work/VZ/Ljod/app/build.gradle.kts:92:24: Unexpected symbol
e: file:///home/dae/Work/VZ/Ljod/app/build.gradle.kts:92:25: Unexpected symbol
e: file:///home/dae/Work/VZ/Ljod/app/build.gradle.kts:92:31: Unexpected symbol
e: file:///home/dae/Work/VZ/Ljod/app/build.gradle.kts:92:32: Unexpected symbol
e: file:///home/dae/Work/VZ/Ljod/app/build.gradle.kts:92:38: Unexpected symbol
e: file:///home/dae/Work/VZ/Ljod/app/build.gradle.kts:95:5: Unexpected symbol
e: file:///home/dae/Work/VZ/Ljod/app/build.gradle.kts:95:19: Unexpected symbol
e: file:///home/dae/Work/VZ/Ljod/app/build.gradle.kts:95:20: Unexpected symbol
e: file:///home/dae/Work/VZ/Ljod/app/build.gradle.kts:95:24: Unexpected symbol
e: file:///home/dae/Work/VZ/Ljod/app/build.gradle.kts:95:25: Unexpected symbol
e: file:///home/dae/Work/VZ/Ljod/app/build.gradle.kts:95:29: Unexpected symbol
e: file:///home/dae/Work/VZ/Ljod/app/build.gradle.kts:95:30: Unexpected symbol
e: file:///home/dae/Work/VZ/Ljod/app/build.gradle.kts:95:37: Unexpected symbol
e: file:///home/dae/Work/VZ/Ljod/app/build.gradle.kts:96:5: Unexpected symbol
e: file:///home/dae/Work/VZ/Ljod/app/build.gradle.kts:96:8: Unexpected symbol
e: file:///home/dae/Work/VZ/Ljod/app/build.gradle.kts:96:9: Unexpected symbol
e: file:///home/dae/Work/VZ/Ljod/app/build.gradle.kts:96:13: Unexpected symbol
e: file:///home/dae/Work/VZ/Ljod/app/build.gradle.kts:96:14: Unexpected symbol
e: file:///home/dae/Work/VZ/Ljod/app/build.gradle.kts:96:18: Unexpected symbol
e: file:///home/dae/Work/VZ/Ljod/app/build.gradle.kts:96:19: Unexpected symbol
e: file:///home/dae/Work/VZ/Ljod/app/build.gradle.kts:96:27: Unexpected symbol
e: file:///home/dae/Work/VZ/Ljod/app/build.gradle.kts:97:5: Unexpected symbol
e: file:///home/dae/Work/VZ/Ljod/app/build.gradle.kts:97:19: Unexpected symbol
e: file:///home/dae/Work/VZ/Ljod/app/build.gradle.kts:97:20: Unexpected symbol
e: file:///home/dae/Work/VZ/Ljod/app/build.gradle.kts:97:24: Unexpected symbol
e: file:///home/dae/Work/VZ/Ljod/app/build.gradle.kts:97:25: Unexpected symbol
e: file:///home/dae/Work/VZ/Ljod/app/build.gradle.kts:97:29: Unexpected symbol
e: file:///home/dae/Work/VZ/Ljod/app/build.gradle.kts:97:30: Unexpected symbol
e: file:///home/dae/Work/VZ/Ljod/app/build.gradle.kts:97:40: Unexpected symbol
e: file:///home/dae/Work/VZ/Ljod/app/build.gradle.kts:100:5: Unexpected symbol
e: file:///home/dae/Work/VZ/Ljod/app/build.gradle.kts:100:19: Unexpected symbol
e: file:///home/dae/Work/VZ/Ljod/app/build.gradle.kts:100:20: Unexpected symbol
e: file:///home/dae/Work/VZ/Ljod/app/build.gradle.kts:100:24: Unexpected symbol
e: file:///home/dae/Work/VZ/Ljod/app/build.gradle.kts:100:25: Unexpected symbol
e: file:///home/dae/Work/VZ/Ljod/app/build.gradle.kts:100:29: Unexpected symbol
e: file:///home/dae/Work/VZ/Ljod/app/build.gradle.kts:100:30: Unexpected symbol
e: file:///home/dae/Work/VZ/Ljod/app/build.gradle.kts:100:37: Unexpected symbol
e: file:///home/dae/Work/VZ/Ljod/app/build.gradle.kts:101:5: Unexpected symbol
e: file:///home/dae/Work/VZ/Ljod/app/build.gradle.kts:101:19: Unexpected symbol
e: file:///home/dae/Work/VZ/Ljod/app/build.gradle.kts:101:20: Unexpected symbol
e: file:///home/dae/Work/VZ/Ljod/app/build.gradle.kts:101:24: Unexpected symbol
e: file:///home/dae/Work/VZ/Ljod/app/build.gradle.kts:101:25: Unexpected symbol
e: file:///home/dae/Work/VZ/Ljod/app/build.gradle.kts:101:29: Unexpected symbol
e: file:///home/dae/Work/VZ/Ljod/app/build.gradle.kts:101:30: Unexpected symbol
e: file:///home/dae/Work/VZ/Ljod/app/build.gradle.kts:101:33: Unexpected symbol
e: file:///home/dae/Work/VZ/Ljod/app/build.gradle.kts:102:5: Unexpected symbol
e: file:///home/dae/Work/VZ/Ljod/app/build.gradle.kts:102:8: Unexpected symbol
e: file:///home/dae/Work/VZ/Ljod/app/build.gradle.kts:102:9: Unexpected symbol
e: file:///home/dae/Work/VZ/Ljod/app/build.gradle.kts:102:13: Unexpected symbol
e: file:///home/dae/Work/VZ/Ljod/app/build.gradle.kts:102:14: Unexpected symbol
e: file:///home/dae/Work/VZ/Ljod/app/build.gradle.kts:102:18: Unexpected symbol
e: file:///home/dae/Work/VZ/Ljod/app/build.gradle.kts:102:19: Unexpected symbol
e: file:///home/dae/Work/VZ/Ljod/app/build.gradle.kts:102:27: Unexpected symbol
e: file:///home/dae/Work/VZ/Ljod/app/build.gradle.kts:103:5: Unexpected symbol
e: file:///home/dae/Work/VZ/Ljod/app/build.gradle.kts:103:19: Unexpected symbol
e: file:///home/dae/Work/VZ/Ljod/app/build.gradle.kts:103:20: Unexpected symbol
e: file:///home/dae/Work/VZ/Ljod/app/build.gradle.kts:103:24: Unexpected symbol
e: file:///home/dae/Work/VZ/Ljod/app/build.gradle.kts:103:25: Unexpected symbol
e: file:///home/dae/Work/VZ/Ljod/app/build.gradle.kts:103:34: Unexpected symbol
e: file:///home/dae/Work/VZ/Ljod/app/build.gradle.kts:103:35: Unexpected symbol
e: file:///home/dae/Work/VZ/Ljod/app/build.gradle.kts:103:46: Unexpected symbol
e: file:///home/dae/Work/VZ/Ljod/app/build.gradle.kts:106:5: Unexpected symbol
e: file:///home/dae/Work/VZ/Ljod/app/build.gradle.kts:106:19: Unexpected symbol
e: file:///home/dae/Work/VZ/Ljod/app/build.gradle.kts:106:20: Unexpected symbol
e: file:///home/dae/Work/VZ/Ljod/app/build.gradle.kts:106:24: Unexpected symbol
e: file:///home/dae/Work/VZ/Ljod/app/build.gradle.kts:106:25: Unexpected symbol
e: file:///home/dae/Work/VZ/Ljod/app/build.gradle.kts:106:31: Unexpected symbol
e: file:///home/dae/Work/VZ/Ljod/app/build.gradle.kts:109:5: Unexpected symbol
e: file:///home/dae/Work/VZ/Ljod/app/build.gradle.kts:109:19: Unexpected symbol
e: file:///home/dae/Work/VZ/Ljod/app/build.gradle.kts:109:20: Unexpected symbol
e: file:///home/dae/Work/VZ/Ljod/app/build.gradle.kts:109:24: Unexpected symbol
e: file:///home/dae/Work/VZ/Ljod/app/build.gradle.kts:109:25: Unexpected symbol
e: file:///home/dae/Work/VZ/Ljod/app/build.gradle.kts:109:32: Unexpected symbol
e: file:///home/dae/Work/VZ/Ljod/app/build.gradle.kts:109:33: Unexpected symbol
e: file:///home/dae/Work/VZ/Ljod/app/build.gradle.kts:109:46: Unexpected symbol
e: file:///home/dae/Work/VZ/Ljod/app/build.gradle.kts:109:47: Unexpected symbol
e: file:///home/dae/Work/VZ/Ljod/app/build.gradle.kts:109:51: Unexpected symbol
e: file:///home/dae/Work/VZ/Ljod/app/build.gradle.kts:110:5: Unexpected symbol
e: file:///home/dae/Work/VZ/Ljod/app/build.gradle.kts:110:19: Unexpected symbol
e: file:///home/dae/Work/VZ/Ljod/app/build.gradle.kts:110:20: Unexpected symbol
e: file:///home/dae/Work/VZ/Ljod/app/build.gradle.kts:110:24: Unexpected symbol
e: file:///home/dae/Work/VZ/Ljod/app/build.gradle.kts:110:25: Unexpected symbol
e: file:///home/dae/Work/VZ/Ljod/app/build.gradle.kts:110:32: Unexpected symbol
e: file:///home/dae/Work/VZ/Ljod/app/build.gradle.kts:110:33: Unexpected symbol
e: file:///home/dae/Work/VZ/Ljod/app/build.gradle.kts:110:43: Unexpected symbol
e: file:///home/dae/Work/VZ/Ljod/app/build.gradle.kts:113:5: Unexpected symbol
e: file:///home/dae/Work/VZ/Ljod/app/build.gradle.kts:113:19: Unexpected symbol
e: file:///home/dae/Work/VZ/Ljod/app/build.gradle.kts:113:20: Unexpected symbol
e: file:///home/dae/Work/VZ/Ljod/app/build.gradle.kts:113:24: Unexpected symbol
e: file:///home/dae/Work/VZ/Ljod/app/build.gradle.kts:113:25: Unexpected symbol
e: file:///home/dae/Work/VZ/Ljod/app/build.gradle.kts:113:29: Unexpected symbol
e: file:///home/dae/Work/VZ/Ljod/app/build.gradle.kts:113:30: Unexpected symbol
e: file:///home/dae/Work/VZ/Ljod/app/build.gradle.kts:113:37: Unexpected symbol
e: file:///home/dae/Work/VZ/Ljod/app/build.gradle.kts:114:5: Unexpected symbol
e: file:///home/dae/Work/VZ/Ljod/app/build.gradle.kts:114:19: Unexpected symbol
e: file:///home/dae/Work/VZ/Ljod/app/build.gradle.kts:114:20: Unexpected symbol
e: file:///home/dae/Work/VZ/Ljod/app/build.gradle.kts:114:24: Unexpected symbol
e: file:///home/dae/Work/VZ/Ljod/app/build.gradle.kts:114:25: Unexpected symbol
e: file:///home/dae/Work/VZ/Ljod/app/build.gradle.kts:114:29: Unexpected symbol
e: file:///home/dae/Work/VZ/Ljod/app/build.gradle.kts:114:30: Unexpected symbol
e: file:///home/dae/Work/VZ/Ljod/app/build.gradle.kts:114:37: Unexpected symbol
e: file:///home/dae/Work/VZ/Ljod/app/build.gradle.kts:114:38: Unexpected symbol
e: file:///home/dae/Work/VZ/Ljod/app/build.gradle.kts:114:44: Unexpected symbol
e: file:///home/dae/Work/VZ/Ljod/app/build.gradle.kts:117:5: Unexpected symbol
e: file:///home/dae/Work/VZ/Ljod/app/build.gradle.kts:117:19: Unexpected symbol
e: file:///home/dae/Work/VZ/Ljod/app/build.gradle.kts:117:20: Unexpected symbol
e: file:///home/dae/Work/VZ/Ljod/app/build.gradle.kts:117:24: Unexpected symbol
e: file:///home/dae/Work/VZ/Ljod/app/build.gradle.kts:117:25: Unexpected symbol
e: file:///home/dae/Work/VZ/Ljod/app/build.gradle.kts:117:31: Unexpected symbol
e: file:///home/dae/Work/VZ/Ljod/app/build.gradle.kts:118:5: Unexpected symbol
e: file:///home/dae/Work/VZ/Ljod/app/build.gradle.kts:118:19: Unexpected symbol
e: file:///home/dae/Work/VZ/Ljod/app/build.gradle.kts:118:20: Unexpected symbol
e: file:///home/dae/Work/VZ/Ljod/app/build.gradle.kts:118:24: Unexpected symbol
e: file:///home/dae/Work/VZ/Ljod/app/build.gradle.kts:118:25: Unexpected symbol
e: file:///home/dae/Work/VZ/Ljod/app/build.gradle.kts:118:31: Unexpected symbol
e: file:///home/dae/Work/VZ/Ljod/app/build.gradle.kts:118:32: Unexpected symbol
e: file:///home/dae/Work/VZ/Ljod/app/build.gradle.kts:118:39: Unexpected symbol
e: file:///home/dae/Work/VZ/Ljod/app/build.gradle.kts:119:5: Unexpected symbol
e: file:///home/dae/Work/VZ/Ljod/app/build.gradle.kts:119:19: Unexpected symbol
e: file:///home/dae/Work/VZ/Ljod/app/build.gradle.kts:119:20: Unexpected symbol
e: file:///home/dae/Work/VZ/Ljod/app/build.gradle.kts:119:24: Unexpected symbol
e: file:///home/dae/Work/VZ/Ljod/app/build.gradle.kts:119:25: Unexpected symbol
e: file:///home/dae/Work/VZ/Ljod/app/build.gradle.kts:119:33: Unexpected symbol
e: file:///home/dae/Work/VZ/Ljod/app/build.gradle.kts:120:5: Unexpected symbol
e: file:///home/dae/Work/VZ/Ljod/app/build.gradle.kts:120:19: Unexpected symbol
e: file:///home/dae/Work/VZ/Ljod/app/build.gradle.kts:120:20: Unexpected symbol
e: file:///home/dae/Work/VZ/Ljod/app/build.gradle.kts:120:24: Unexpected symbol
e: file:///home/dae/Work/VZ/Ljod/app/build.gradle.kts:120:25: Unexpected symbol
e: file:///home/dae/Work/VZ/Ljod/app/build.gradle.kts:120:33: Unexpected symbol
e: file:///home/dae/Work/VZ/Ljod/app/build.gradle.kts:120:34: Unexpected symbol
e: file:///home/dae/Work/VZ/Ljod/app/build.gradle.kts:120:41: Unexpected symbol
e: file:///home/dae/Work/VZ/Ljod/app/build.gradle.kts:123:5: Unexpected symbol
e: file:///home/dae/Work/VZ/Ljod/app/build.gradle.kts:123:19: Unexpected symbol
e: file:///home/dae/Work/VZ/Ljod/app/build.gradle.kts:123:20: Unexpected symbol
e: file:///home/dae/Work/VZ/Ljod/app/build.gradle.kts:123:24: Unexpected symbol
e: file:///home/dae/Work/VZ/Ljod/app/build.gradle.kts:123:25: Unexpected symbol
e: file:///home/dae/Work/VZ/Ljod/app/build.gradle.kts:123:34: Unexpected symbol
e: file:///home/dae/Work/VZ/Ljod/app/build.gradle.kts:124:5: Unexpected symbol
e: file:///home/dae/Work/VZ/Ljod/app/build.gradle.kts:124:19: Unexpected symbol
e: file:///home/dae/Work/VZ/Ljod/app/build.gradle.kts:124:20: Unexpected symbol
e: file:///home/dae/Work/VZ/Ljod/app/build.gradle.kts:124:24: Unexpected symbol
e: file:///home/dae/Work/VZ/Ljod/app/build.gradle.kts:124:25: Unexpected symbol
e: file:///home/dae/Work/VZ/Ljod/app/build.gradle.kts:124:33: Unexpected symbol
e: file:///home/dae/Work/VZ/Ljod/app/build.gradle.kts:124:34: Unexpected symbol
e: file:///home/dae/Work/VZ/Ljod/app/build.gradle.kts:124:40: Unexpected symbol
e: file:///home/dae/Work/VZ/Ljod/app/build.gradle.kts:127:5: Unexpected symbol
e: file:///home/dae/Work/VZ/Ljod/app/build.gradle.kts:127:19: Unexpected symbol
e: file:///home/dae/Work/VZ/Ljod/app/build.gradle.kts:127:20: Unexpected symbol
e: file:///home/dae/Work/VZ/Ljod/app/build.gradle.kts:127:24: Unexpected symbol
e: file:///home/dae/Work/VZ/Ljod/app/build.gradle.kts:127:25: Unexpected symbol
e: file:///home/dae/Work/VZ/Ljod/app/build.gradle.kts:127:36: Unexpected symbol
e: file:///home/dae/Work/VZ/Ljod/app/build.gradle.kts:128:5: Unexpected symbol
e: file:///home/dae/Work/VZ/Ljod/app/build.gradle.kts:128:19: Unexpected symbol
e: file:///home/dae/Work/VZ/Ljod/app/build.gradle.kts:128:20: Unexpected symbol
e: file:///home/dae/Work/VZ/Ljod/app/build.gradle.kts:128:24: Unexpected symbol
e: file:///home/dae/Work/VZ/Ljod/app/build.gradle.kts:128:25: Unexpected symbol
e: file:///home/dae/Work/VZ/Ljod/app/build.gradle.kts:128:33: Unexpected symbol
e: file:///home/dae/Work/VZ/Ljod/app/build.gradle.kts:128:34: Unexpected symbol
e: file:///home/dae/Work/VZ/Ljod/app/build.gradle.kts:128:41: Unexpected symbol
e: file:///home/dae/Work/VZ/Ljod/app/build.gradle.kts:131:5: Unexpected symbol
e: file:///home/dae/Work/VZ/Ljod/app/build.gradle.kts:131:19: Unexpected symbol
e: file:///home/dae/Work/VZ/Ljod/app/build.gradle.kts:131:20: Unexpected symbol
e: file:///home/dae/Work/VZ/Ljod/app/build.gradle.kts:131:24: Unexpected symbol
e: file:///home/dae/Work/VZ/Ljod/app/build.gradle.kts:131:25: Unexpected symbol
e: file:///home/dae/Work/VZ/Ljod/app/build.gradle.kts:131:34: Unexpected symbol
e: file:///home/dae/Work/VZ/Ljod/app/build.gradle.kts:131:35: Unexpected symbol
e: file:///home/dae/Work/VZ/Ljod/app/build.gradle.kts:131:46: Unexpected symbol
e: file:///home/dae/Work/VZ/Ljod/app/build.gradle.kts:132:5: Unexpected symbol
e: file:///home/dae/Work/VZ/Ljod/app/build.gradle.kts:132:19: Unexpected symbol
e: file:///home/dae/Work/VZ/Ljod/app/build.gradle.kts:132:20: Unexpected symbol
e: file:///home/dae/Work/VZ/Ljod/app/build.gradle.kts:132:24: Unexpected symbol
e: file:///home/dae/Work/VZ/Ljod/app/build.gradle.kts:132:25: Unexpected symbol
e: file:///home/dae/Work/VZ/Ljod/app/build.gradle.kts:132:34: Unexpected symbol
e: file:///home/dae/Work/VZ/Ljod/app/build.gradle.kts:133:5: Unexpected symbol
e: file:///home/dae/Work/VZ/Ljod/app/build.gradle.kts:133:19: Unexpected symbol
e: file:///home/dae/Work/VZ/Ljod/app/build.gradle.kts:133:20: Unexpected symbol
e: file:///home/dae/Work/VZ/Ljod/app/build.gradle.kts:133:24: Unexpected symbol
e: file:///home/dae/Work/VZ/Ljod/app/build.gradle.kts:133:25: Unexpected symbol
e: file:///home/dae/Work/VZ/Ljod/app/build.gradle.kts:133:31: Unexpected symbol
e: file:///home/dae/Work/VZ/Ljod/app/build.gradle.kts:134:5: Unexpected symbol
e: file:///home/dae/Work/VZ/Ljod/app/build.gradle.kts:134:19: Unexpected symbol
e: file:///home/dae/Work/VZ/Ljod/app/build.gradle.kts:134:20: Unexpected symbol
e: file:///home/dae/Work/VZ/Ljod/app/build.gradle.kts:134:24: Unexpected symbol
e: file:///home/dae/Work/VZ/Ljod/app/build.gradle.kts:134:25: Unexpected symbol
e: file:///home/dae/Work/VZ/Ljod/app/build.gradle.kts:134:31: Unexpected symbol
e: file:///home/dae/Work/VZ/Ljod/app/build.gradle.kts:134:32: Unexpected symbol
e: file:///home/dae/Work/VZ/Ljod/app/build.gradle.kts:134:41: Unexpected symbol
e: file:///home/dae/Work/VZ/Ljod/app/build.gradle.kts:137:5: Unexpected symbol
e: file:///home/dae/Work/VZ/Ljod/app/build.gradle.kts:137:26: Unexpected symbol
e: file:///home/dae/Work/VZ/Ljod/app/build.gradle.kts:137:27: Unexpected symbol
e: file:///home/dae/Work/VZ/Ljod/app/build.gradle.kts:137:31: Unexpected symbol
e: file:///home/dae/Work/VZ/Ljod/app/build.gradle.kts:137:32: Unexpected symbol
e: file:///home/dae/Work/VZ/Ljod/app/build.gradle.kts:137:39: Unexpected symbol
e: file:///home/dae/Work/VZ/Ljod/app/build.gradle.kts:138:1: Unexpected symbol

FAILURE: Build failed with an exception.

* Where:
Build file '/home/dae/Work/VZ/Ljod/app/build.gradle.kts' line: 69

* What went wrong:
Script compilation errors:

  Line 069: }
            ^ Unexpected symbol

  Line 071: dependencies {
            ^ Unexpected symbol

  Line 071: dependencies {
                         ^ Unexpected symbol

  Line 073:     val composeBom = platform(libs.compose.bom)
                ^ Unexpected symbol

  Line 073:     val composeBom = platform(libs.compose.bom)
                    ^ Unexpected symbol

  Line 073:     val composeBom = platform(libs.compose.bom)
                               ^ Unexpected symbol

  Line 073:     val composeBom = platform(libs.compose.bom)
                                 ^ Unexpected symbol

  Line 073:     val composeBom = platform(libs.compose.bom)
                                         ^ Unexpected symbol

  Line 073:     val composeBom = platform(libs.compose.bom)
                                          ^ Unexpected symbol

  Line 073:     val composeBom = platform(libs.compose.bom)
                                              ^ Unexpected symbol

  Line 073:     val composeBom = platform(libs.compose.bom)
                                               ^ Unexpected symbol

  Line 073:     val composeBom = platform(libs.compose.bom)
                                                      ^ Unexpected symbol

  Line 073:     val composeBom = platform(libs.compose.bom)
                                                       ^ Unexpected symbol

  Line 073:     val composeBom = platform(libs.compose.bom)
                                                          ^ Unexpected symbol

  Line 074:     implementation(composeBom)
                ^ Unexpected symbol

  Line 074:     implementation(composeBom)
                              ^ Unexpected symbol

  Line 074:     implementation(composeBom)
                               ^ Unexpected symbol

  Line 074:     implementation(composeBom)
                                         ^ Unexpected symbol

  Line 075:     implementation(libs.compose.ui)
                ^ Unexpected symbol

  Line 075:     implementation(libs.compose.ui)
                              ^ Unexpected symbol

  Line 075:     implementation(libs.compose.ui)
                               ^ Unexpected symbol

  Line 075:     implementation(libs.compose.ui)
                                   ^ Unexpected symbol

  Line 075:     implementation(libs.compose.ui)
                                    ^ Unexpected symbol

  Line 075:     implementation(libs.compose.ui)
                                           ^ Unexpected symbol

  Line 075:     implementation(libs.compose.ui)
                                            ^ Unexpected symbol

  Line 075:     implementation(libs.compose.ui)
                                              ^ Unexpected symbol

  Line 076:     implementation(libs.compose.ui.graphics)
                ^ Unexpected symbol

  Line 076:     implementation(libs.compose.ui.graphics)
                              ^ Unexpected symbol

  Line 076:     implementation(libs.compose.ui.graphics)
                               ^ Unexpected symbol

  Line 076:     implementation(libs.compose.ui.graphics)
                                   ^ Unexpected symbol

  Line 076:     implementation(libs.compose.ui.graphics)
                                    ^ Unexpected symbol

  Line 076:     implementation(libs.compose.ui.graphics)
                                           ^ Unexpected symbol

  Line 076:     implementation(libs.compose.ui.graphics)
                                            ^ Unexpected symbol

  Line 076:     implementation(libs.compose.ui.graphics)
                                              ^ Unexpected symbol

  Line 076:     implementation(libs.compose.ui.graphics)
                                               ^ Unexpected symbol

  Line 076:     implementation(libs.compose.ui.graphics)
                                                       ^ Unexpected symbol

  Line 077:     implementation(libs.compose.material3)
                ^ Unexpected symbol

  Line 077:     implementation(libs.compose.material3)
                              ^ Unexpected symbol

  Line 077:     implementation(libs.compose.material3)
                               ^ Unexpected symbol

  Line 077:     implementation(libs.compose.material3)
                                   ^ Unexpected symbol

  Line 077:     implementation(libs.compose.material3)
                                    ^ Unexpected symbol

  Line 077:     implementation(libs.compose.material3)
                                           ^ Unexpected symbol

  Line 077:     implementation(libs.compose.material3)
                                            ^ Unexpected symbol

  Line 077:     implementation(libs.compose.material3)
                                                     ^ Unexpected symbol

  Line 078:     implementation(libs.compose.material.icons)
                ^ Unexpected symbol

  Line 078:     implementation(libs.compose.material.icons)
                              ^ Unexpected symbol

  Line 078:     implementation(libs.compose.material.icons)
                               ^ Unexpected symbol

  Line 078:     implementation(libs.compose.material.icons)
                                   ^ Unexpected symbol

  Line 078:     implementation(libs.compose.material.icons)
                                    ^ Unexpected symbol

  Line 078:     implementation(libs.compose.material.icons)
                                           ^ Unexpected symbol

  Line 078:     implementation(libs.compose.material.icons)
                                            ^ Unexpected symbol

  Line 078:     implementation(libs.compose.material.icons)
                                                    ^ Unexpected symbol

  Line 078:     implementation(libs.compose.material.icons)
                                                     ^ Unexpected symbol

  Line 078:     implementation(libs.compose.material.icons)
                                                          ^ Unexpected symbol

  Line 079:     implementation(libs.compose.animation)
                ^ Unexpected symbol

  Line 079:     implementation(libs.compose.animation)
                              ^ Unexpected symbol

  Line 079:     implementation(libs.compose.animation)
                               ^ Unexpected symbol

  Line 079:     implementation(libs.compose.animation)
                                   ^ Unexpected symbol

  Line 079:     implementation(libs.compose.animation)
                                    ^ Unexpected symbol

  Line 079:     implementation(libs.compose.animation)
                                           ^ Unexpected symbol

  Line 079:     implementation(libs.compose.animation)
                                            ^ Unexpected symbol

  Line 079:     implementation(libs.compose.animation)
                                                     ^ Unexpected symbol

  Line 080:     implementation(libs.compose.foundation)
                ^ Unexpected symbol

  Line 080:     implementation(libs.compose.foundation)
                              ^ Unexpected symbol

  Line 080:     implementation(libs.compose.foundation)
                               ^ Unexpected symbol

  Line 080:     implementation(libs.compose.foundation)
                                   ^ Unexpected symbol

  Line 080:     implementation(libs.compose.foundation)
                                    ^ Unexpected symbol

  Line 080:     implementation(libs.compose.foundation)
                                           ^ Unexpected symbol

  Line 080:     implementation(libs.compose.foundation)
                                            ^ Unexpected symbol

  Line 080:     implementation(libs.compose.foundation)
                                                      ^ Unexpected symbol

  Line 081:     debugImplementation(libs.compose.ui.tooling)
                ^ Unexpected symbol

  Line 081:     debugImplementation(libs.compose.ui.tooling)
                                   ^ Unexpected symbol

  Line 081:     debugImplementation(libs.compose.ui.tooling)
                                    ^ Unexpected symbol

  Line 081:     debugImplementation(libs.compose.ui.tooling)
                                        ^ Unexpected symbol

  Line 081:     debugImplementation(libs.compose.ui.tooling)
                                         ^ Unexpected symbol

  Line 081:     debugImplementation(libs.compose.ui.tooling)
                                                ^ Unexpected symbol

  Line 081:     debugImplementation(libs.compose.ui.tooling)
                                                 ^ Unexpected symbol

  Line 081:     debugImplementation(libs.compose.ui.tooling)
                                                   ^ Unexpected symbol

  Line 081:     debugImplementation(libs.compose.ui.tooling)
                                                    ^ Unexpected symbol

  Line 081:     debugImplementation(libs.compose.ui.tooling)
                                                           ^ Unexpected symbol

  Line 084:     implementation(libs.core.ktx)
                ^ Unexpected symbol

  Line 084:     implementation(libs.core.ktx)
                              ^ Unexpected symbol

  Line 084:     implementation(libs.core.ktx)
                               ^ Unexpected symbol

  Line 084:     implementation(libs.core.ktx)
                                   ^ Unexpected symbol

  Line 084:     implementation(libs.core.ktx)
                                    ^ Unexpected symbol

  Line 084:     implementation(libs.core.ktx)
                                        ^ Unexpected symbol

  Line 084:     implementation(libs.core.ktx)
                                         ^ Unexpected symbol

  Line 084:     implementation(libs.core.ktx)
                                            ^ Unexpected symbol

  Line 085:     implementation(libs.activity.compose)
                ^ Unexpected symbol

  Line 085:     implementation(libs.activity.compose)
                              ^ Unexpected symbol

  Line 085:     implementation(libs.activity.compose)
                               ^ Unexpected symbol

  Line 085:     implementation(libs.activity.compose)
                                   ^ Unexpected symbol

  Line 085:     implementation(libs.activity.compose)
                                    ^ Unexpected symbol

  Line 085:     implementation(libs.activity.compose)
                                            ^ Unexpected symbol

  Line 085:     implementation(libs.activity.compose)
                                             ^ Unexpected symbol

  Line 085:     implementation(libs.activity.compose)
                                                    ^ Unexpected symbol

  Line 086:     implementation(libs.lifecycle.runtime)
                ^ Unexpected symbol

  Line 086:     implementation(libs.lifecycle.runtime)
                              ^ Unexpected symbol

  Line 086:     implementation(libs.lifecycle.runtime)
                               ^ Unexpected symbol

  Line 086:     implementation(libs.lifecycle.runtime)
                                   ^ Unexpected symbol

  Line 086:     implementation(libs.lifecycle.runtime)
                                    ^ Unexpected symbol

  Line 086:     implementation(libs.lifecycle.runtime)
                                             ^ Unexpected symbol

  Line 086:     implementation(libs.lifecycle.runtime)
                                              ^ Unexpected symbol

  Line 086:     implementation(libs.lifecycle.runtime)
                                                     ^ Unexpected symbol

  Line 087:     implementation(libs.lifecycle.viewmodel)
                ^ Unexpected symbol

  Line 087:     implementation(libs.lifecycle.viewmodel)
                              ^ Unexpected symbol

  Line 087:     implementation(libs.lifecycle.viewmodel)
                               ^ Unexpected symbol

  Line 087:     implementation(libs.lifecycle.viewmodel)
                                   ^ Unexpected symbol

  Line 087:     implementation(libs.lifecycle.viewmodel)
                                    ^ Unexpected symbol

  Line 087:     implementation(libs.lifecycle.viewmodel)
                                             ^ Unexpected symbol

  Line 087:     implementation(libs.lifecycle.viewmodel)
                                              ^ Unexpected symbol

  Line 087:     implementation(libs.lifecycle.viewmodel)
                                                       ^ Unexpected symbol

  Line 090:     implementation(libs.media3.exoplayer)
                ^ Unexpected symbol

  Line 090:     implementation(libs.media3.exoplayer)
                              ^ Unexpected symbol

  Line 090:     implementation(libs.media3.exoplayer)
                               ^ Unexpected symbol

  Line 090:     implementation(libs.media3.exoplayer)
                                   ^ Unexpected symbol

  Line 090:     implementation(libs.media3.exoplayer)
                                    ^ Unexpected symbol

  Line 090:     implementation(libs.media3.exoplayer)
                                          ^ Unexpected symbol

  Line 090:     implementation(libs.media3.exoplayer)
                                           ^ Unexpected symbol

  Line 090:     implementation(libs.media3.exoplayer)
                                                    ^ Unexpected symbol

  Line 091:     implementation(libs.media3.session)
                ^ Unexpected symbol

  Line 091:     implementation(libs.media3.session)
                              ^ Unexpected symbol

  Line 091:     implementation(libs.media3.session)
                               ^ Unexpected symbol

  Line 091:     implementation(libs.media3.session)
                                   ^ Unexpected symbol

  Line 091:     implementation(libs.media3.session)
                                    ^ Unexpected symbol

  Line 091:     implementation(libs.media3.session)
                                          ^ Unexpected symbol

  Line 091:     implementation(libs.media3.session)
                                           ^ Unexpected symbol

  Line 091:     implementation(libs.media3.session)
                                                  ^ Unexpected symbol

  Line 092:     implementation(libs.media3.common)
                ^ Unexpected symbol

  Line 092:     implementation(libs.media3.common)
                              ^ Unexpected symbol

  Line 092:     implementation(libs.media3.common)
                               ^ Unexpected symbol

  Line 092:     implementation(libs.media3.common)
                                   ^ Unexpected symbol

  Line 092:     implementation(libs.media3.common)
                                    ^ Unexpected symbol

  Line 092:     implementation(libs.media3.common)
                                          ^ Unexpected symbol

  Line 092:     implementation(libs.media3.common)
                                           ^ Unexpected symbol

  Line 092:     implementation(libs.media3.common)
                                                 ^ Unexpected symbol

  Line 095:     implementation(libs.hilt.android)
                ^ Unexpected symbol

  Line 095:     implementation(libs.hilt.android)
                              ^ Unexpected symbol

  Line 095:     implementation(libs.hilt.android)
                               ^ Unexpected symbol

  Line 095:     implementation(libs.hilt.android)
                                   ^ Unexpected symbol

  Line 095:     implementation(libs.hilt.android)
                                    ^ Unexpected symbol

  Line 095:     implementation(libs.hilt.android)
                                        ^ Unexpected symbol

  Line 095:     implementation(libs.hilt.android)
                                         ^ Unexpected symbol

  Line 095:     implementation(libs.hilt.android)
                                                ^ Unexpected symbol

  Line 096:     ksp(libs.hilt.compiler)
                ^ Unexpected symbol

  Line 096:     ksp(libs.hilt.compiler)
                   ^ Unexpected symbol

  Line 096:     ksp(libs.hilt.compiler)
                    ^ Unexpected symbol

  Line 096:     ksp(libs.hilt.compiler)
                        ^ Unexpected symbol

  Line 096:     ksp(libs.hilt.compiler)
                         ^ Unexpected symbol

  Line 096:     ksp(libs.hilt.compiler)
                             ^ Unexpected symbol

  Line 096:     ksp(libs.hilt.compiler)
                              ^ Unexpected symbol

  Line 096:     ksp(libs.hilt.compiler)
                                      ^ Unexpected symbol

  Line 097:     implementation(libs.hilt.navigation)
                ^ Unexpected symbol

  Line 097:     implementation(libs.hilt.navigation)
                              ^ Unexpected symbol

  Line 097:     implementation(libs.hilt.navigation)
                               ^ Unexpected symbol

  Line 097:     implementation(libs.hilt.navigation)
                                   ^ Unexpected symbol

  Line 097:     implementation(libs.hilt.navigation)
                                    ^ Unexpected symbol

  Line 097:     implementation(libs.hilt.navigation)
                                        ^ Unexpected symbol

  Line 097:     implementation(libs.hilt.navigation)
                                         ^ Unexpected symbol

  Line 097:     implementation(libs.hilt.navigation)
                                                   ^ Unexpected symbol

  Line 100:     implementation(libs.room.runtime)
                ^ Unexpected symbol

  Line 100:     implementation(libs.room.runtime)
                              ^ Unexpected symbol

  Line 100:     implementation(libs.room.runtime)
                               ^ Unexpected symbol

  Line 100:     implementation(libs.room.runtime)
                                   ^ Unexpected symbol

  Line 100:     implementation(libs.room.runtime)
                                    ^ Unexpected symbol

  Line 100:     implementation(libs.room.runtime)
                                        ^ Unexpected symbol

  Line 100:     implementation(libs.room.runtime)
                                         ^ Unexpected symbol

  Line 100:     implementation(libs.room.runtime)
                                                ^ Unexpected symbol

  Line 101:     implementation(libs.room.ktx)
                ^ Unexpected symbol

  Line 101:     implementation(libs.room.ktx)
                              ^ Unexpected symbol

  Line 101:     implementation(libs.room.ktx)
                               ^ Unexpected symbol

  Line 101:     implementation(libs.room.ktx)
                                   ^ Unexpected symbol

  Line 101:     implementation(libs.room.ktx)
                                    ^ Unexpected symbol

  Line 101:     implementation(libs.room.ktx)
                                        ^ Unexpected symbol

  Line 101:     implementation(libs.room.ktx)
                                         ^ Unexpected symbol

  Line 101:     implementation(libs.room.ktx)
                                            ^ Unexpected symbol

  Line 102:     ksp(libs.room.compiler)
                ^ Unexpected symbol

  Line 102:     ksp(libs.room.compiler)
                   ^ Unexpected symbol

  Line 102:     ksp(libs.room.compiler)
                    ^ Unexpected symbol

  Line 102:     ksp(libs.room.compiler)
                        ^ Unexpected symbol

  Line 102:     ksp(libs.room.compiler)
                         ^ Unexpected symbol

  Line 102:     ksp(libs.room.compiler)
                             ^ Unexpected symbol

  Line 102:     ksp(libs.room.compiler)
                              ^ Unexpected symbol

  Line 102:     ksp(libs.room.compiler)
                                      ^ Unexpected symbol

  Line 103:     implementation(libs.datastore.preferences)
                ^ Unexpected symbol

  Line 103:     implementation(libs.datastore.preferences)
                              ^ Unexpected symbol

  Line 103:     implementation(libs.datastore.preferences)
                               ^ Unexpected symbol

  Line 103:     implementation(libs.datastore.preferences)
                                   ^ Unexpected symbol

  Line 103:     implementation(libs.datastore.preferences)
                                    ^ Unexpected symbol

  Line 103:     implementation(libs.datastore.preferences)
                                             ^ Unexpected symbol

  Line 103:     implementation(libs.datastore.preferences)
                                              ^ Unexpected symbol

  Line 103:     implementation(libs.datastore.preferences)
                                                         ^ Unexpected symbol

  Line 106:     implementation(libs.timber)
                ^ Unexpected symbol

  Line 106:     implementation(libs.timber)
                              ^ Unexpected symbol

  Line 106:     implementation(libs.timber)
                               ^ Unexpected symbol

  Line 106:     implementation(libs.timber)
                                   ^ Unexpected symbol

  Line 106:     implementation(libs.timber)
                                    ^ Unexpected symbol

  Line 106:     implementation(libs.timber)
                                          ^ Unexpected symbol

  Line 109:     implementation(libs.kotlinx.serialization.json)
                ^ Unexpected symbol

  Line 109:     implementation(libs.kotlinx.serialization.json)
                              ^ Unexpected symbol

  Line 109:     implementation(libs.kotlinx.serialization.json)
                               ^ Unexpected symbol

  Line 109:     implementation(libs.kotlinx.serialization.json)
                                   ^ Unexpected symbol

  Line 109:     implementation(libs.kotlinx.serialization.json)
                                    ^ Unexpected symbol

  Line 109:     implementation(libs.kotlinx.serialization.json)
                                           ^ Unexpected symbol

  Line 109:     implementation(libs.kotlinx.serialization.json)
                                            ^ Unexpected symbol

  Line 109:     implementation(libs.kotlinx.serialization.json)
                                                         ^ Unexpected symbol

  Line 109:     implementation(libs.kotlinx.serialization.json)
                                                          ^ Unexpected symbol

  Line 109:     implementation(libs.kotlinx.serialization.json)
                                                              ^ Unexpected symbol

  Line 110:     implementation(libs.kotlinx.coroutines)
                ^ Unexpected symbol

  Line 110:     implementation(libs.kotlinx.coroutines)
                              ^ Unexpected symbol

  Line 110:     implementation(libs.kotlinx.coroutines)
                               ^ Unexpected symbol

  Line 110:     implementation(libs.kotlinx.coroutines)
                                   ^ Unexpected symbol

  Line 110:     implementation(libs.kotlinx.coroutines)
                                    ^ Unexpected symbol

  Line 110:     implementation(libs.kotlinx.coroutines)
                                           ^ Unexpected symbol

  Line 110:     implementation(libs.kotlinx.coroutines)
                                            ^ Unexpected symbol

  Line 110:     implementation(libs.kotlinx.coroutines)
                                                      ^ Unexpected symbol

  Line 113:     implementation(libs.coil.compose)
                ^ Unexpected symbol

  Line 113:     implementation(libs.coil.compose)
                              ^ Unexpected symbol

  Line 113:     implementation(libs.coil.compose)
                               ^ Unexpected symbol

  Line 113:     implementation(libs.coil.compose)
                                   ^ Unexpected symbol

  Line 113:     implementation(libs.coil.compose)
                                    ^ Unexpected symbol

  Line 113:     implementation(libs.coil.compose)
                                        ^ Unexpected symbol

  Line 113:     implementation(libs.coil.compose)
                                         ^ Unexpected symbol

  Line 113:     implementation(libs.coil.compose)
                                                ^ Unexpected symbol

  Line 114:     implementation(libs.coil.network.okhttp)
                ^ Unexpected symbol

  Line 114:     implementation(libs.coil.network.okhttp)
                              ^ Unexpected symbol

  Line 114:     implementation(libs.coil.network.okhttp)
                               ^ Unexpected symbol

  Line 114:     implementation(libs.coil.network.okhttp)
                                   ^ Unexpected symbol

  Line 114:     implementation(libs.coil.network.okhttp)
                                    ^ Unexpected symbol

  Line 114:     implementation(libs.coil.network.okhttp)
                                        ^ Unexpected symbol

  Line 114:     implementation(libs.coil.network.okhttp)
                                         ^ Unexpected symbol

  Line 114:     implementation(libs.coil.network.okhttp)
                                                ^ Unexpected symbol

  Line 114:     implementation(libs.coil.network.okhttp)
                                                 ^ Unexpected symbol

  Line 114:     implementation(libs.coil.network.okhttp)
                                                       ^ Unexpected symbol

  Line 117:     implementation(libs.okhttp)
                ^ Unexpected symbol

  Line 117:     implementation(libs.okhttp)
                              ^ Unexpected symbol

  Line 117:     implementation(libs.okhttp)
                               ^ Unexpected symbol

  Line 117:     implementation(libs.okhttp)
                                   ^ Unexpected symbol

  Line 117:     implementation(libs.okhttp)
                                    ^ Unexpected symbol

  Line 117:     implementation(libs.okhttp)
                                          ^ Unexpected symbol

  Line 118:     implementation(libs.okhttp.logging)
                ^ Unexpected symbol

  Line 118:     implementation(libs.okhttp.logging)
                              ^ Unexpected symbol

  Line 118:     implementation(libs.okhttp.logging)
                               ^ Unexpected symbol

  Line 118:     implementation(libs.okhttp.logging)
                                   ^ Unexpected symbol

  Line 118:     implementation(libs.okhttp.logging)
                                    ^ Unexpected symbol

  Line 118:     implementation(libs.okhttp.logging)
                                          ^ Unexpected symbol

  Line 118:     implementation(libs.okhttp.logging)
                                           ^ Unexpected symbol

  Line 118:     implementation(libs.okhttp.logging)
                                                  ^ Unexpected symbol

  Line 119:     implementation(libs.retrofit)
                ^ Unexpected symbol

  Line 119:     implementation(libs.retrofit)
                              ^ Unexpected symbol

  Line 119:     implementation(libs.retrofit)
                               ^ Unexpected symbol

  Line 119:     implementation(libs.retrofit)
                                   ^ Unexpected symbol

  Line 119:     implementation(libs.retrofit)
                                    ^ Unexpected symbol

  Line 119:     implementation(libs.retrofit)
                                            ^ Unexpected symbol

  Line 120:     implementation(libs.retrofit.kotlinx)
                ^ Unexpected symbol

  Line 120:     implementation(libs.retrofit.kotlinx)
                              ^ Unexpected symbol

  Line 120:     implementation(libs.retrofit.kotlinx)
                               ^ Unexpected symbol

  Line 120:     implementation(libs.retrofit.kotlinx)
                                   ^ Unexpected symbol

  Line 120:     implementation(libs.retrofit.kotlinx)
                                    ^ Unexpected symbol

  Line 120:     implementation(libs.retrofit.kotlinx)
                                            ^ Unexpected symbol

  Line 120:     implementation(libs.retrofit.kotlinx)
                                             ^ Unexpected symbol

  Line 120:     implementation(libs.retrofit.kotlinx)
                                                    ^ Unexpected symbol

  Line 123:     implementation(libs.biometric)
                ^ Unexpected symbol

  Line 123:     implementation(libs.biometric)
                              ^ Unexpected symbol

  Line 123:     implementation(libs.biometric)
                               ^ Unexpected symbol

  Line 123:     implementation(libs.biometric)
                                   ^ Unexpected symbol

  Line 123:     implementation(libs.biometric)
                                    ^ Unexpected symbol

  Line 123:     implementation(libs.biometric)
                                             ^ Unexpected symbol

  Line 124:     implementation(libs.security.crypto)
                ^ Unexpected symbol

  Line 124:     implementation(libs.security.crypto)
                              ^ Unexpected symbol

  Line 124:     implementation(libs.security.crypto)
                               ^ Unexpected symbol

  Line 124:     implementation(libs.security.crypto)
                                   ^ Unexpected symbol

  Line 124:     implementation(libs.security.crypto)
                                    ^ Unexpected symbol

  Line 124:     implementation(libs.security.crypto)
                                            ^ Unexpected symbol

  Line 124:     implementation(libs.security.crypto)
                                             ^ Unexpected symbol

  Line 124:     implementation(libs.security.crypto)
                                                   ^ Unexpected symbol

  Line 127:     implementation(libs.workmanager)
                ^ Unexpected symbol

  Line 127:     implementation(libs.workmanager)
                              ^ Unexpected symbol

  Line 127:     implementation(libs.workmanager)
                               ^ Unexpected symbol

  Line 127:     implementation(libs.workmanager)
                                   ^ Unexpected symbol

  Line 127:     implementation(libs.workmanager)
                                    ^ Unexpected symbol

  Line 127:     implementation(libs.workmanager)
                                               ^ Unexpected symbol

  Line 128:     implementation(libs.fragment.compose)
                ^ Unexpected symbol

  Line 128:     implementation(libs.fragment.compose)
                              ^ Unexpected symbol

  Line 128:     implementation(libs.fragment.compose)
                               ^ Unexpected symbol

  Line 128:     implementation(libs.fragment.compose)
                                   ^ Unexpected symbol

  Line 128:     implementation(libs.fragment.compose)
                                    ^ Unexpected symbol

  Line 128:     implementation(libs.fragment.compose)
                                            ^ Unexpected symbol

  Line 128:     implementation(libs.fragment.compose)
                                             ^ Unexpected symbol

  Line 128:     implementation(libs.fragment.compose)
                                                    ^ Unexpected symbol

  Line 131:     implementation(libs.datastore.preferences)
                ^ Unexpected symbol

  Line 131:     implementation(libs.datastore.preferences)
                              ^ Unexpected symbol

  Line 131:     implementation(libs.datastore.preferences)
                               ^ Unexpected symbol

  Line 131:     implementation(libs.datastore.preferences)
                                   ^ Unexpected symbol

  Line 131:     implementation(libs.datastore.preferences)
                                    ^ Unexpected symbol

  Line 131:     implementation(libs.datastore.preferences)
                                             ^ Unexpected symbol

  Line 131:     implementation(libs.datastore.preferences)
                                              ^ Unexpected symbol

  Line 131:     implementation(libs.datastore.preferences)
                                                         ^ Unexpected symbol

  Line 132:     implementation(libs.datastore)
                ^ Unexpected symbol

  Line 132:     implementation(libs.datastore)
                              ^ Unexpected symbol

  Line 132:     implementation(libs.datastore)
                               ^ Unexpected symbol

  Line 132:     implementation(libs.datastore)
                                   ^ Unexpected symbol

  Line 132:     implementation(libs.datastore)
                                    ^ Unexpected symbol

  Line 132:     implementation(libs.datastore)
                                             ^ Unexpected symbol

  Line 133:     implementation(libs.glance)
                ^ Unexpected symbol

  Line 133:     implementation(libs.glance)
                              ^ Unexpected symbol

  Line 133:     implementation(libs.glance)
                               ^ Unexpected symbol

  Line 133:     implementation(libs.glance)
                                   ^ Unexpected symbol

  Line 133:     implementation(libs.glance)
                                    ^ Unexpected symbol

  Line 133:     implementation(libs.glance)
                                          ^ Unexpected symbol

  Line 134:     implementation(libs.glance.material3)
                ^ Unexpected symbol

  Line 134:     implementation(libs.glance.material3)
                              ^ Unexpected symbol

  Line 134:     implementation(libs.glance.material3)
                               ^ Unexpected symbol

  Line 134:     implementation(libs.glance.material3)
                                   ^ Unexpected symbol

  Line 134:     implementation(libs.glance.material3)
                                    ^ Unexpected symbol

  Line 134:     implementation(libs.glance.material3)
                                          ^ Unexpected symbol

  Line 134:     implementation(libs.glance.material3)
                                           ^ Unexpected symbol

  Line 134:     implementation(libs.glance.material3)
                                                    ^ Unexpected symbol

  Line 137:     coreLibraryDesugaring(libs.desugar)
                ^ Unexpected symbol

  Line 137:     coreLibraryDesugaring(libs.desugar)
                                     ^ Unexpected symbol

  Line 137:     coreLibraryDesugaring(libs.desugar)
                                      ^ Unexpected symbol

  Line 137:     coreLibraryDesugaring(libs.desugar)
                                          ^ Unexpected symbol

  Line 137:     coreLibraryDesugaring(libs.desugar)
                                           ^ Unexpected symbol

  Line 137:     coreLibraryDesugaring(libs.desugar)
                                                  ^ Unexpected symbol

  Line 138: }
            ^ Unexpected symbol

325 errors

* Try:
> Run with --stacktrace option to get the stack trace.
> Run with --info or --debug option to get more log output.
> Run with --scan to get full insights from a Build Scan (powered by Develocity).
> Get more help at https://help.gradle.org.

BUILD FAILED in 1s
[INFO]           Could not resolve kotlin-stdlib using Maven: Cannot invoke "java.nio.file.Path.getFileSystem()" because "path" is null
[INFO]           Found kotlinc at /usr/bin/kotlinc
[INFO]           Successfully resolved kotlin-stdlib using Gradle to /home/dae/.gradle/caches/modules-2/files-2.1/org.jetbrains.kotlin/kotlin-stdlib/2.4.0/4e9f4b531dce5c7dee58ed2de9a8b9a763c8dc6c/kotlin-stdlib-2.4.0.jar
[INFO] async     Cached classpath with sources is outdated or not found. Resolving again
[INFO] debounce0 Linting .../app/build.gradle.kts
[INFO] debounce0 compileFiles: 1 files in lint set, 0 detected as changed (forceFresh=false)
[INFO] debounce0 doLint: got context with diagnostics, files=1
[INFO] debounce0 Converting diagnostic: MISSING_SCRIPT_STANDARD_TEMPLATE at 0-299 (severity: ERROR)
[INFO] debounce0 Converting diagnostic: MISSING_SCRIPT_STANDARD_TEMPLATE at 0-3475 (severity: ERROR)
[INFO] debounce0 Converting diagnostic: UNRESOLVED_REFERENCE at 20-24 (severity: ERROR)
[INFO] debounce0 Converting diagnostic: UNRESOLVED_REFERENCE at 14-19 (severity: ERROR)
[INFO] debounce0 Converting diagnostic: UNRESOLVED_REFERENCE at 76-80 (severity: ERROR)
[INFO] debounce0 Converting diagnostic: UNRESOLVED_REFERENCE at 70-75 (severity: ERROR)
[INFO] debounce0 Converting diagnostic: UNRESOLVED_REFERENCE at 127-131 (severity: ERROR)
[INFO] debounce0 Converting diagnostic: UNRESOLVED_REFERENCE at 121-126 (severity: ERROR)
[INFO] debounce0 Converting diagnostic: UNRESOLVED_REFERENCE at 184-188 (severity: ERROR)
[INFO] debounce0 Converting diagnostic: UNRESOLVED_REFERENCE at 178-183 (severity: ERROR)
[INFO] debounce0 Converting diagnostic: UNRESOLVED_REFERENCE at 224-228 (severity: ERROR)
[INFO] debounce0 Converting diagnostic: UNRESOLVED_REFERENCE at 218-223 (severity: ERROR)
[INFO] debounce0 Converting diagnostic: UNRESOLVED_REFERENCE at 265-269 (severity: ERROR)
[INFO] debounce0 Converting diagnostic: UNRESOLVED_REFERENCE at 259-264 (severity: ERROR)
[INFO] debounce0 Converting diagnostic: UNRESOLVED_REFERENCE at 0-7 (severity: ERROR)
[INFO] debounce0 Converting diagnostic: UNRESOLVED_REFERENCE at 20-24 (severity: ERROR)
[INFO] debounce0 Converting diagnostic: UNRESOLVED_REFERENCE at 14-19 (severity: ERROR)
[INFO] debounce0 Converting diagnostic: UNRESOLVED_REFERENCE at 64-68 (severity: ERROR)
[INFO] debounce0 Converting diagnostic: UNRESOLVED_REFERENCE at 58-63 (severity: ERROR)
[INFO] debounce0 Converting diagnostic: UNRESOLVED_REFERENCE at 103-107 (severity: ERROR)
[INFO] debounce0 Converting diagnostic: UNRESOLVED_REFERENCE at 97-102 (severity: ERROR)
[INFO] debounce0 Converting diagnostic: UNRESOLVED_REFERENCE at 148-152 (severity: ERROR)
[INFO] debounce0 Converting diagnostic: UNRESOLVED_REFERENCE at 142-147 (severity: ERROR)
[INFO] debounce0 Converting diagnostic: UNRESOLVED_REFERENCE at 176-180 (severity: ERROR)
[INFO] debounce0 Converting diagnostic: UNRESOLVED_REFERENCE at 170-175 (severity: ERROR)
[INFO] debounce0 Converting diagnostic: UNRESOLVED_REFERENCE at 205-209 (severity: ERROR)
[INFO] debounce0 Converting diagnostic: UNRESOLVED_REFERENCE at 199-204 (severity: ERROR)
[INFO] debounce0 Converting diagnostic: UNRESOLVED_REFERENCE at 0-7 (severity: ERROR)
[INFO] debounce0 Converting diagnostic: UNRESOLVED_REFERENCE at 242-248 (severity: ERROR)
[INFO] debounce0 Converting diagnostic: UNRESOLVED_REFERENCE at 264-271 (severity: ERROR)
[INFO] debounce0 Converting diagnostic: UNRESOLVED_REFERENCE at 257-261 (severity: ERROR)
[INFO] debounce0 Converting diagnostic: UNRESOLVED_REFERENCE at 304-326 (severity: ERROR)
[INFO] debounce0 Converting diagnostic: UNRESOLVED_REFERENCE at 338-346 (severity: ERROR)
[INFO] debounce0 Converting diagnostic: UNRESOLVED_REFERENCE at 229-235 (severity: ERROR)
[INFO] debounce0 Converting diagnostic: UNRESOLVED_REFERENCE at 372-381 (severity: ERROR)
[INFO] debounce0 Converting diagnostic: UNRESOLVED_REFERENCE at 402-412 (severity: ERROR)
[INFO] debounce0 Converting diagnostic: UNRESOLVED_REFERENCE at 447-460 (severity: ERROR)
[INFO] debounce0 Converting diagnostic: UNRESOLVED_REFERENCE at 485-491 (severity: ERROR)
[INFO] debounce0 Converting diagnostic: UNRESOLVED_REFERENCE at 505-514 (severity: ERROR)
[INFO] debounce0 Converting diagnostic: UNRESOLVED_REFERENCE at 528-539 (severity: ERROR)
[INFO] debounce0 Converting diagnostic: UNRESOLVED_REFERENCE at 552-563 (severity: ERROR)
[INFO] debounce0 Converting diagnostic: UNRESOLVED_REFERENCE at 583-608 (severity: ERROR)
[INFO] debounce0 Converting diagnostic: UNRESOLVED_REFERENCE at 423-436 (severity: ERROR)
[INFO] debounce0 Converting diagnostic: UNRESOLVED_REFERENCE at 705-720 (severity: ERROR)
[INFO] debounce0 Converting diagnostic: UNRESOLVED_REFERENCE at 685-690 (severity: ERROR)
[INFO] debounce0 Converting diagnostic: UNRESOLVED_REFERENCE at 769-784 (severity: ERROR)
[INFO] debounce0 Converting diagnostic: UNRESOLVED_REFERENCE at 804-821 (severity: ERROR)
[INFO] debounce0 Converting diagnostic: UNRESOLVED_REFERENCE at 872-894 (severity: ERROR)
[INFO] debounce0 Converting diagnostic: UNRESOLVED_REFERENCE at 841-854 (severity: ERROR)
[INFO] debounce0 Converting diagnostic: UNRESOLVED_REFERENCE at 992-1005 (severity: ERROR)
[INFO] debounce0 Converting diagnostic: UNRESOLVED_REFERENCE at 1008-1022 (severity: ERROR)
[INFO] debounce0 Converting diagnostic: UNRESOLVED_REFERENCE at 747-754 (severity: ERROR)
[INFO] debounce0 Converting diagnostic: UNRESOLVED_REFERENCE at 664-674 (severity: ERROR)
[INFO] debounce0 Converting diagnostic: UNRESOLVED_REFERENCE at 1093-1112 (severity: ERROR)
[INFO] debounce0 Converting diagnostic: UNRESOLVED_REFERENCE at 1115-1126 (severity: ERROR)
[INFO] debounce0 Converting diagnostic: UNRESOLVED_REFERENCE at 1146-1165 (severity: ERROR)
[INFO] debounce0 Converting diagnostic: UNRESOLVED_REFERENCE at 1168-1179 (severity: ERROR)
[INFO] debounce0 Converting diagnostic: UNRESOLVED_REFERENCE at 1068-1082 (severity: ERROR)
[INFO] debounce0 Converting diagnostic: UNRESOLVED_REFERENCE at 1226-1233 (severity: ERROR)
[INFO] debounce0 Converting diagnostic: UNRESOLVED_REFERENCE at 1249-1260 (severity: ERROR)
[INFO] debounce0 Converting diagnostic: UNRESOLVED_REFERENCE at 1202-1215 (severity: ERROR)
[INFO] debounce0 Converting diagnostic: UNRESOLVED_REFERENCE at 1294-1306 (severity: ERROR)
[INFO] debounce0 Converting diagnostic: UNRESOLVED_REFERENCE at 1322-1338 (severity: ERROR)
[INFO] debounce0 Converting diagnostic: UNRESOLVED_REFERENCE at 1279-1283 (severity: ERROR)
[INFO] debounce0 Converting diagnostic: UNRESOLVED_REFERENCE at 358-365 (severity: ERROR)
[INFO] debounce0 Converting diagnostic: UNRESOLVED_REFERENCE at 1412-1421 (severity: ERROR)
[INFO] debounce0 Converting diagnostic: UNRESOLVED_REFERENCE at 1424-1428 (severity: ERROR)
[INFO] debounce0 Converting diagnostic: UNRESOLVED_REFERENCE at 1504-1517 (severity: ERROR)
[INFO] debounce0 Converting diagnostic: UNRESOLVED_REFERENCE at 1575-1583 (severity: ERROR)
[INFO] debounce0 Converting diagnostic: UNRESOLVED_REFERENCE at 1643-1654 (severity: ERROR)
[INFO] debounce0 Converting diagnostic: UNRESOLVED_REFERENCE at 1380-1386 (severity: ERROR)
[INFO] debounce0 Converting diagnostic: UNRESOLVED_REFERENCE at 1355-1369 (severity: ERROR)
[INFO] debounce0 Converting diagnostic: UNRESOLVED_REFERENCE at 1781-1785 (severity: ERROR)
[INFO] debounce0 Converting diagnostic: UNRESOLVED_REFERENCE at 1772-1780 (severity: ERROR)
[INFO] debounce0 Converting diagnostic: UNRESOLVED_REFERENCE at 1803-1817 (severity: ERROR)
[INFO] debounce0 Converting diagnostic: UNRESOLVED_REFERENCE at 1849-1853 (severity: ERROR)
[INFO] debounce0 Converting diagnostic: UNRESOLVED_REFERENCE at 1834-1848 (severity: ERROR)
[INFO] debounce0 Converting diagnostic: UNRESOLVED_REFERENCE at 1885-1889 (severity: ERROR)
[INFO] debounce0 Converting diagnostic: UNRESOLVED_REFERENCE at 1870-1884 (severity: ERROR)
[INFO] debounce0 Converting diagnostic: UNRESOLVED_REFERENCE at 1930-1934 (severity: ERROR)
[INFO] debounce0 Converting diagnostic: UNRESOLVED_REFERENCE at 1915-1929 (severity: ERROR)
[INFO] debounce0 Converting diagnostic: UNRESOLVED_REFERENCE at 1973-1977 (severity: ERROR)
[INFO] debounce0 Converting diagnostic: UNRESOLVED_REFERENCE at 1958-1972 (severity: ERROR)
[INFO] debounce0 Converting diagnostic: UNRESOLVED_REFERENCE at 2021-2025 (severity: ERROR)
[INFO] debounce0 Converting diagnostic: UNRESOLVED_REFERENCE at 2006-2020 (severity: ERROR)
[INFO] debounce0 Converting diagnostic: UNRESOLVED_REFERENCE at 2064-2068 (severity: ERROR)
[INFO] debounce0 Converting diagnostic: UNRESOLVED_REFERENCE at 2049-2063 (severity: ERROR)
[INFO] debounce0 Converting diagnostic: UNRESOLVED_REFERENCE at 2113-2117 (severity: ERROR)
[INFO] debounce0 Converting diagnostic: UNRESOLVED_REFERENCE at 2093-2112 (severity: ERROR)
[INFO] debounce0 Converting diagnostic: UNRESOLVED_REFERENCE at 2170-2174 (severity: ERROR)
[INFO] debounce0 Converting diagnostic: UNRESOLVED_REFERENCE at 2155-2169 (severity: ERROR)
[INFO] debounce0 Converting diagnostic: UNRESOLVED_REFERENCE at 2204-2208 (severity: ERROR)
[INFO] debounce0 Converting diagnostic: UNRESOLVED_REFERENCE at 2189-2203 (severity: ERROR)
[INFO] debounce0 Converting diagnostic: UNRESOLVED_REFERENCE at 2246-2250 (severity: ERROR)
[INFO] debounce0 Converting diagnostic: UNRESOLVED_REFERENCE at 2231-2245 (severity: ERROR)
[INFO] debounce0 Converting diagnostic: UNRESOLVED_REFERENCE at 2289-2293 (severity: ERROR)
[INFO] debounce0 Converting diagnostic: UNRESOLVED_REFERENCE at 2274-2288 (severity: ERROR)
[INFO] debounce0 Converting diagnostic: UNRESOLVED_REFERENCE at 2349-2353 (severity: ERROR)
[INFO] debounce0 Converting diagnostic: UNRESOLVED_REFERENCE at 2334-2348 (severity: ERROR)
[INFO] debounce0 Converting diagnostic: UNRESOLVED_REFERENCE at 2391-2395 (severity: ERROR)
[INFO] debounce0 Converting diagnostic: UNRESOLVED_REFERENCE at 2376-2390 (severity: ERROR)
[INFO] debounce0 Converting diagnostic: UNRESOLVED_REFERENCE at 2431-2435 (severity: ERROR)
[INFO] debounce0 Converting diagnostic: UNRESOLVED_REFERENCE at 2416-2430 (severity: ERROR)
[INFO] debounce0 Converting diagnostic: UNRESOLVED_REFERENCE at 2481-2485 (severity: ERROR)
[INFO] debounce0 Converting diagnostic: UNRESOLVED_REFERENCE at 2466-2480 (severity: ERROR)
[INFO] debounce0 Converting diagnostic: UNRESOLVED_REFERENCE at 2508-2512 (severity: ERROR)
[INFO] debounce0 Converting diagnostic: UNRESOLVED_REFERENCE at 2504-2507 (severity: ERROR)
[INFO] debounce0 Converting diagnostic: UNRESOLVED_REFERENCE at 2547-2551 (severity: ERROR)
[INFO] debounce0 Converting diagnostic: UNRESOLVED_REFERENCE at 2532-2546 (severity: ERROR)
[INFO] debounce0 Converting diagnostic: UNRESOLVED_REFERENCE at 2608-2612 (severity: ERROR)
[INFO] debounce0 Converting diagnostic: UNRESOLVED_REFERENCE at 2593-2607 (severity: ERROR)
[INFO] debounce0 Converting diagnostic: UNRESOLVED_REFERENCE at 2646-2650 (severity: ERROR)
[INFO] debounce0 Converting diagnostic: UNRESOLVED_REFERENCE at 2631-2645 (severity: ERROR)
[INFO] debounce0 Converting diagnostic: UNRESOLVED_REFERENCE at 2669-2673 (severity: ERROR)
[INFO] debounce0 Converting diagnostic: UNRESOLVED_REFERENCE at 2665-2668 (severity: ERROR)
[INFO] debounce0 Converting diagnostic: UNRESOLVED_REFERENCE at 2708-2712 (severity: ERROR)
[INFO] debounce0 Converting diagnostic: UNRESOLVED_REFERENCE at 2693-2707 (severity: ERROR)
[INFO] debounce0 Converting diagnostic: UNRESOLVED_REFERENCE at 2771-2775 (severity: ERROR)
[INFO] debounce0 Converting diagnostic: UNRESOLVED_REFERENCE at 2756-2770 (severity: ERROR)
[INFO] debounce0 Converting diagnostic: UNRESOLVED_REFERENCE at 2838-2842 (severity: ERROR)
[INFO] debounce0 Converting diagnostic: UNRESOLVED_REFERENCE at 2823-2837 (severity: ERROR)
[INFO] debounce0 Converting diagnostic: UNRESOLVED_REFERENCE at 2890-2894 (severity: ERROR)
[INFO] debounce0 Converting diagnostic: UNRESOLVED_REFERENCE at 2875-2889 (severity: ERROR)
[INFO] debounce0 Converting diagnostic: UNRESOLVED_REFERENCE at 2956-2960 (severity: ERROR)
[INFO] debounce0 Converting diagnostic: UNRESOLVED_REFERENCE at 2941-2955 (severity: ERROR)
[INFO] debounce0 Converting diagnostic: UNRESOLVED_REFERENCE at 2994-2998 (severity: ERROR)
[INFO] debounce0 Converting diagnostic: UNRESOLVED_REFERENCE at 2979-2993 (severity: ERROR)
[INFO] debounce0 Converting diagnostic: UNRESOLVED_REFERENCE at 3055-3059 (severity: ERROR)
[INFO] debounce0 Converting diagnostic: UNRESOLVED_REFERENCE at 3040-3054 (severity: ERROR)
[INFO] debounce0 Converting diagnostic: UNRESOLVED_REFERENCE at 3087-3091 (severity: ERROR)
[INFO] debounce0 Converting diagnostic: UNRESOLVED_REFERENCE at 3072-3086 (severity: ERROR)
[INFO] debounce0 Converting diagnostic: UNRESOLVED_REFERENCE at 3121-3125 (severity: ERROR)
[INFO] debounce0 Converting diagnostic: UNRESOLVED_REFERENCE at 3106-3120 (severity: ERROR)
[INFO] debounce0 Converting diagnostic: UNRESOLVED_REFERENCE at 1715-1727 (severity: ERROR)
[INFO] debounce0 Converting diagnostic: UNRESOLVED_REFERENCE at 3197-3206 (severity: ERROR)
[INFO] debounce0 Converting diagnostic: UNRESOLVED_REFERENCE at 3209-3213 (severity: ERROR)
[INFO] debounce0 Converting diagnostic: UNRESOLVED_REFERENCE at 3285-3298 (severity: ERROR)
[INFO] debounce0 Converting diagnostic: UNRESOLVED_REFERENCE at 3352-3360 (severity: ERROR)
[INFO] debounce0 Converting diagnostic: UNRESOLVED_REFERENCE at 3416-3427 (severity: ERROR)
[INFO] debounce0 Converting diagnostic: UNRESOLVED_REFERENCE at 3169-3175 (severity: ERROR)
[INFO] debounce0 Converting diagnostic: UNRESOLVED_REFERENCE at 3148-3162 (severity: ERROR)
[INFO] debounce0 Semantic diagnostics: 141
[INFO] debounce0 Parser diagnostics: 0
[INFO] debounce0 Total diagnostics after filtering: 141
[INFO] debounce0 Ignore 14 diagnostics in .../Ljod/build.gradle.kts because it's not open
[INFO] debounce0 Ignore 127 diagnostics in .../app/build.gradle.kts because it's not open
[ERROR] async     TOOLING API: Error fetching model: Could not fetch model of type 'EclipseProject' using connection to Gradle distribution 'https://services.gradle.org/distributions/gradle-9.7.1-bin.zip'.
[ERROR] async     TOOLING API: EXCEPTION during resolution for /home/dae/Work/VZ/Ljod: Could not fetch model of type 'EclipseProject' using connection to Gradle distribution 'https://services.gradle.org/distributions/gradle-9.7.1-bin.zip'.
[WARN] async     TOOLING API: Falling back to CLI for /home/dae/Work/VZ/Ljod
[ERROR] async     CLI: Gradle task FAILED: e: file:///home/dae/Work/VZ/Ljod/app/build.gradle.kts:69:1: Unexpected symbol
e: file:///home/dae/Work/VZ/Ljod/app/build.gradle.kts:71:1: Unexpected symbol
e: file:///home/dae/Work/VZ/Ljod/app/build.gradle.kts:71:14: Unexpected symbol
e: file:///home/dae/Work/VZ/Ljod/app/build.gradle.kts:73:5: Unexpected symbol
e: file:///home/dae/Work/VZ/Ljod/app/build.gradle.kts:73:9: Unexpected symbol
e: file:///home/dae/Work/VZ/Ljod/app/build.gradle.kts:73:20: Unexpected symbol
e: file:///home/dae/Work/VZ/Ljod/app/build.gradle.kts:73:22: Unexpected symbol
e: file:///home/dae/Work/VZ/Ljod/app/build.gradle.kts:73:30: Unexpected symbol
e: file:///home/dae/Work/VZ/Ljod/app/build.gradle.kts:73:31: Unexpected symbol
e: file:///home/dae/Work/VZ/Ljod/app/build.gradle.kts:73:35: Unexpected symbol
e: file:///home/dae/Work/VZ/Ljod/app/build.gradle.kts:73:36: Unexpected symbol
e: file:///home/dae/Work/VZ/Ljod/app/build.gradle.kts:73:43: Unexpected symbol
e: file:///home/dae/Work/VZ/Ljod/app/build.gradle.kts:73:44: Unexpected symbol
e: file:///home/dae/Work/VZ/Ljod/app/build.gradle.kts:73:47: Unexpected symbol
e: file:///home/dae/Work/VZ/Ljod/app/build.gradle.kts:74:5: Unexpected symbol
e: file:///home/dae/Work/VZ/Ljod/app/build.gradle.kts:74:19: Unexpected symbol
e: file:///home/dae/Work/VZ/Ljod/app/build.gradle.kts:74:20: Unexpected symbol
e: file:///home/dae/Work/VZ/Ljod/app/build.gradle.kts:74:30: Unexpected symbol
e: file:///home/dae/Work/VZ/Ljod/app/build.gradle.kts:75:5: Unexpected symbol
e: file:///home/dae/Work/VZ/Ljod/app/build.gradle.kts:75:19: Unexpected symbol
e: file:///home/dae/Work/VZ/Ljod/app/build.gradle.kts:75:20: Unexpected symbol
e: file:///home/dae/Work/VZ/Ljod/app/build.gradle.kts:75:24: Unexpected symbol
e: file:///home/dae/Work/VZ/Ljod/app/build.gradle.kts:75:25: Unexpected symbol
e: file:///home/dae/Work/VZ/Ljod/app/build.gradle.kts:75:32: Unexpected symbol
e: file:///home/dae/Work/VZ/Ljod/app/build.gradle.kts:75:33: Unexpected symbol
e: file:///home/dae/Work/VZ/Ljod/app/build.gradle.kts:75:35: Unexpected symbol
e: file:///home/dae/Work/VZ/Ljod/app/build.gradle.kts:76:5: Unexpected symbol
e: file:///home/dae/Work/VZ/Ljod/app/build.gradle.kts:76:19: Unexpected symbol
e: file:///home/dae/Work/VZ/Ljod/app/build.gradle.kts:76:20: Unexpected symbol
e: file:///home/dae/Work/VZ/Ljod/app/build.gradle.kts:76:24: Unexpected symbol
e: file:///home/dae/Work/VZ/Ljod/app/build.gradle.kts:76:25: Unexpected symbol
e: file:///home/dae/Work/VZ/Ljod/app/build.gradle.kts:76:32: Unexpected symbol
e: file:///home/dae/Work/VZ/Ljod/app/build.gradle.kts:76:33: Unexpected symbol
e: file:///home/dae/Work/VZ/Ljod/app/build.gradle.kts:76:35: Unexpected symbol
e: file:///home/dae/Work/VZ/Ljod/app/build.gradle.kts:76:36: Unexpected symbol
e: file:///home/dae/Work/VZ/Ljod/app/build.gradle.kts:76:44: Unexpected symbol
e: file:///home/dae/Work/VZ/Ljod/app/build.gradle.kts:77:5: Unexpected symbol
e: file:///home/dae/Work/VZ/Ljod/app/build.gradle.kts:77:19: Unexpected symbol
e: file:///home/dae/Work/VZ/Ljod/app/build.gradle.kts:77:20: Unexpected symbol
e: file:///home/dae/Work/VZ/Ljod/app/build.gradle.kts:77:24: Unexpected symbol
e: file:///home/dae/Work/VZ/Ljod/app/build.gradle.kts:77:25: Unexpected symbol
e: file:///home/dae/Work/VZ/Ljod/app/build.gradle.kts:77:32: Unexpected symbol
e: file:///home/dae/Work/VZ/Ljod/app/build.gradle.kts:77:33: Unexpected symbol
e: file:///home/dae/Work/VZ/Ljod/app/build.gradle.kts:77:42: Unexpected symbol
e: file:///home/dae/Work/VZ/Ljod/app/build.gradle.kts:78:5: Unexpected symbol
e: file:///home/dae/Work/VZ/Ljod/app/build.gradle.kts:78:19: Unexpected symbol
e: file:///home/dae/Work/VZ/Ljod/app/build.gradle.kts:78:20: Unexpected symbol
e: file:///home/dae/Work/VZ/Ljod/app/build.gradle.kts:78:24: Unexpected symbol
e: file:///home/dae/Work/VZ/Ljod/app/build.gradle.kts:78:25: Unexpected symbol
e: file:///home/dae/Work/VZ/Ljod/app/build.gradle.kts:78:32: Unexpected symbol
e: file:///home/dae/Work/VZ/Ljod/app/build.gradle.kts:78:33: Unexpected symbol
e: file:///home/dae/Work/VZ/Ljod/app/build.gradle.kts:78:41: Unexpected symbol
e: file:///home/dae/Work/VZ/Ljod/app/build.gradle.kts:78:42: Unexpected symbol
e: file:///home/dae/Work/VZ/Ljod/app/build.gradle.kts:78:47: Unexpected symbol
e: file:///home/dae/Work/VZ/Ljod/app/build.gradle.kts:79:5: Unexpected symbol
e: file:///home/dae/Work/VZ/Ljod/app/build.gradle.kts:79:19: Unexpected symbol
e: file:///home/dae/Work/VZ/Ljod/app/build.gradle.kts:79:20: Unexpected symbol
e: file:///home/dae/Work/VZ/Ljod/app/build.gradle.kts:79:24: Unexpected symbol
e: file:///home/dae/Work/VZ/Ljod/app/build.gradle.kts:79:25: Unexpected symbol
e: file:///home/dae/Work/VZ/Ljod/app/build.gradle.kts:79:32: Unexpected symbol
e: file:///home/dae/Work/VZ/Ljod/app/build.gradle.kts:79:33: Unexpected symbol
e: file:///home/dae/Work/VZ/Ljod/app/build.gradle.kts:79:42: Unexpected symbol
e: file:///home/dae/Work/VZ/Ljod/app/build.gradle.kts:80:5: Unexpected symbol
e: file:///home/dae/Work/VZ/Ljod/app/build.gradle.kts:80:19: Unexpected symbol
e: file:///home/dae/Work/VZ/Ljod/app/build.gradle.kts:80:20: Unexpected symbol
e: file:///home/dae/Work/VZ/Ljod/app/build.gradle.kts:80:24: Unexpected symbol
e: file:///home/dae/Work/VZ/Ljod/app/build.gradle.kts:80:25: Unexpected symbol
e: file:///home/dae/Work/VZ/Ljod/app/build.gradle.kts:80:32: Unexpected symbol
e: file:///home/dae/Work/VZ/Ljod/app/build.gradle.kts:80:33: Unexpected symbol
e: file:///home/dae/Work/VZ/Ljod/app/build.gradle.kts:80:43: Unexpected symbol
e: file:///home/dae/Work/VZ/Ljod/app/build.gradle.kts:81:5: Unexpected symbol
e: file:///home/dae/Work/VZ/Ljod/app/build.gradle.kts:81:24: Unexpected symbol
e: file:///home/dae/Work/VZ/Ljod/app/build.gradle.kts:81:25: Unexpected symbol
e: file:///home/dae/Work/VZ/Ljod/app/build.gradle.kts:81:29: Unexpected symbol
e: file:///home/dae/Work/VZ/Ljod/app/build.gradle.kts:81:30: Unexpected symbol
e: file:///home/dae/Work/VZ/Ljod/app/build.gradle.kts:81:37: Unexpected symbol
e: file:///home/dae/Work/VZ/Ljod/app/build.gradle.kts:81:38: Unexpected symbol
e: file:///home/dae/Work/VZ/Ljod/app/build.gradle.kts:81:40: Unexpected symbol
e: file:///home/dae/Work/VZ/Ljod/app/build.gradle.kts:81:41: Unexpected symbol
e: file:///home/dae/Work/VZ/Ljod/app/build.gradle.kts:81:48: Unexpected symbol
e: file:///home/dae/Work/VZ/Ljod/app/build.gradle.kts:84:5: Unexpected symbol
e: file:///home/dae/Work/VZ/Ljod/app/build.gradle.kts:84:19: Unexpected symbol
e: file:///home/dae/Work/VZ/Ljod/app/build.gradle.kts:84:20: Unexpected symbol
e: file:///home/dae/Work/VZ/Ljod/app/build.gradle.kts:84:24: Unexpected symbol
e: file:///home/dae/Work/VZ/Ljod/app/build.gradle.kts:84:25: Unexpected symbol
e: file:///home/dae/Work/VZ/Ljod/app/build.gradle.kts:84:29: Unexpected symbol
e: file:///home/dae/Work/VZ/Ljod/app/build.gradle.kts:84:30: Unexpected symbol
e: file:///home/dae/Work/VZ/Ljod/app/build.gradle.kts:84:33: Unexpected symbol
e: file:///home/dae/Work/VZ/Ljod/app/build.gradle.kts:85:5: Unexpected symbol
e: file:///home/dae/Work/VZ/Ljod/app/build.gradle.kts:85:19: Unexpected symbol
e: file:///home/dae/Work/VZ/Ljod/app/build.gradle.kts:85:20: Unexpected symbol
e: file:///home/dae/Work/VZ/Ljod/app/build.gradle.kts:85:24: Unexpected symbol
e: file:///home/dae/Work/VZ/Ljod/app/build.gradle.kts:85:25: Unexpected symbol
e: file:///home/dae/Work/VZ/Ljod/app/build.gradle.kts:85:33: Unexpected symbol
e: file:///home/dae/Work/VZ/Ljod/app/build.gradle.kts:85:34: Unexpected symbol
e: file:///home/dae/Work/VZ/Ljod/app/build.gradle.kts:85:41: Unexpected symbol
e: file:///home/dae/Work/VZ/Ljod/app/build.gradle.kts:86:5: Unexpected symbol
e: file:///home/dae/Work/VZ/Ljod/app/build.gradle.kts:86:19: Unexpected symbol
e: file:///home/dae/Work/VZ/Ljod/app/build.gradle.kts:86:20: Unexpected symbol
e: file:///home/dae/Work/VZ/Ljod/app/build.gradle.kts:86:24: Unexpected symbol
e: file:///home/dae/Work/VZ/Ljod/app/build.gradle.kts:86:25: Unexpected symbol
e: file:///home/dae/Work/VZ/Ljod/app/build.gradle.kts:86:34: Unexpected symbol
e: file:///home/dae/Work/VZ/Ljod/app/build.gradle.kts:86:35: Unexpected symbol
e: file:///home/dae/Work/VZ/Ljod/app/build.gradle.kts:86:42: Unexpected symbol
e: file:///home/dae/Work/VZ/Ljod/app/build.gradle.kts:87:5: Unexpected symbol
e: file:///home/dae/Work/VZ/Ljod/app/build.gradle.kts:87:19: Unexpected symbol
e: file:///home/dae/Work/VZ/Ljod/app/build.gradle.kts:87:20: Unexpected symbol
e: file:///home/dae/Work/VZ/Ljod/app/build.gradle.kts:87:24: Unexpected symbol
e: file:///home/dae/Work/VZ/Ljod/app/build.gradle.kts:87:25: Unexpected symbol
e: file:///home/dae/Work/VZ/Ljod/app/build.gradle.kts:87:34: Unexpected symbol
e: file:///home/dae/Work/VZ/Ljod/app/build.gradle.kts:87:35: Unexpected symbol
e: file:///home/dae/Work/VZ/Ljod/app/build.gradle.kts:87:44: Unexpected symbol
e: file:///home/dae/Work/VZ/Ljod/app/build.gradle.kts:90:5: Unexpected symbol
e: file:///home/dae/Work/VZ/Ljod/app/build.gradle.kts:90:19: Unexpected symbol
e: file:///home/dae/Work/VZ/Ljod/app/build.gradle.kts:90:20: Unexpected symbol
e: file:///home/dae/Work/VZ/Ljod/app/build.gradle.kts:90:24: Unexpected symbol
e: file:///home/dae/Work/VZ/Ljod/app/build.gradle.kts:90:25: Unexpected symbol
e: file:///home/dae/Work/VZ/Ljod/app/build.gradle.kts:90:31: Unexpected symbol
e: file:///home/dae/Work/VZ/Ljod/app/build.gradle.kts:90:32: Unexpected symbol
e: file:///home/dae/Work/VZ/Ljod/app/build.gradle.kts:90:41: Unexpected symbol
e: file:///home/dae/Work/VZ/Ljod/app/build.gradle.kts:91:5: Unexpected symbol
e: file:///home/dae/Work/VZ/Ljod/app/build.gradle.kts:91:19: Unexpected symbol
e: file:///home/dae/Work/VZ/Ljod/app/build.gradle.kts:91:20: Unexpected symbol
e: file:///home/dae/Work/VZ/Ljod/app/build.gradle.kts:91:24: Unexpected symbol
e: file:///home/dae/Work/VZ/Ljod/app/build.gradle.kts:91:25: Unexpected symbol
e: file:///home/dae/Work/VZ/Ljod/app/build.gradle.kts:91:31: Unexpected symbol
e: file:///home/dae/Work/VZ/Ljod/app/build.gradle.kts:91:32: Unexpected symbol
e: file:///home/dae/Work/VZ/Ljod/app/build.gradle.kts:91:39: Unexpected symbol
e: file:///home/dae/Work/VZ/Ljod/app/build.gradle.kts:92:5: Unexpected symbol
e: file:///home/dae/Work/VZ/Ljod/app/build.gradle.kts:92:19: Unexpected symbol
e: file:///home/dae/Work/VZ/Ljod/app/build.gradle.kts:92:20: Unexpected symbol
e: file:///home/dae/Work/VZ/Ljod/app/build.gradle.kts:92:24: Unexpected symbol
e: file:///home/dae/Work/VZ/Ljod/app/build.gradle.kts:92:25: Unexpected symbol
e: file:///home/dae/Work/VZ/Ljod/app/build.gradle.kts:92:31: Unexpected symbol
e: file:///home/dae/Work/VZ/Ljod/app/build.gradle.kts:92:32: Unexpected symbol
e: file:///home/dae/Work/VZ/Ljod/app/build.gradle.kts:92:38: Unexpected symbol
e: file:///home/dae/Work/VZ/Ljod/app/build.gradle.kts:95:5: Unexpected symbol
e: file:///home/dae/Work/VZ/Ljod/app/build.gradle.kts:95:19: Unexpected symbol
e: file:///home/dae/Work/VZ/Ljod/app/build.gradle.kts:95:20: Unexpected symbol
e: file:///home/dae/Work/VZ/Ljod/app/build.gradle.kts:95:24: Unexpected symbol
e: file:///home/dae/Work/VZ/Ljod/app/build.gradle.kts:95:25: Unexpected symbol
e: file:///home/dae/Work/VZ/Ljod/app/build.gradle.kts:95:29: Unexpected symbol
e: file:///home/dae/Work/VZ/Ljod/app/build.gradle.kts:95:30: Unexpected symbol
e: file:///home/dae/Work/VZ/Ljod/app/build.gradle.kts:95:37: Unexpected symbol
e: file:///home/dae/Work/VZ/Ljod/app/build.gradle.kts:96:5: Unexpected symbol
e: file:///home/dae/Work/VZ/Ljod/app/build.gradle.kts:96:8: Unexpected symbol
e: file:///home/dae/Work/VZ/Ljod/app/build.gradle.kts:96:9: Unexpected symbol
e: file:///home/dae/Work/VZ/Ljod/app/build.gradle.kts:96:13: Unexpected symbol
e: file:///home/dae/Work/VZ/Ljod/app/build.gradle.kts:96:14: Unexpected symbol
e: file:///home/dae/Work/VZ/Ljod/app/build.gradle.kts:96:18: Unexpected symbol
e: file:///home/dae/Work/VZ/Ljod/app/build.gradle.kts:96:19: Unexpected symbol
e: file:///home/dae/Work/VZ/Ljod/app/build.gradle.kts:96:27: Unexpected symbol
e: file:///home/dae/Work/VZ/Ljod/app/build.gradle.kts:97:5: Unexpected symbol
e: file:///home/dae/Work/VZ/Ljod/app/build.gradle.kts:97:19: Unexpected symbol
e: file:///home/dae/Work/VZ/Ljod/app/build.gradle.kts:97:20: Unexpected symbol
e: file:///home/dae/Work/VZ/Ljod/app/build.gradle.kts:97:24: Unexpected symbol
e: file:///home/dae/Work/VZ/Ljod/app/build.gradle.kts:97:25: Unexpected symbol
e: file:///home/dae/Work/VZ/Ljod/app/build.gradle.kts:97:29: Unexpected symbol
e: file:///home/dae/Work/VZ/Ljod/app/build.gradle.kts:97:30: Unexpected symbol
e: file:///home/dae/Work/VZ/Ljod/app/build.gradle.kts:97:40: Unexpected symbol
e: file:///home/dae/Work/VZ/Ljod/app/build.gradle.kts:100:5: Unexpected symbol
e: file:///home/dae/Work/VZ/Ljod/app/build.gradle.kts:100:19: Unexpected symbol
e: file:///home/dae/Work/VZ/Ljod/app/build.gradle.kts:100:20: Unexpected symbol
e: file:///home/dae/Work/VZ/Ljod/app/build.gradle.kts:100:24: Unexpected symbol
e: file:///home/dae/Work/VZ/Ljod/app/build.gradle.kts:100:25: Unexpected symbol
e: file:///home/dae/Work/VZ/Ljod/app/build.gradle.kts:100:29: Unexpected symbol
e: file:///home/dae/Work/VZ/Ljod/app/build.gradle.kts:100:30: Unexpected symbol
e: file:///home/dae/Work/VZ/Ljod/app/build.gradle.kts:100:37: Unexpected symbol
e: file:///home/dae/Work/VZ/Ljod/app/build.gradle.kts:101:5: Unexpected symbol
e: file:///home/dae/Work/VZ/Ljod/app/build.gradle.kts:101:19: Unexpected symbol
e: file:///home/dae/Work/VZ/Ljod/app/build.gradle.kts:101:20: Unexpected symbol
e: file:///home/dae/Work/VZ/Ljod/app/build.gradle.kts:101:24: Unexpected symbol
e: file:///home/dae/Work/VZ/Ljod/app/build.gradle.kts:101:25: Unexpected symbol
e: file:///home/dae/Work/VZ/Ljod/app/build.gradle.kts:101:29: Unexpected symbol
e: file:///home/dae/Work/VZ/Ljod/app/build.gradle.kts:101:30: Unexpected symbol
e: file:///home/dae/Work/VZ/Ljod/app/build.gradle.kts:101:33: Unexpected symbol
e: file:///home/dae/Work/VZ/Ljod/app/build.gradle.kts:102:5: Unexpected symbol
e: file:///home/dae/Work/VZ/Ljod/app/build.gradle.kts:102:8: Unexpected symbol
e: file:///home/dae/Work/VZ/Ljod/app/build.gradle.kts:102:9: Unexpected symbol
e: file:///home/dae/Work/VZ/Ljod/app/build.gradle.kts:102:13: Unexpected symbol
e: file:///home/dae/Work/VZ/Ljod/app/build.gradle.kts:102:14: Unexpected symbol
e: file:///home/dae/Work/VZ/Ljod/app/build.gradle.kts:102:18: Unexpected symbol
e: file:///home/dae/Work/VZ/Ljod/app/build.gradle.kts:102:19: Unexpected symbol
e: file:///home/dae/Work/VZ/Ljod/app/build.gradle.kts:102:27: Unexpected symbol
e: file:///home/dae/Work/VZ/Ljod/app/build.gradle.kts:103:5: Unexpected symbol
e: file:///home/dae/Work/VZ/Ljod/app/build.gradle.kts:103:19: Unexpected symbol
e: file:///home/dae/Work/VZ/Ljod/app/build.gradle.kts:103:20: Unexpected symbol
e: file:///home/dae/Work/VZ/Ljod/app/build.gradle.kts:103:24: Unexpected symbol
e: file:///home/dae/Work/VZ/Ljod/app/build.gradle.kts:103:25: Unexpected symbol
e: file:///home/dae/Work/VZ/Ljod/app/build.gradle.kts:103:34: Unexpected symbol
e: file:///home/dae/Work/VZ/Ljod/app/build.gradle.kts:103:35: Unexpected symbol
e: file:///home/dae/Work/VZ/Ljod/app/build.gradle.kts:103:46: Unexpected symbol
e: file:///home/dae/Work/VZ/Ljod/app/build.gradle.kts:106:5: Unexpected symbol
e: file:///home/dae/Work/VZ/Ljod/app/build.gradle.kts:106:19: Unexpected symbol
e: file:///home/dae/Work/VZ/Ljod/app/build.gradle.kts:106:20: Unexpected symbol
e: file:///home/dae/Work/VZ/Ljod/app/build.gradle.kts:106:24: Unexpected symbol
e: file:///home/dae/Work/VZ/Ljod/app/build.gradle.kts:106:25: Unexpected symbol
e: file:///home/dae/Work/VZ/Ljod/app/build.gradle.kts:106:31: Unexpected symbol
e: file:///home/dae/Work/VZ/Ljod/app/build.gradle.kts:109:5: Unexpected symbol
e: file:///home/dae/Work/VZ/Ljod/app/build.gradle.kts:109:19: Unexpected symbol
e: file:///home/dae/Work/VZ/Ljod/app/build.gradle.kts:109:20: Unexpected symbol
e: file:///home/dae/Work/VZ/Ljod/app/build.gradle.kts:109:24: Unexpected symbol
e: file:///home/dae/Work/VZ/Ljod/app/build.gradle.kts:109:25: Unexpected symbol
e: file:///home/dae/Work/VZ/Ljod/app/build.gradle.kts:109:32: Unexpected symbol
e: file:///home/dae/Work/VZ/Ljod/app/build.gradle.kts:109:33: Unexpected symbol
e: file:///home/dae/Work/VZ/Ljod/app/build.gradle.kts:109:46: Unexpected symbol
e: file:///home/dae/Work/VZ/Ljod/app/build.gradle.kts:109:47: Unexpected symbol
e: file:///home/dae/Work/VZ/Ljod/app/build.gradle.kts:109:51: Unexpected symbol
e: file:///home/dae/Work/VZ/Ljod/app/build.gradle.kts:110:5: Unexpected symbol
e: file:///home/dae/Work/VZ/Ljod/app/build.gradle.kts:110:19: Unexpected symbol
e: file:///home/dae/Work/VZ/Ljod/app/build.gradle.kts:110:20: Unexpected symbol
e: file:///home/dae/Work/VZ/Ljod/app/build.gradle.kts:110:24: Unexpected symbol
e: file:///home/dae/Work/VZ/Ljod/app/build.gradle.kts:110:25: Unexpected symbol
e: file:///home/dae/Work/VZ/Ljod/app/build.gradle.kts:110:32: Unexpected symbol
e: file:///home/dae/Work/VZ/Ljod/app/build.gradle.kts:110:33: Unexpected symbol
e: file:///home/dae/Work/VZ/Ljod/app/build.gradle.kts:110:43: Unexpected symbol
e: file:///home/dae/Work/VZ/Ljod/app/build.gradle.kts:113:5: Unexpected symbol
e: file:///home/dae/Work/VZ/Ljod/app/build.gradle.kts:113:19: Unexpected symbol
e: file:///home/dae/Work/VZ/Ljod/app/build.gradle.kts:113:20: Unexpected symbol
e: file:///home/dae/Work/VZ/Ljod/app/build.gradle.kts:113:24: Unexpected symbol
e: file:///home/dae/Work/VZ/Ljod/app/build.gradle.kts:113:25: Unexpected symbol
e: file:///home/dae/Work/VZ/Ljod/app/build.gradle.kts:113:29: Unexpected symbol
e: file:///home/dae/Work/VZ/Ljod/app/build.gradle.kts:113:30: Unexpected symbol
e: file:///home/dae/Work/VZ/Ljod/app/build.gradle.kts:113:37: Unexpected symbol
e: file:///home/dae/Work/VZ/Ljod/app/build.gradle.kts:114:5: Unexpected symbol
e: file:///home/dae/Work/VZ/Ljod/app/build.gradle.kts:114:19: Unexpected symbol
e: file:///home/dae/Work/VZ/Ljod/app/build.gradle.kts:114:20: Unexpected symbol
e: file:///home/dae/Work/VZ/Ljod/app/build.gradle.kts:114:24: Unexpected symbol
e: file:///home/dae/Work/VZ/Ljod/app/build.gradle.kts:114:25: Unexpected symbol
e: file:///home/dae/Work/VZ/Ljod/app/build.gradle.kts:114:29: Unexpected symbol
e: file:///home/dae/Work/VZ/Ljod/app/build.gradle.kts:114:30: Unexpected symbol
e: file:///home/dae/Work/VZ/Ljod/app/build.gradle.kts:114:37: Unexpected symbol
e: file:///home/dae/Work/VZ/Ljod/app/build.gradle.kts:114:38: Unexpected symbol
e: file:///home/dae/Work/VZ/Ljod/app/build.gradle.kts:114:44: Unexpected symbol
e: file:///home/dae/Work/VZ/Ljod/app/build.gradle.kts:117:5: Unexpected symbol
e: file:///home/dae/Work/VZ/Ljod/app/build.gradle.kts:117:19: Unexpected symbol
e: file:///home/dae/Work/VZ/Ljod/app/build.gradle.kts:117:20: Unexpected symbol
e: file:///home/dae/Work/VZ/Ljod/app/build.gradle.kts:117:24: Unexpected symbol
e: file:///home/dae/Work/VZ/Ljod/app/build.gradle.kts:117:25: Unexpected symbol
e: file:///home/dae/Work/VZ/Ljod/app/build.gradle.kts:117:31: Unexpected symbol
e: file:///home/dae/Work/VZ/Ljod/app/build.gradle.kts:118:5: Unexpected symbol
e: file:///home/dae/Work/VZ/Ljod/app/build.gradle.kts:118:19: Unexpected symbol
e: file:///home/dae/Work/VZ/Ljod/app/build.gradle.kts:118:20: Unexpected symbol
e: file:///home/dae/Work/VZ/Ljod/app/build.gradle.kts:118:24: Unexpected symbol
e: file:///home/dae/Work/VZ/Ljod/app/build.gradle.kts:118:25: Unexpected symbol
e: file:///home/dae/Work/VZ/Ljod/app/build.gradle.kts:118:31: Unexpected symbol
e: file:///home/dae/Work/VZ/Ljod/app/build.gradle.kts:118:32: Unexpected symbol
e: file:///home/dae/Work/VZ/Ljod/app/build.gradle.kts:118:39: Unexpected symbol
e: file:///home/dae/Work/VZ/Ljod/app/build.gradle.kts:119:5: Unexpected symbol
e: file:///home/dae/Work/VZ/Ljod/app/build.gradle.kts:119:19: Unexpected symbol
e: file:///home/dae/Work/VZ/Ljod/app/build.gradle.kts:119:20: Unexpected symbol
e: file:///home/dae/Work/VZ/Ljod/app/build.gradle.kts:119:24: Unexpected symbol
e: file:///home/dae/Work/VZ/Ljod/app/build.gradle.kts:119:25: Unexpected symbol
e: file:///home/dae/Work/VZ/Ljod/app/build.gradle.kts:119:33: Unexpected symbol
e: file:///home/dae/Work/VZ/Ljod/app/build.gradle.kts:120:5: Unexpected symbol
e: file:///home/dae/Work/VZ/Ljod/app/build.gradle.kts:120:19: Unexpected symbol
e: file:///home/dae/Work/VZ/Ljod/app/build.gradle.kts:120:20: Unexpected symbol
e: file:///home/dae/Work/VZ/Ljod/app/build.gradle.kts:120:24: Unexpected symbol
e: file:///home/dae/Work/VZ/Ljod/app/build.gradle.kts:120:25: Unexpected symbol
e: file:///home/dae/Work/VZ/Ljod/app/build.gradle.kts:120:33: Unexpected symbol
e: file:///home/dae/Work/VZ/Ljod/app/build.gradle.kts:120:34: Unexpected symbol
e: file:///home/dae/Work/VZ/Ljod/app/build.gradle.kts:120:41: Unexpected symbol
e: file:///home/dae/Work/VZ/Ljod/app/build.gradle.kts:123:5: Unexpected symbol
e: file:///home/dae/Work/VZ/Ljod/app/build.gradle.kts:123:19: Unexpected symbol
e: file:///home/dae/Work/VZ/Ljod/app/build.gradle.kts:123:20: Unexpected symbol
e: file:///home/dae/Work/VZ/Ljod/app/build.gradle.kts:123:24: Unexpected symbol
e: file:///home/dae/Work/VZ/Ljod/app/build.gradle.kts:123:25: Unexpected symbol
e: file:///home/dae/Work/VZ/Ljod/app/build.gradle.kts:123:34: Unexpected symbol
e: file:///home/dae/Work/VZ/Ljod/app/build.gradle.kts:124:5: Unexpected symbol
e: file:///home/dae/Work/VZ/Ljod/app/build.gradle.kts:124:19: Unexpected symbol
e: file:///home/dae/Work/VZ/Ljod/app/build.gradle.kts:124:20: Unexpected symbol
e: file:///home/dae/Work/VZ/Ljod/app/build.gradle.kts:124:24: Unexpected symbol
e: file:///home/dae/Work/VZ/Ljod/app/build.gradle.kts:124:25: Unexpected symbol
e: file:///home/dae/Work/VZ/Ljod/app/build.gradle.kts:124:33: Unexpected symbol
e: file:///home/dae/Work/VZ/Ljod/app/build.gradle.kts:124:34: Unexpected symbol
e: file:///home/dae/Work/VZ/Ljod/app/build.gradle.kts:124:40: Unexpected symbol
e: file:///home/dae/Work/VZ/Ljod/app/build.gradle.kts:127:5: Unexpected symbol
e: file:///home/dae/Work/VZ/Ljod/app/build.gradle.kts:127:19: Unexpected symbol
e: file:///home/dae/Work/VZ/Ljod/app/build.gradle.kts:127:20: Unexpected symbol
e: file:///home/dae/Work/VZ/Ljod/app/build.gradle.kts:127:24: Unexpected symbol
e: file:///home/dae/Work/VZ/Ljod/app/build.gradle.kts:127:25: Unexpected symbol
e: file:///home/dae/Work/VZ/Ljod/app/build.gradle.kts:127:36: Unexpected symbol
e: file:///home/dae/Work/VZ/Ljod/app/build.gradle.kts:128:5: Unexpected symbol
e: file:///home/dae/Work/VZ/Ljod/app/build.gradle.kts:128:19: Unexpected symbol
e: file:///home/dae/Work/VZ/Ljod/app/build.gradle.kts:128:20: Unexpected symbol
e: file:///home/dae/Work/VZ/Ljod/app/build.gradle.kts:128:24: Unexpected symbol
e: file:///home/dae/Work/VZ/Ljod/app/build.gradle.kts:128:25: Unexpected symbol
e: file:///home/dae/Work/VZ/Ljod/app/build.gradle.kts:128:33: Unexpected symbol
e: file:///home/dae/Work/VZ/Ljod/app/build.gradle.kts:128:34: Unexpected symbol
e: file:///home/dae/Work/VZ/Ljod/app/build.gradle.kts:128:41: Unexpected symbol
e: file:///home/dae/Work/VZ/Ljod/app/build.gradle.kts:131:5: Unexpected symbol
e: file:///home/dae/Work/VZ/Ljod/app/build.gradle.kts:131:19: Unexpected symbol
e: file:///home/dae/Work/VZ/Ljod/app/build.gradle.kts:131:20: Unexpected symbol
e: file:///home/dae/Work/VZ/Ljod/app/build.gradle.kts:131:24: Unexpected symbol
e: file:///home/dae/Work/VZ/Ljod/app/build.gradle.kts:131:25: Unexpected symbol
e: file:///home/dae/Work/VZ/Ljod/app/build.gradle.kts:131:34: Unexpected symbol
e: file:///home/dae/Work/VZ/Ljod/app/build.gradle.kts:131:35: Unexpected symbol
e: file:///home/dae/Work/VZ/Ljod/app/build.gradle.kts:131:46: Unexpected symbol
e: file:///home/dae/Work/VZ/Ljod/app/build.gradle.kts:132:5: Unexpected symbol
e: file:///home/dae/Work/VZ/Ljod/app/build.gradle.kts:132:19: Unexpected symbol
e: file:///home/dae/Work/VZ/Ljod/app/build.gradle.kts:132:20: Unexpected symbol
e: file:///home/dae/Work/VZ/Ljod/app/build.gradle.kts:132:24: Unexpected symbol
e: file:///home/dae/Work/VZ/Ljod/app/build.gradle.kts:132:25: Unexpected symbol
e: file:///home/dae/Work/VZ/Ljod/app/build.gradle.kts:132:34: Unexpected symbol
e: file:///home/dae/Work/VZ/Ljod/app/build.gradle.kts:133:5: Unexpected symbol
e: file:///home/dae/Work/VZ/Ljod/app/build.gradle.kts:133:19: Unexpected symbol
e: file:///home/dae/Work/VZ/Ljod/app/build.gradle.kts:133:20: Unexpected symbol
e: file:///home/dae/Work/VZ/Ljod/app/build.gradle.kts:133:24: Unexpected symbol
e: file:///home/dae/Work/VZ/Ljod/app/build.gradle.kts:133:25: Unexpected symbol
e: file:///home/dae/Work/VZ/Ljod/app/build.gradle.kts:133:31: Unexpected symbol
e: file:///home/dae/Work/VZ/Ljod/app/build.gradle.kts:134:5: Unexpected symbol
e: file:///home/dae/Work/VZ/Ljod/app/build.gradle.kts:134:19: Unexpected symbol
e: file:///home/dae/Work/VZ/Ljod/app/build.gradle.kts:134:20: Unexpected symbol
e: file:///home/dae/Work/VZ/Ljod/app/build.gradle.kts:134:24: Unexpected symbol
e: file:///home/dae/Work/VZ/Ljod/app/build.gradle.kts:134:25: Unexpected symbol
e: file:///home/dae/Work/VZ/Ljod/app/build.gradle.kts:134:31: Unexpected symbol
e: file:///home/dae/Work/VZ/Ljod/app/build.gradle.kts:134:32: Unexpected symbol
e: file:///home/dae/Work/VZ/Ljod/app/build.gradle.kts:134:41: Unexpected symbol
e: file:///home/dae/Work/VZ/Ljod/app/build.gradle.kts:137:5: Unexpected symbol
e: file:///home/dae/Work/VZ/Ljod/app/build.gradle.kts:137:26: Unexpected symbol
e: file:///home/dae/Work/VZ/Ljod/app/build.gradle.kts:137:27: Unexpected symbol
e: file:///home/dae/Work/VZ/Ljod/app/build.gradle.kts:137:31: Unexpected symbol
e: file:///home/dae/Work/VZ/Ljod/app/build.gradle.kts:137:32: Unexpected symbol
e: file:///home/dae/Work/VZ/Ljod/app/build.gradle.kts:137:39: Unexpected symbol
e: file:///home/dae/Work/VZ/Ljod/app/build.gradle.kts:138:1: Unexpected symbol

FAILURE: Build failed with an exception.

* Where:
Build file '/home/dae/Work/VZ/Ljod/app/build.gradle.kts' line: 69

* What went wrong:
Script compilation errors:

  Line 069: }
            ^ Unexpected symbol

  Line 071: dependencies {
            ^ Unexpected symbol

  Line 071: dependencies {
                         ^ Unexpected symbol

  Line 073:     val composeBom = platform(libs.compose.bom)
                ^ Unexpected symbol

  Line 073:     val composeBom = platform(libs.compose.bom)
                    ^ Unexpected symbol

  Line 073:     val composeBom = platform(libs.compose.bom)
                               ^ Unexpected symbol

  Line 073:     val composeBom = platform(libs.compose.bom)
                                 ^ Unexpected symbol

  Line 073:     val composeBom = platform(libs.compose.bom)
                                         ^ Unexpected symbol

  Line 073:     val composeBom = platform(libs.compose.bom)
                                          ^ Unexpected symbol

  Line 073:     val composeBom = platform(libs.compose.bom)
                                              ^ Unexpected symbol

  Line 073:     val composeBom = platform(libs.compose.bom)
                                               ^ Unexpected symbol

  Line 073:     val composeBom = platform(libs.compose.bom)
                                                      ^ Unexpected symbol

  Line 073:     val composeBom = platform(libs.compose.bom)
                                                       ^ Unexpected symbol

  Line 073:     val composeBom = platform(libs.compose.bom)
                                                          ^ Unexpected symbol

  Line 074:     implementation(composeBom)
                ^ Unexpected symbol

  Line 074:     implementation(composeBom)
                              ^ Unexpected symbol

  Line 074:     implementation(composeBom)
                               ^ Unexpected symbol

  Line 074:     implementation(composeBom)
                                         ^ Unexpected symbol

  Line 075:     implementation(libs.compose.ui)
                ^ Unexpected symbol

  Line 075:     implementation(libs.compose.ui)
                              ^ Unexpected symbol

  Line 075:     implementation(libs.compose.ui)
                               ^ Unexpected symbol

  Line 075:     implementation(libs.compose.ui)
                                   ^ Unexpected symbol

  Line 075:     implementation(libs.compose.ui)
                                    ^ Unexpected symbol

  Line 075:     implementation(libs.compose.ui)
                                           ^ Unexpected symbol

  Line 075:     implementation(libs.compose.ui)
                                            ^ Unexpected symbol

  Line 075:     implementation(libs.compose.ui)
                                              ^ Unexpected symbol

  Line 076:     implementation(libs.compose.ui.graphics)
                ^ Unexpected symbol

  Line 076:     implementation(libs.compose.ui.graphics)
                              ^ Unexpected symbol

  Line 076:     implementation(libs.compose.ui.graphics)
                               ^ Unexpected symbol

  Line 076:     implementation(libs.compose.ui.graphics)
                                   ^ Unexpected symbol

  Line 076:     implementation(libs.compose.ui.graphics)
                                    ^ Unexpected symbol

  Line 076:     implementation(libs.compose.ui.graphics)
                                           ^ Unexpected symbol

  Line 076:     implementation(libs.compose.ui.graphics)
                                            ^ Unexpected symbol

  Line 076:     implementation(libs.compose.ui.graphics)
                                              ^ Unexpected symbol

  Line 076:     implementation(libs.compose.ui.graphics)
                                               ^ Unexpected symbol

  Line 076:     implementation(libs.compose.ui.graphics)
                                                       ^ Unexpected symbol

  Line 077:     implementation(libs.compose.material3)
                ^ Unexpected symbol

  Line 077:     implementation(libs.compose.material3)
                              ^ Unexpected symbol

  Line 077:     implementation(libs.compose.material3)
                               ^ Unexpected symbol

  Line 077:     implementation(libs.compose.material3)
                                   ^ Unexpected symbol

  Line 077:     implementation(libs.compose.material3)
                                    ^ Unexpected symbol

  Line 077:     implementation(libs.compose.material3)
                                           ^ Unexpected symbol

  Line 077:     implementation(libs.compose.material3)
                                            ^ Unexpected symbol

  Line 077:     implementation(libs.compose.material3)
                                                     ^ Unexpected symbol

  Line 078:     implementation(libs.compose.material.icons)
                ^ Unexpected symbol

  Line 078:     implementation(libs.compose.material.icons)
                              ^ Unexpected symbol

  Line 078:     implementation(libs.compose.material.icons)
                               ^ Unexpected symbol

  Line 078:     implementation(libs.compose.material.icons)
                                   ^ Unexpected symbol

  Line 078:     implementation(libs.compose.material.icons)
                                    ^ Unexpected symbol

  Line 078:     implementation(libs.compose.material.icons)
                                           ^ Unexpected symbol

  Line 078:     implementation(libs.compose.material.icons)
                                            ^ Unexpected symbol

  Line 078:     implementation(libs.compose.material.icons)
                                                    ^ Unexpected symbol

  Line 078:     implementation(libs.compose.material.icons)
                                                     ^ Unexpected symbol

  Line 078:     implementation(libs.compose.material.icons)
                                                          ^ Unexpected symbol

  Line 079:     implementation(libs.compose.animation)
                ^ Unexpected symbol

  Line 079:     implementation(libs.compose.animation)
                              ^ Unexpected symbol

  Line 079:     implementation(libs.compose.animation)
                               ^ Unexpected symbol

  Line 079:     implementation(libs.compose.animation)
                                   ^ Unexpected symbol

  Line 079:     implementation(libs.compose.animation)
                                    ^ Unexpected symbol

  Line 079:     implementation(libs.compose.animation)
                                           ^ Unexpected symbol

  Line 079:     implementation(libs.compose.animation)
                                            ^ Unexpected symbol

  Line 079:     implementation(libs.compose.animation)
                                                     ^ Unexpected symbol

  Line 080:     implementation(libs.compose.foundation)
                ^ Unexpected symbol

  Line 080:     implementation(libs.compose.foundation)
                              ^ Unexpected symbol

  Line 080:     implementation(libs.compose.foundation)
                               ^ Unexpected symbol

  Line 080:     implementation(libs.compose.foundation)
                                   ^ Unexpected symbol

  Line 080:     implementation(libs.compose.foundation)
                                    ^ Unexpected symbol

  Line 080:     implementation(libs.compose.foundation)
                                           ^ Unexpected symbol

  Line 080:     implementation(libs.compose.foundation)
                                            ^ Unexpected symbol

  Line 080:     implementation(libs.compose.foundation)
                                                      ^ Unexpected symbol

  Line 081:     debugImplementation(libs.compose.ui.tooling)
                ^ Unexpected symbol

  Line 081:     debugImplementation(libs.compose.ui.tooling)
                                   ^ Unexpected symbol

  Line 081:     debugImplementation(libs.compose.ui.tooling)
                                    ^ Unexpected symbol

  Line 081:     debugImplementation(libs.compose.ui.tooling)
                                        ^ Unexpected symbol

  Line 081:     debugImplementation(libs.compose.ui.tooling)
                                         ^ Unexpected symbol

  Line 081:     debugImplementation(libs.compose.ui.tooling)
                                                ^ Unexpected symbol

  Line 081:     debugImplementation(libs.compose.ui.tooling)
                                                 ^ Unexpected symbol

  Line 081:     debugImplementation(libs.compose.ui.tooling)
                                                   ^ Unexpected symbol

  Line 081:     debugImplementation(libs.compose.ui.tooling)
                                                    ^ Unexpected symbol

  Line 081:     debugImplementation(libs.compose.ui.tooling)
                                                           ^ Unexpected symbol

  Line 084:     implementation(libs.core.ktx)
                ^ Unexpected symbol

  Line 084:     implementation(libs.core.ktx)
                              ^ Unexpected symbol

  Line 084:     implementation(libs.core.ktx)
                               ^ Unexpected symbol

  Line 084:     implementation(libs.core.ktx)
                                   ^ Unexpected symbol

  Line 084:     implementation(libs.core.ktx)
                                    ^ Unexpected symbol

  Line 084:     implementation(libs.core.ktx)
                                        ^ Unexpected symbol

  Line 084:     implementation(libs.core.ktx)
                                         ^ Unexpected symbol

  Line 084:     implementation(libs.core.ktx)
                                            ^ Unexpected symbol

  Line 085:     implementation(libs.activity.compose)
                ^ Unexpected symbol

  Line 085:     implementation(libs.activity.compose)
                              ^ Unexpected symbol

  Line 085:     implementation(libs.activity.compose)
                               ^ Unexpected symbol

  Line 085:     implementation(libs.activity.compose)
                                   ^ Unexpected symbol

  Line 085:     implementation(libs.activity.compose)
                                    ^ Unexpected symbol

  Line 085:     implementation(libs.activity.compose)
                                            ^ Unexpected symbol

  Line 085:     implementation(libs.activity.compose)
                                             ^ Unexpected symbol

  Line 085:     implementation(libs.activity.compose)
                                                    ^ Unexpected symbol

  Line 086:     implementation(libs.lifecycle.runtime)
                ^ Unexpected symbol

  Line 086:     implementation(libs.lifecycle.runtime)
                              ^ Unexpected symbol

  Line 086:     implementation(libs.lifecycle.runtime)
                               ^ Unexpected symbol

  Line 086:     implementation(libs.lifecycle.runtime)
                                   ^ Unexpected symbol

  Line 086:     implementation(libs.lifecycle.runtime)
                                    ^ Unexpected symbol

  Line 086:     implementation(libs.lifecycle.runtime)
                                             ^ Unexpected symbol

  Line 086:     implementation(libs.lifecycle.runtime)
                                              ^ Unexpected symbol

  Line 086:     implementation(libs.lifecycle.runtime)
                                                     ^ Unexpected symbol

  Line 087:     implementation(libs.lifecycle.viewmodel)
                ^ Unexpected symbol

  Line 087:     implementation(libs.lifecycle.viewmodel)
                              ^ Unexpected symbol

  Line 087:     implementation(libs.lifecycle.viewmodel)
                               ^ Unexpected symbol

  Line 087:     implementation(libs.lifecycle.viewmodel)
                                   ^ Unexpected symbol

  Line 087:     implementation(libs.lifecycle.viewmodel)
                                    ^ Unexpected symbol

  Line 087:     implementation(libs.lifecycle.viewmodel)
                                             ^ Unexpected symbol

  Line 087:     implementation(libs.lifecycle.viewmodel)
                                              ^ Unexpected symbol

  Line 087:     implementation(libs.lifecycle.viewmodel)
                                                       ^ Unexpected symbol

  Line 090:     implementation(libs.media3.exoplayer)
                ^ Unexpected symbol

  Line 090:     implementation(libs.media3.exoplayer)
                              ^ Unexpected symbol

  Line 090:     implementation(libs.media3.exoplayer)
                               ^ Unexpected symbol

  Line 090:     implementation(libs.media3.exoplayer)
                                   ^ Unexpected symbol

  Line 090:     implementation(libs.media3.exoplayer)
                                    ^ Unexpected symbol

  Line 090:     implementation(libs.media3.exoplayer)
                                          ^ Unexpected symbol

  Line 090:     implementation(libs.media3.exoplayer)
                                           ^ Unexpected symbol

  Line 090:     implementation(libs.media3.exoplayer)
                                                    ^ Unexpected symbol

  Line 091:     implementation(libs.media3.session)
                ^ Unexpected symbol

  Line 091:     implementation(libs.media3.session)
                              ^ Unexpected symbol

  Line 091:     implementation(libs.media3.session)
                               ^ Unexpected symbol

  Line 091:     implementation(libs.media3.session)
                                   ^ Unexpected symbol

  Line 091:     implementation(libs.media3.session)
                                    ^ Unexpected symbol

  Line 091:     implementation(libs.media3.session)
                                          ^ Unexpected symbol

  Line 091:     implementation(libs.media3.session)
                                           ^ Unexpected symbol

  Line 091:     implementation(libs.media3.session)
                                                  ^ Unexpected symbol

  Line 092:     implementation(libs.media3.common)
                ^ Unexpected symbol

  Line 092:     implementation(libs.media3.common)
                              ^ Unexpected symbol

  Line 092:     implementation(libs.media3.common)
                               ^ Unexpected symbol

  Line 092:     implementation(libs.media3.common)
                                   ^ Unexpected symbol

  Line 092:     implementation(libs.media3.common)
                                    ^ Unexpected symbol

  Line 092:     implementation(libs.media3.common)
                                          ^ Unexpected symbol

  Line 092:     implementation(libs.media3.common)
                                           ^ Unexpected symbol

  Line 092:     implementation(libs.media3.common)
                                                 ^ Unexpected symbol

  Line 095:     implementation(libs.hilt.android)
                ^ Unexpected symbol

  Line 095:     implementation(libs.hilt.android)
                              ^ Unexpected symbol

  Line 095:     implementation(libs.hilt.android)
                               ^ Unexpected symbol

  Line 095:     implementation(libs.hilt.android)
                                   ^ Unexpected symbol

  Line 095:     implementation(libs.hilt.android)
                                    ^ Unexpected symbol

  Line 095:     implementation(libs.hilt.android)
                                        ^ Unexpected symbol

  Line 095:     implementation(libs.hilt.android)
                                         ^ Unexpected symbol

  Line 095:     implementation(libs.hilt.android)
                                                ^ Unexpected symbol

  Line 096:     ksp(libs.hilt.compiler)
                ^ Unexpected symbol

  Line 096:     ksp(libs.hilt.compiler)
                   ^ Unexpected symbol

  Line 096:     ksp(libs.hilt.compiler)
                    ^ Unexpected symbol

  Line 096:     ksp(libs.hilt.compiler)
                        ^ Unexpected symbol

  Line 096:     ksp(libs.hilt.compiler)
                         ^ Unexpected symbol

  Line 096:     ksp(libs.hilt.compiler)
                             ^ Unexpected symbol

  Line 096:     ksp(libs.hilt.compiler)
                              ^ Unexpected symbol

  Line 096:     ksp(libs.hilt.compiler)
                                      ^ Unexpected symbol

  Line 097:     implementation(libs.hilt.navigation)
                ^ Unexpected symbol

  Line 097:     implementation(libs.hilt.navigation)
                              ^ Unexpected symbol

  Line 097:     implementation(libs.hilt.navigation)
                               ^ Unexpected symbol

  Line 097:     implementation(libs.hilt.navigation)
                                   ^ Unexpected symbol

  Line 097:     implementation(libs.hilt.navigation)
                                    ^ Unexpected symbol

  Line 097:     implementation(libs.hilt.navigation)
                                        ^ Unexpected symbol

  Line 097:     implementation(libs.hilt.navigation)
                                         ^ Unexpected symbol

  Line 097:     implementation(libs.hilt.navigation)
                                                   ^ Unexpected symbol

  Line 100:     implementation(libs.room.runtime)
                ^ Unexpected symbol

  Line 100:     implementation(libs.room.runtime)
                              ^ Unexpected symbol

  Line 100:     implementation(libs.room.runtime)
                               ^ Unexpected symbol

  Line 100:     implementation(libs.room.runtime)
                                   ^ Unexpected symbol

  Line 100:     implementation(libs.room.runtime)
                                    ^ Unexpected symbol

  Line 100:     implementation(libs.room.runtime)
                                        ^ Unexpected symbol

  Line 100:     implementation(libs.room.runtime)
                                         ^ Unexpected symbol

  Line 100:     implementation(libs.room.runtime)
                                                ^ Unexpected symbol

  Line 101:     implementation(libs.room.ktx)
                ^ Unexpected symbol

  Line 101:     implementation(libs.room.ktx)
                              ^ Unexpected symbol

  Line 101:     implementation(libs.room.ktx)
                               ^ Unexpected symbol

  Line 101:     implementation(libs.room.ktx)
                                   ^ Unexpected symbol

  Line 101:     implementation(libs.room.ktx)
                                    ^ Unexpected symbol

  Line 101:     implementation(libs.room.ktx)
                                        ^ Unexpected symbol

  Line 101:     implementation(libs.room.ktx)
                                         ^ Unexpected symbol

  Line 101:     implementation(libs.room.ktx)
                                            ^ Unexpected symbol

  Line 102:     ksp(libs.room.compiler)
                ^ Unexpected symbol

  Line 102:     ksp(libs.room.compiler)
                   ^ Unexpected symbol

  Line 102:     ksp(libs.room.compiler)
                    ^ Unexpected symbol

  Line 102:     ksp(libs.room.compiler)
                        ^ Unexpected symbol

  Line 102:     ksp(libs.room.compiler)
                         ^ Unexpected symbol

  Line 102:     ksp(libs.room.compiler)
                             ^ Unexpected symbol

  Line 102:     ksp(libs.room.compiler)
                              ^ Unexpected symbol

  Line 102:     ksp(libs.room.compiler)
                                      ^ Unexpected symbol

  Line 103:     implementation(libs.datastore.preferences)
                ^ Unexpected symbol

  Line 103:     implementation(libs.datastore.preferences)
                              ^ Unexpected symbol

  Line 103:     implementation(libs.datastore.preferences)
                               ^ Unexpected symbol

  Line 103:     implementation(libs.datastore.preferences)
                                   ^ Unexpected symbol

  Line 103:     implementation(libs.datastore.preferences)
                                    ^ Unexpected symbol

  Line 103:     implementation(libs.datastore.preferences)
                                             ^ Unexpected symbol

  Line 103:     implementation(libs.datastore.preferences)
                                              ^ Unexpected symbol

  Line 103:     implementation(libs.datastore.preferences)
                                                         ^ Unexpected symbol

  Line 106:     implementation(libs.timber)
                ^ Unexpected symbol

  Line 106:     implementation(libs.timber)
                              ^ Unexpected symbol

  Line 106:     implementation(libs.timber)
                               ^ Unexpected symbol

  Line 106:     implementation(libs.timber)
                                   ^ Unexpected symbol

  Line 106:     implementation(libs.timber)
                                    ^ Unexpected symbol

  Line 106:     implementation(libs.timber)
                                          ^ Unexpected symbol

  Line 109:     implementation(libs.kotlinx.serialization.json)
                ^ Unexpected symbol

  Line 109:     implementation(libs.kotlinx.serialization.json)
                              ^ Unexpected symbol

  Line 109:     implementation(libs.kotlinx.serialization.json)
                               ^ Unexpected symbol

  Line 109:     implementation(libs.kotlinx.serialization.json)
                                   ^ Unexpected symbol

  Line 109:     implementation(libs.kotlinx.serialization.json)
                                    ^ Unexpected symbol

  Line 109:     implementation(libs.kotlinx.serialization.json)
                                           ^ Unexpected symbol

  Line 109:     implementation(libs.kotlinx.serialization.json)
                                            ^ Unexpected symbol

  Line 109:     implementation(libs.kotlinx.serialization.json)
                                                         ^ Unexpected symbol

  Line 109:     implementation(libs.kotlinx.serialization.json)
                                                          ^ Unexpected symbol

  Line 109:     implementation(libs.kotlinx.serialization.json)
                                                              ^ Unexpected symbol

  Line 110:     implementation(libs.kotlinx.coroutines)
                ^ Unexpected symbol

  Line 110:     implementation(libs.kotlinx.coroutines)
                              ^ Unexpected symbol

  Line 110:     implementation(libs.kotlinx.coroutines)
                               ^ Unexpected symbol

  Line 110:     implementation(libs.kotlinx.coroutines)
                                   ^ Unexpected symbol

  Line 110:     implementation(libs.kotlinx.coroutines)
                                    ^ Unexpected symbol

  Line 110:     implementation(libs.kotlinx.coroutines)
                                           ^ Unexpected symbol

  Line 110:     implementation(libs.kotlinx.coroutines)
                                            ^ Unexpected symbol

  Line 110:     implementation(libs.kotlinx.coroutines)
                                                      ^ Unexpected symbol

  Line 113:     implementation(libs.coil.compose)
                ^ Unexpected symbol

  Line 113:     implementation(libs.coil.compose)
                              ^ Unexpected symbol

  Line 113:     implementation(libs.coil.compose)
                               ^ Unexpected symbol

  Line 113:     implementation(libs.coil.compose)
                                   ^ Unexpected symbol

  Line 113:     implementation(libs.coil.compose)
                                    ^ Unexpected symbol

  Line 113:     implementation(libs.coil.compose)
                                        ^ Unexpected symbol

  Line 113:     implementation(libs.coil.compose)
                                         ^ Unexpected symbol

  Line 113:     implementation(libs.coil.compose)
                                                ^ Unexpected symbol

  Line 114:     implementation(libs.coil.network.okhttp)
                ^ Unexpected symbol

  Line 114:     implementation(libs.coil.network.okhttp)
                              ^ Unexpected symbol

  Line 114:     implementation(libs.coil.network.okhttp)
                               ^ Unexpected symbol

  Line 114:     implementation(libs.coil.network.okhttp)
                                   ^ Unexpected symbol

  Line 114:     implementation(libs.coil.network.okhttp)
                                    ^ Unexpected symbol

  Line 114:     implementation(libs.coil.network.okhttp)
                                        ^ Unexpected symbol

  Line 114:     implementation(libs.coil.network.okhttp)
                                         ^ Unexpected symbol

  Line 114:     implementation(libs.coil.network.okhttp)
                                                ^ Unexpected symbol

  Line 114:     implementation(libs.coil.network.okhttp)
                                                 ^ Unexpected symbol

  Line 114:     implementation(libs.coil.network.okhttp)
                                                       ^ Unexpected symbol

  Line 117:     implementation(libs.okhttp)
                ^ Unexpected symbol

  Line 117:     implementation(libs.okhttp)
                              ^ Unexpected symbol

  Line 117:     implementation(libs.okhttp)
                               ^ Unexpected symbol

  Line 117:     implementation(libs.okhttp)
                                   ^ Unexpected symbol

  Line 117:     implementation(libs.okhttp)
                                    ^ Unexpected symbol

  Line 117:     implementation(libs.okhttp)
                                          ^ Unexpected symbol

  Line 118:     implementation(libs.okhttp.logging)
                ^ Unexpected symbol

  Line 118:     implementation(libs.okhttp.logging)
                              ^ Unexpected symbol

  Line 118:     implementation(libs.okhttp.logging)
                               ^ Unexpected symbol

  Line 118:     implementation(libs.okhttp.logging)
                                   ^ Unexpected symbol

  Line 118:     implementation(libs.okhttp.logging)
                                    ^ Unexpected symbol

  Line 118:     implementation(libs.okhttp.logging)
                                          ^ Unexpected symbol

  Line 118:     implementation(libs.okhttp.logging)
                                           ^ Unexpected symbol

  Line 118:     implementation(libs.okhttp.logging)
                                                  ^ Unexpected symbol

  Line 119:     implementation(libs.retrofit)
                ^ Unexpected symbol

  Line 119:     implementation(libs.retrofit)
                              ^ Unexpected symbol

  Line 119:     implementation(libs.retrofit)
                               ^ Unexpected symbol

  Line 119:     implementation(libs.retrofit)
                                   ^ Unexpected symbol

  Line 119:     implementation(libs.retrofit)
                                    ^ Unexpected symbol

  Line 119:     implementation(libs.retrofit)
                                            ^ Unexpected symbol

  Line 120:     implementation(libs.retrofit.kotlinx)
                ^ Unexpected symbol

  Line 120:     implementation(libs.retrofit.kotlinx)
                              ^ Unexpected symbol

  Line 120:     implementation(libs.retrofit.kotlinx)
                               ^ Unexpected symbol

  Line 120:     implementation(libs.retrofit.kotlinx)
                                   ^ Unexpected symbol

  Line 120:     implementation(libs.retrofit.kotlinx)
                                    ^ Unexpected symbol

  Line 120:     implementation(libs.retrofit.kotlinx)
                                            ^ Unexpected symbol

  Line 120:     implementation(libs.retrofit.kotlinx)
                                             ^ Unexpected symbol

  Line 120:     implementation(libs.retrofit.kotlinx)
                                                    ^ Unexpected symbol

  Line 123:     implementation(libs.biometric)
                ^ Unexpected symbol

  Line 123:     implementation(libs.biometric)
                              ^ Unexpected symbol

  Line 123:     implementation(libs.biometric)
                               ^ Unexpected symbol

  Line 123:     implementation(libs.biometric)
                                   ^ Unexpected symbol

  Line 123:     implementation(libs.biometric)
                                    ^ Unexpected symbol

  Line 123:     implementation(libs.biometric)
                                             ^ Unexpected symbol

  Line 124:     implementation(libs.security.crypto)
                ^ Unexpected symbol

  Line 124:     implementation(libs.security.crypto)
                              ^ Unexpected symbol

  Line 124:     implementation(libs.security.crypto)
                               ^ Unexpected symbol

  Line 124:     implementation(libs.security.crypto)
                                   ^ Unexpected symbol

  Line 124:     implementation(libs.security.crypto)
                                    ^ Unexpected symbol

  Line 124:     implementation(libs.security.crypto)
                                            ^ Unexpected symbol

  Line 124:     implementation(libs.security.crypto)
                                             ^ Unexpected symbol

  Line 124:     implementation(libs.security.crypto)
                                                   ^ Unexpected symbol

  Line 127:     implementation(libs.workmanager)
                ^ Unexpected symbol

  Line 127:     implementation(libs.workmanager)
                              ^ Unexpected symbol

  Line 127:     implementation(libs.workmanager)
                               ^ Unexpected symbol

  Line 127:     implementation(libs.workmanager)
                                   ^ Unexpected symbol

  Line 127:     implementation(libs.workmanager)
                                    ^ Unexpected symbol

  Line 127:     implementation(libs.workmanager)
                                               ^ Unexpected symbol

  Line 128:     implementation(libs.fragment.compose)
                ^ Unexpected symbol

  Line 128:     implementation(libs.fragment.compose)
                              ^ Unexpected symbol

  Line 128:     implementation(libs.fragment.compose)
                               ^ Unexpected symbol

  Line 128:     implementation(libs.fragment.compose)
                                   ^ Unexpected symbol

  Line 128:     implementation(libs.fragment.compose)
                                    ^ Unexpected symbol

  Line 128:     implementation(libs.fragment.compose)
                                            ^ Unexpected symbol

  Line 128:     implementation(libs.fragment.compose)
                                             ^ Unexpected symbol

  Line 128:     implementation(libs.fragment.compose)
                                                    ^ Unexpected symbol

  Line 131:     implementation(libs.datastore.preferences)
                ^ Unexpected symbol

  Line 131:     implementation(libs.datastore.preferences)
                              ^ Unexpected symbol

  Line 131:     implementation(libs.datastore.preferences)
                               ^ Unexpected symbol

  Line 131:     implementation(libs.datastore.preferences)
                                   ^ Unexpected symbol

  Line 131:     implementation(libs.datastore.preferences)
                                    ^ Unexpected symbol

  Line 131:     implementation(libs.datastore.preferences)
                                             ^ Unexpected symbol

  Line 131:     implementation(libs.datastore.preferences)
                                              ^ Unexpected symbol

  Line 131:     implementation(libs.datastore.preferences)
                                                         ^ Unexpected symbol

  Line 132:     implementation(libs.datastore)
                ^ Unexpected symbol

  Line 132:     implementation(libs.datastore)
                              ^ Unexpected symbol

  Line 132:     implementation(libs.datastore)
                               ^ Unexpected symbol

  Line 132:     implementation(libs.datastore)
                                   ^ Unexpected symbol

  Line 132:     implementation(libs.datastore)
                                    ^ Unexpected symbol

  Line 132:     implementation(libs.datastore)
                                             ^ Unexpected symbol

  Line 133:     implementation(libs.glance)
                ^ Unexpected symbol

  Line 133:     implementation(libs.glance)
                              ^ Unexpected symbol

  Line 133:     implementation(libs.glance)
                               ^ Unexpected symbol

  Line 133:     implementation(libs.glance)
                                   ^ Unexpected symbol

  Line 133:     implementation(libs.glance)
                                    ^ Unexpected symbol

  Line 133:     implementation(libs.glance)
                                          ^ Unexpected symbol

  Line 134:     implementation(libs.glance.material3)
                ^ Unexpected symbol

  Line 134:     implementation(libs.glance.material3)
                              ^ Unexpected symbol

  Line 134:     implementation(libs.glance.material3)
                               ^ Unexpected symbol

  Line 134:     implementation(libs.glance.material3)
                                   ^ Unexpected symbol

  Line 134:     implementation(libs.glance.material3)
                                    ^ Unexpected symbol

  Line 134:     implementation(libs.glance.material3)
                                          ^ Unexpected symbol

  Line 134:     implementation(libs.glance.material3)
                                           ^ Unexpected symbol

  Line 134:     implementation(libs.glance.material3)
                                                    ^ Unexpected symbol

  Line 137:     coreLibraryDesugaring(libs.desugar)
                ^ Unexpected symbol

  Line 137:     coreLibraryDesugaring(libs.desugar)
                                     ^ Unexpected symbol

  Line 137:     coreLibraryDesugaring(libs.desugar)
                                      ^ Unexpected symbol

  Line 137:     coreLibraryDesugaring(libs.desugar)
                                          ^ Unexpected symbol

  Line 137:     coreLibraryDesugaring(libs.desugar)
                                           ^ Unexpected symbol

  Line 137:     coreLibraryDesugaring(libs.desugar)
                                                  ^ Unexpected symbol

  Line 138: }
            ^ Unexpected symbol

325 errors

* Try:
> Run with --stacktrace option to get the stack trace.
> Run with --info or --debug option to get more log output.
> Run with --scan to get full insights from a Build Scan (powered by Develocity).
> Get more help at https://help.gradle.org.

BUILD FAILED in 1s
[ERROR] async     TOOLING API: Error fetching model: Could not fetch model of type 'EclipseProject' using connection to Gradle distribution 'https://services.gradle.org/distributions/gradle-9.7.1-bin.zip'.
[ERROR] async     TOOLING API: EXCEPTION during resolution for /home/dae/Work/VZ/Ljod/app: Could not fetch model of type 'EclipseProject' using connection to Gradle distribution 'https://services.gradle.org/distributions/gradle-9.7.1-bin.zip'.
[WARN] async     TOOLING API: Falling back to CLI for /home/dae/Work/VZ/Ljod/app
[ERROR] async     CLI: Gradle task FAILED: e: file:///home/dae/Work/VZ/Ljod/app/build.gradle.kts:69:1: Unexpected symbol
e: file:///home/dae/Work/VZ/Ljod/app/build.gradle.kts:71:1: Unexpected symbol
e: file:///home/dae/Work/VZ/Ljod/app/build.gradle.kts:71:14: Unexpected symbol
e: file:///home/dae/Work/VZ/Ljod/app/build.gradle.kts:73:5: Unexpected symbol
e: file:///home/dae/Work/VZ/Ljod/app/build.gradle.kts:73:9: Unexpected symbol
e: file:///home/dae/Work/VZ/Ljod/app/build.gradle.kts:73:20: Unexpected symbol
e: file:///home/dae/Work/VZ/Ljod/app/build.gradle.kts:73:22: Unexpected symbol
e: file:///home/dae/Work/VZ/Ljod/app/build.gradle.kts:73:30: Unexpected symbol
e: file:///home/dae/Work/VZ/Ljod/app/build.gradle.kts:73:31: Unexpected symbol
e: file:///home/dae/Work/VZ/Ljod/app/build.gradle.kts:73:35: Unexpected symbol
e: file:///home/dae/Work/VZ/Ljod/app/build.gradle.kts:73:36: Unexpected symbol
e: file:///home/dae/Work/VZ/Ljod/app/build.gradle.kts:73:43: Unexpected symbol
e: file:///home/dae/Work/VZ/Ljod/app/build.gradle.kts:73:44: Unexpected symbol
e: file:///home/dae/Work/VZ/Ljod/app/build.gradle.kts:73:47: Unexpected symbol
e: file:///home/dae/Work/VZ/Ljod/app/build.gradle.kts:74:5: Unexpected symbol
e: file:///home/dae/Work/VZ/Ljod/app/build.gradle.kts:74:19: Unexpected symbol
e: file:///home/dae/Work/VZ/Ljod/app/build.gradle.kts:74:20: Unexpected symbol
e: file:///home/dae/Work/VZ/Ljod/app/build.gradle.kts:74:30: Unexpected symbol
e: file:///home/dae/Work/VZ/Ljod/app/build.gradle.kts:75:5: Unexpected symbol
e: file:///home/dae/Work/VZ/Ljod/app/build.gradle.kts:75:19: Unexpected symbol
e: file:///home/dae/Work/VZ/Ljod/app/build.gradle.kts:75:20: Unexpected symbol
e: file:///home/dae/Work/VZ/Ljod/app/build.gradle.kts:75:24: Unexpected symbol
e: file:///home/dae/Work/VZ/Ljod/app/build.gradle.kts:75:25: Unexpected symbol
e: file:///home/dae/Work/VZ/Ljod/app/build.gradle.kts:75:32: Unexpected symbol
e: file:///home/dae/Work/VZ/Ljod/app/build.gradle.kts:75:33: Unexpected symbol
e: file:///home/dae/Work/VZ/Ljod/app/build.gradle.kts:75:35: Unexpected symbol
e: file:///home/dae/Work/VZ/Ljod/app/build.gradle.kts:76:5: Unexpected symbol
e: file:///home/dae/Work/VZ/Ljod/app/build.gradle.kts:76:19: Unexpected symbol
e: file:///home/dae/Work/VZ/Ljod/app/build.gradle.kts:76:20: Unexpected symbol
e: file:///home/dae/Work/VZ/Ljod/app/build.gradle.kts:76:24: Unexpected symbol
e: file:///home/dae/Work/VZ/Ljod/app/build.gradle.kts:76:25: Unexpected symbol
e: file:///home/dae/Work/VZ/Ljod/app/build.gradle.kts:76:32: Unexpected symbol
e: file:///home/dae/Work/VZ/Ljod/app/build.gradle.kts:76:33: Unexpected symbol
e: file:///home/dae/Work/VZ/Ljod/app/build.gradle.kts:76:35: Unexpected symbol
e: file:///home/dae/Work/VZ/Ljod/app/build.gradle.kts:76:36: Unexpected symbol
e: file:///home/dae/Work/VZ/Ljod/app/build.gradle.kts:76:44: Unexpected symbol
e: file:///home/dae/Work/VZ/Ljod/app/build.gradle.kts:77:5: Unexpected symbol
e: file:///home/dae/Work/VZ/Ljod/app/build.gradle.kts:77:19: Unexpected symbol
e: file:///home/dae/Work/VZ/Ljod/app/build.gradle.kts:77:20: Unexpected symbol
e: file:///home/dae/Work/VZ/Ljod/app/build.gradle.kts:77:24: Unexpected symbol
e: file:///home/dae/Work/VZ/Ljod/app/build.gradle.kts:77:25: Unexpected symbol
e: file:///home/dae/Work/VZ/Ljod/app/build.gradle.kts:77:32: Unexpected symbol
e: file:///home/dae/Work/VZ/Ljod/app/build.gradle.kts:77:33: Unexpected symbol
e: file:///home/dae/Work/VZ/Ljod/app/build.gradle.kts:77:42: Unexpected symbol
e: file:///home/dae/Work/VZ/Ljod/app/build.gradle.kts:78:5: Unexpected symbol
e: file:///home/dae/Work/VZ/Ljod/app/build.gradle.kts:78:19: Unexpected symbol
e: file:///home/dae/Work/VZ/Ljod/app/build.gradle.kts:78:20: Unexpected symbol
e: file:///home/dae/Work/VZ/Ljod/app/build.gradle.kts:78:24: Unexpected symbol
e: file:///home/dae/Work/VZ/Ljod/app/build.gradle.kts:78:25: Unexpected symbol
e: file:///home/dae/Work/VZ/Ljod/app/build.gradle.kts:78:32: Unexpected symbol
e: file:///home/dae/Work/VZ/Ljod/app/build.gradle.kts:78:33: Unexpected symbol
e: file:///home/dae/Work/VZ/Ljod/app/build.gradle.kts:78:41: Unexpected symbol
e: file:///home/dae/Work/VZ/Ljod/app/build.gradle.kts:78:42: Unexpected symbol
e: file:///home/dae/Work/VZ/Ljod/app/build.gradle.kts:78:47: Unexpected symbol
e: file:///home/dae/Work/VZ/Ljod/app/build.gradle.kts:79:5: Unexpected symbol
e: file:///home/dae/Work/VZ/Ljod/app/build.gradle.kts:79:19: Unexpected symbol
e: file:///home/dae/Work/VZ/Ljod/app/build.gradle.kts:79:20: Unexpected symbol
e: file:///home/dae/Work/VZ/Ljod/app/build.gradle.kts:79:24: Unexpected symbol
e: file:///home/dae/Work/VZ/Ljod/app/build.gradle.kts:79:25: Unexpected symbol
e: file:///home/dae/Work/VZ/Ljod/app/build.gradle.kts:79:32: Unexpected symbol
e: file:///home/dae/Work/VZ/Ljod/app/build.gradle.kts:79:33: Unexpected symbol
e: file:///home/dae/Work/VZ/Ljod/app/build.gradle.kts:79:42: Unexpected symbol
e: file:///home/dae/Work/VZ/Ljod/app/build.gradle.kts:80:5: Unexpected symbol
e: file:///home/dae/Work/VZ/Ljod/app/build.gradle.kts:80:19: Unexpected symbol
e: file:///home/dae/Work/VZ/Ljod/app/build.gradle.kts:80:20: Unexpected symbol
e: file:///home/dae/Work/VZ/Ljod/app/build.gradle.kts:80:24: Unexpected symbol
e: file:///home/dae/Work/VZ/Ljod/app/build.gradle.kts:80:25: Unexpected symbol
e: file:///home/dae/Work/VZ/Ljod/app/build.gradle.kts:80:32: Unexpected symbol
e: file:///home/dae/Work/VZ/Ljod/app/build.gradle.kts:80:33: Unexpected symbol
e: file:///home/dae/Work/VZ/Ljod/app/build.gradle.kts:80:43: Unexpected symbol
e: file:///home/dae/Work/VZ/Ljod/app/build.gradle.kts:81:5: Unexpected symbol
e: file:///home/dae/Work/VZ/Ljod/app/build.gradle.kts:81:24: Unexpected symbol
e: file:///home/dae/Work/VZ/Ljod/app/build.gradle.kts:81:25: Unexpected symbol
e: file:///home/dae/Work/VZ/Ljod/app/build.gradle.kts:81:29: Unexpected symbol
e: file:///home/dae/Work/VZ/Ljod/app/build.gradle.kts:81:30: Unexpected symbol
e: file:///home/dae/Work/VZ/Ljod/app/build.gradle.kts:81:37: Unexpected symbol
e: file:///home/dae/Work/VZ/Ljod/app/build.gradle.kts:81:38: Unexpected symbol
e: file:///home/dae/Work/VZ/Ljod/app/build.gradle.kts:81:40: Unexpected symbol
e: file:///home/dae/Work/VZ/Ljod/app/build.gradle.kts:81:41: Unexpected symbol
e: file:///home/dae/Work/VZ/Ljod/app/build.gradle.kts:81:48: Unexpected symbol
e: file:///home/dae/Work/VZ/Ljod/app/build.gradle.kts:84:5: Unexpected symbol
e: file:///home/dae/Work/VZ/Ljod/app/build.gradle.kts:84:19: Unexpected symbol
e: file:///home/dae/Work/VZ/Ljod/app/build.gradle.kts:84:20: Unexpected symbol
e: file:///home/dae/Work/VZ/Ljod/app/build.gradle.kts:84:24: Unexpected symbol
e: file:///home/dae/Work/VZ/Ljod/app/build.gradle.kts:84:25: Unexpected symbol
e: file:///home/dae/Work/VZ/Ljod/app/build.gradle.kts:84:29: Unexpected symbol
e: file:///home/dae/Work/VZ/Ljod/app/build.gradle.kts:84:30: Unexpected symbol
e: file:///home/dae/Work/VZ/Ljod/app/build.gradle.kts:84:33: Unexpected symbol
e: file:///home/dae/Work/VZ/Ljod/app/build.gradle.kts:85:5: Unexpected symbol
e: file:///home/dae/Work/VZ/Ljod/app/build.gradle.kts:85:19: Unexpected symbol
e: file:///home/dae/Work/VZ/Ljod/app/build.gradle.kts:85:20: Unexpected symbol
e: file:///home/dae/Work/VZ/Ljod/app/build.gradle.kts:85:24: Unexpected symbol
e: file:///home/dae/Work/VZ/Ljod/app/build.gradle.kts:85:25: Unexpected symbol
e: file:///home/dae/Work/VZ/Ljod/app/build.gradle.kts:85:33: Unexpected symbol
e: file:///home/dae/Work/VZ/Ljod/app/build.gradle.kts:85:34: Unexpected symbol
e: file:///home/dae/Work/VZ/Ljod/app/build.gradle.kts:85:41: Unexpected symbol
e: file:///home/dae/Work/VZ/Ljod/app/build.gradle.kts:86:5: Unexpected symbol
e: file:///home/dae/Work/VZ/Ljod/app/build.gradle.kts:86:19: Unexpected symbol
e: file:///home/dae/Work/VZ/Ljod/app/build.gradle.kts:86:20: Unexpected symbol
e: file:///home/dae/Work/VZ/Ljod/app/build.gradle.kts:86:24: Unexpected symbol
e: file:///home/dae/Work/VZ/Ljod/app/build.gradle.kts:86:25: Unexpected symbol
e: file:///home/dae/Work/VZ/Ljod/app/build.gradle.kts:86:34: Unexpected symbol
e: file:///home/dae/Work/VZ/Ljod/app/build.gradle.kts:86:35: Unexpected symbol
e: file:///home/dae/Work/VZ/Ljod/app/build.gradle.kts:86:42: Unexpected symbol
e: file:///home/dae/Work/VZ/Ljod/app/build.gradle.kts:87:5: Unexpected symbol
e: file:///home/dae/Work/VZ/Ljod/app/build.gradle.kts:87:19: Unexpected symbol
e: file:///home/dae/Work/VZ/Ljod/app/build.gradle.kts:87:20: Unexpected symbol
e: file:///home/dae/Work/VZ/Ljod/app/build.gradle.kts:87:24: Unexpected symbol
e: file:///home/dae/Work/VZ/Ljod/app/build.gradle.kts:87:25: Unexpected symbol
e: file:///home/dae/Work/VZ/Ljod/app/build.gradle.kts:87:34: Unexpected symbol
e: file:///home/dae/Work/VZ/Ljod/app/build.gradle.kts:87:35: Unexpected symbol
e: file:///home/dae/Work/VZ/Ljod/app/build.gradle.kts:87:44: Unexpected symbol
e: file:///home/dae/Work/VZ/Ljod/app/build.gradle.kts:90:5: Unexpected symbol
e: file:///home/dae/Work/VZ/Ljod/app/build.gradle.kts:90:19: Unexpected symbol
e: file:///home/dae/Work/VZ/Ljod/app/build.gradle.kts:90:20: Unexpected symbol
e: file:///home/dae/Work/VZ/Ljod/app/build.gradle.kts:90:24: Unexpected symbol
e: file:///home/dae/Work/VZ/Ljod/app/build.gradle.kts:90:25: Unexpected symbol
e: file:///home/dae/Work/VZ/Ljod/app/build.gradle.kts:90:31: Unexpected symbol
e: file:///home/dae/Work/VZ/Ljod/app/build.gradle.kts:90:32: Unexpected symbol
e: file:///home/dae/Work/VZ/Ljod/app/build.gradle.kts:90:41: Unexpected symbol
e: file:///home/dae/Work/VZ/Ljod/app/build.gradle.kts:91:5: Unexpected symbol
e: file:///home/dae/Work/VZ/Ljod/app/build.gradle.kts:91:19: Unexpected symbol
e: file:///home/dae/Work/VZ/Ljod/app/build.gradle.kts:91:20: Unexpected symbol
e: file:///home/dae/Work/VZ/Ljod/app/build.gradle.kts:91:24: Unexpected symbol
e: file:///home/dae/Work/VZ/Ljod/app/build.gradle.kts:91:25: Unexpected symbol
e: file:///home/dae/Work/VZ/Ljod/app/build.gradle.kts:91:31: Unexpected symbol
e: file:///home/dae/Work/VZ/Ljod/app/build.gradle.kts:91:32: Unexpected symbol
e: file:///home/dae/Work/VZ/Ljod/app/build.gradle.kts:91:39: Unexpected symbol
e: file:///home/dae/Work/VZ/Ljod/app/build.gradle.kts:92:5: Unexpected symbol
e: file:///home/dae/Work/VZ/Ljod/app/build.gradle.kts:92:19: Unexpected symbol
e: file:///home/dae/Work/VZ/Ljod/app/build.gradle.kts:92:20: Unexpected symbol
e: file:///home/dae/Work/VZ/Ljod/app/build.gradle.kts:92:24: Unexpected symbol
e: file:///home/dae/Work/VZ/Ljod/app/build.gradle.kts:92:25: Unexpected symbol
e: file:///home/dae/Work/VZ/Ljod/app/build.gradle.kts:92:31: Unexpected symbol
e: file:///home/dae/Work/VZ/Ljod/app/build.gradle.kts:92:32: Unexpected symbol
e: file:///home/dae/Work/VZ/Ljod/app/build.gradle.kts:92:38: Unexpected symbol
e: file:///home/dae/Work/VZ/Ljod/app/build.gradle.kts:95:5: Unexpected symbol
e: file:///home/dae/Work/VZ/Ljod/app/build.gradle.kts:95:19: Unexpected symbol
e: file:///home/dae/Work/VZ/Ljod/app/build.gradle.kts:95:20: Unexpected symbol
e: file:///home/dae/Work/VZ/Ljod/app/build.gradle.kts:95:24: Unexpected symbol
e: file:///home/dae/Work/VZ/Ljod/app/build.gradle.kts:95:25: Unexpected symbol
e: file:///home/dae/Work/VZ/Ljod/app/build.gradle.kts:95:29: Unexpected symbol
e: file:///home/dae/Work/VZ/Ljod/app/build.gradle.kts:95:30: Unexpected symbol
e: file:///home/dae/Work/VZ/Ljod/app/build.gradle.kts:95:37: Unexpected symbol
e: file:///home/dae/Work/VZ/Ljod/app/build.gradle.kts:96:5: Unexpected symbol
e: file:///home/dae/Work/VZ/Ljod/app/build.gradle.kts:96:8: Unexpected symbol
e: file:///home/dae/Work/VZ/Ljod/app/build.gradle.kts:96:9: Unexpected symbol
e: file:///home/dae/Work/VZ/Ljod/app/build.gradle.kts:96:13: Unexpected symbol
e: file:///home/dae/Work/VZ/Ljod/app/build.gradle.kts:96:14: Unexpected symbol
e: file:///home/dae/Work/VZ/Ljod/app/build.gradle.kts:96:18: Unexpected symbol
e: file:///home/dae/Work/VZ/Ljod/app/build.gradle.kts:96:19: Unexpected symbol
e: file:///home/dae/Work/VZ/Ljod/app/build.gradle.kts:96:27: Unexpected symbol
e: file:///home/dae/Work/VZ/Ljod/app/build.gradle.kts:97:5: Unexpected symbol
e: file:///home/dae/Work/VZ/Ljod/app/build.gradle.kts:97:19: Unexpected symbol
e: file:///home/dae/Work/VZ/Ljod/app/build.gradle.kts:97:20: Unexpected symbol
e: file:///home/dae/Work/VZ/Ljod/app/build.gradle.kts:97:24: Unexpected symbol
e: file:///home/dae/Work/VZ/Ljod/app/build.gradle.kts:97:25: Unexpected symbol
e: file:///home/dae/Work/VZ/Ljod/app/build.gradle.kts:97:29: Unexpected symbol
e: file:///home/dae/Work/VZ/Ljod/app/build.gradle.kts:97:30: Unexpected symbol
e: file:///home/dae/Work/VZ/Ljod/app/build.gradle.kts:97:40: Unexpected symbol
e: file:///home/dae/Work/VZ/Ljod/app/build.gradle.kts:100:5: Unexpected symbol
e: file:///home/dae/Work/VZ/Ljod/app/build.gradle.kts:100:19: Unexpected symbol
e: file:///home/dae/Work/VZ/Ljod/app/build.gradle.kts:100:20: Unexpected symbol
e: file:///home/dae/Work/VZ/Ljod/app/build.gradle.kts:100:24: Unexpected symbol
e: file:///home/dae/Work/VZ/Ljod/app/build.gradle.kts:100:25: Unexpected symbol
e: file:///home/dae/Work/VZ/Ljod/app/build.gradle.kts:100:29: Unexpected symbol
e: file:///home/dae/Work/VZ/Ljod/app/build.gradle.kts:100:30: Unexpected symbol
e: file:///home/dae/Work/VZ/Ljod/app/build.gradle.kts:100:37: Unexpected symbol
e: file:///home/dae/Work/VZ/Ljod/app/build.gradle.kts:101:5: Unexpected symbol
e: file:///home/dae/Work/VZ/Ljod/app/build.gradle.kts:101:19: Unexpected symbol
e: file:///home/dae/Work/VZ/Ljod/app/build.gradle.kts:101:20: Unexpected symbol
e: file:///home/dae/Work/VZ/Ljod/app/build.gradle.kts:101:24: Unexpected symbol
e: file:///home/dae/Work/VZ/Ljod/app/build.gradle.kts:101:25: Unexpected symbol
e: file:///home/dae/Work/VZ/Ljod/app/build.gradle.kts:101:29: Unexpected symbol
e: file:///home/dae/Work/VZ/Ljod/app/build.gradle.kts:101:30: Unexpected symbol
e: file:///home/dae/Work/VZ/Ljod/app/build.gradle.kts:101:33: Unexpected symbol
e: file:///home/dae/Work/VZ/Ljod/app/build.gradle.kts:102:5: Unexpected symbol
e: file:///home/dae/Work/VZ/Ljod/app/build.gradle.kts:102:8: Unexpected symbol
e: file:///home/dae/Work/VZ/Ljod/app/build.gradle.kts:102:9: Unexpected symbol
e: file:///home/dae/Work/VZ/Ljod/app/build.gradle.kts:102:13: Unexpected symbol
e: file:///home/dae/Work/VZ/Ljod/app/build.gradle.kts:102:14: Unexpected symbol
e: file:///home/dae/Work/VZ/Ljod/app/build.gradle.kts:102:18: Unexpected symbol
e: file:///home/dae/Work/VZ/Ljod/app/build.gradle.kts:102:19: Unexpected symbol
e: file:///home/dae/Work/VZ/Ljod/app/build.gradle.kts:102:27: Unexpected symbol
e: file:///home/dae/Work/VZ/Ljod/app/build.gradle.kts:103:5: Unexpected symbol
e: file:///home/dae/Work/VZ/Ljod/app/build.gradle.kts:103:19: Unexpected symbol
e: file:///home/dae/Work/VZ/Ljod/app/build.gradle.kts:103:20: Unexpected symbol
e: file:///home/dae/Work/VZ/Ljod/app/build.gradle.kts:103:24: Unexpected symbol
e: file:///home/dae/Work/VZ/Ljod/app/build.gradle.kts:103:25: Unexpected symbol
e: file:///home/dae/Work/VZ/Ljod/app/build.gradle.kts:103:34: Unexpected symbol
e: file:///home/dae/Work/VZ/Ljod/app/build.gradle.kts:103:35: Unexpected symbol
e: file:///home/dae/Work/VZ/Ljod/app/build.gradle.kts:103:46: Unexpected symbol
e: file:///home/dae/Work/VZ/Ljod/app/build.gradle.kts:106:5: Unexpected symbol
e: file:///home/dae/Work/VZ/Ljod/app/build.gradle.kts:106:19: Unexpected symbol
e: file:///home/dae/Work/VZ/Ljod/app/build.gradle.kts:106:20: Unexpected symbol
e: file:///home/dae/Work/VZ/Ljod/app/build.gradle.kts:106:24: Unexpected symbol
e: file:///home/dae/Work/VZ/Ljod/app/build.gradle.kts:106:25: Unexpected symbol
e: file:///home/dae/Work/VZ/Ljod/app/build.gradle.kts:106:31: Unexpected symbol
e: file:///home/dae/Work/VZ/Ljod/app/build.gradle.kts:109:5: Unexpected symbol
e: file:///home/dae/Work/VZ/Ljod/app/build.gradle.kts:109:19: Unexpected symbol
e: file:///home/dae/Work/VZ/Ljod/app/build.gradle.kts:109:20: Unexpected symbol
e: file:///home/dae/Work/VZ/Ljod/app/build.gradle.kts:109:24: Unexpected symbol
e: file:///home/dae/Work/VZ/Ljod/app/build.gradle.kts:109:25: Unexpected symbol
e: file:///home/dae/Work/VZ/Ljod/app/build.gradle.kts:109:32: Unexpected symbol
e: file:///home/dae/Work/VZ/Ljod/app/build.gradle.kts:109:33: Unexpected symbol
e: file:///home/dae/Work/VZ/Ljod/app/build.gradle.kts:109:46: Unexpected symbol
e: file:///home/dae/Work/VZ/Ljod/app/build.gradle.kts:109:47: Unexpected symbol
e: file:///home/dae/Work/VZ/Ljod/app/build.gradle.kts:109:51: Unexpected symbol
e: file:///home/dae/Work/VZ/Ljod/app/build.gradle.kts:110:5: Unexpected symbol
e: file:///home/dae/Work/VZ/Ljod/app/build.gradle.kts:110:19: Unexpected symbol
e: file:///home/dae/Work/VZ/Ljod/app/build.gradle.kts:110:20: Unexpected symbol
e: file:///home/dae/Work/VZ/Ljod/app/build.gradle.kts:110:24: Unexpected symbol
e: file:///home/dae/Work/VZ/Ljod/app/build.gradle.kts:110:25: Unexpected symbol
e: file:///home/dae/Work/VZ/Ljod/app/build.gradle.kts:110:32: Unexpected symbol
e: file:///home/dae/Work/VZ/Ljod/app/build.gradle.kts:110:33: Unexpected symbol
e: file:///home/dae/Work/VZ/Ljod/app/build.gradle.kts:110:43: Unexpected symbol
e: file:///home/dae/Work/VZ/Ljod/app/build.gradle.kts:113:5: Unexpected symbol
e: file:///home/dae/Work/VZ/Ljod/app/build.gradle.kts:113:19: Unexpected symbol
e: file:///home/dae/Work/VZ/Ljod/app/build.gradle.kts:113:20: Unexpected symbol
e: file:///home/dae/Work/VZ/Ljod/app/build.gradle.kts:113:24: Unexpected symbol
e: file:///home/dae/Work/VZ/Ljod/app/build.gradle.kts:113:25: Unexpected symbol
e: file:///home/dae/Work/VZ/Ljod/app/build.gradle.kts:113:29: Unexpected symbol
e: file:///home/dae/Work/VZ/Ljod/app/build.gradle.kts:113:30: Unexpected symbol
e: file:///home/dae/Work/VZ/Ljod/app/build.gradle.kts:113:37: Unexpected symbol
e: file:///home/dae/Work/VZ/Ljod/app/build.gradle.kts:114:5: Unexpected symbol
e: file:///home/dae/Work/VZ/Ljod/app/build.gradle.kts:114:19: Unexpected symbol
e: file:///home/dae/Work/VZ/Ljod/app/build.gradle.kts:114:20: Unexpected symbol
e: file:///home/dae/Work/VZ/Ljod/app/build.gradle.kts:114:24: Unexpected symbol
e: file:///home/dae/Work/VZ/Ljod/app/build.gradle.kts:114:25: Unexpected symbol
e: file:///home/dae/Work/VZ/Ljod/app/build.gradle.kts:114:29: Unexpected symbol
e: file:///home/dae/Work/VZ/Ljod/app/build.gradle.kts:114:30: Unexpected symbol
e: file:///home/dae/Work/VZ/Ljod/app/build.gradle.kts:114:37: Unexpected symbol
e: file:///home/dae/Work/VZ/Ljod/app/build.gradle.kts:114:38: Unexpected symbol
e: file:///home/dae/Work/VZ/Ljod/app/build.gradle.kts:114:44: Unexpected symbol
e: file:///home/dae/Work/VZ/Ljod/app/build.gradle.kts:117:5: Unexpected symbol
e: file:///home/dae/Work/VZ/Ljod/app/build.gradle.kts:117:19: Unexpected symbol
e: file:///home/dae/Work/VZ/Ljod/app/build.gradle.kts:117:20: Unexpected symbol
e: file:///home/dae/Work/VZ/Ljod/app/build.gradle.kts:117:24: Unexpected symbol
e: file:///home/dae/Work/VZ/Ljod/app/build.gradle.kts:117:25: Unexpected symbol
e: file:///home/dae/Work/VZ/Ljod/app/build.gradle.kts:117:31: Unexpected symbol
e: file:///home/dae/Work/VZ/Ljod/app/build.gradle.kts:118:5: Unexpected symbol
e: file:///home/dae/Work/VZ/Ljod/app/build.gradle.kts:118:19: Unexpected symbol
e: file:///home/dae/Work/VZ/Ljod/app/build.gradle.kts:118:20: Unexpected symbol
e: file:///home/dae/Work/VZ/Ljod/app/build.gradle.kts:118:24: Unexpected symbol
e: file:///home/dae/Work/VZ/Ljod/app/build.gradle.kts:118:25: Unexpected symbol
e: file:///home/dae/Work/VZ/Ljod/app/build.gradle.kts:118:31: Unexpected symbol
e: file:///home/dae/Work/VZ/Ljod/app/build.gradle.kts:118:32: Unexpected symbol
e: file:///home/dae/Work/VZ/Ljod/app/build.gradle.kts:118:39: Unexpected symbol
e: file:///home/dae/Work/VZ/Ljod/app/build.gradle.kts:119:5: Unexpected symbol
e: file:///home/dae/Work/VZ/Ljod/app/build.gradle.kts:119:19: Unexpected symbol
e: file:///home/dae/Work/VZ/Ljod/app/build.gradle.kts:119:20: Unexpected symbol
e: file:///home/dae/Work/VZ/Ljod/app/build.gradle.kts:119:24: Unexpected symbol
e: file:///home/dae/Work/VZ/Ljod/app/build.gradle.kts:119:25: Unexpected symbol
e: file:///home/dae/Work/VZ/Ljod/app/build.gradle.kts:119:33: Unexpected symbol
e: file:///home/dae/Work/VZ/Ljod/app/build.gradle.kts:120:5: Unexpected symbol
e: file:///home/dae/Work/VZ/Ljod/app/build.gradle.kts:120:19: Unexpected symbol
e: file:///home/dae/Work/VZ/Ljod/app/build.gradle.kts:120:20: Unexpected symbol
e: file:///home/dae/Work/VZ/Ljod/app/build.gradle.kts:120:24: Unexpected symbol
e: file:///home/dae/Work/VZ/Ljod/app/build.gradle.kts:120:25: Unexpected symbol
e: file:///home/dae/Work/VZ/Ljod/app/build.gradle.kts:120:33: Unexpected symbol
e: file:///home/dae/Work/VZ/Ljod/app/build.gradle.kts:120:34: Unexpected symbol
e: file:///home/dae/Work/VZ/Ljod/app/build.gradle.kts:120:41: Unexpected symbol
e: file:///home/dae/Work/VZ/Ljod/app/build.gradle.kts:123:5: Unexpected symbol
e: file:///home/dae/Work/VZ/Ljod/app/build.gradle.kts:123:19: Unexpected symbol
e: file:///home/dae/Work/VZ/Ljod/app/build.gradle.kts:123:20: Unexpected symbol
e: file:///home/dae/Work/VZ/Ljod/app/build.gradle.kts:123:24: Unexpected symbol
e: file:///home/dae/Work/VZ/Ljod/app/build.gradle.kts:123:25: Unexpected symbol
e: file:///home/dae/Work/VZ/Ljod/app/build.gradle.kts:123:34: Unexpected symbol
e: file:///home/dae/Work/VZ/Ljod/app/build.gradle.kts:124:5: Unexpected symbol
e: file:///home/dae/Work/VZ/Ljod/app/build.gradle.kts:124:19: Unexpected symbol
e: file:///home/dae/Work/VZ/Ljod/app/build.gradle.kts:124:20: Unexpected symbol
e: file:///home/dae/Work/VZ/Ljod/app/build.gradle.kts:124:24: Unexpected symbol
e: file:///home/dae/Work/VZ/Ljod/app/build.gradle.kts:124:25: Unexpected symbol
e: file:///home/dae/Work/VZ/Ljod/app/build.gradle.kts:124:33: Unexpected symbol
e: file:///home/dae/Work/VZ/Ljod/app/build.gradle.kts:124:34: Unexpected symbol
e: file:///home/dae/Work/VZ/Ljod/app/build.gradle.kts:124:40: Unexpected symbol
e: file:///home/dae/Work/VZ/Ljod/app/build.gradle.kts:127:5: Unexpected symbol
e: file:///home/dae/Work/VZ/Ljod/app/build.gradle.kts:127:19: Unexpected symbol
e: file:///home/dae/Work/VZ/Ljod/app/build.gradle.kts:127:20: Unexpected symbol
e: file:///home/dae/Work/VZ/Ljod/app/build.gradle.kts:127:24: Unexpected symbol
e: file:///home/dae/Work/VZ/Ljod/app/build.gradle.kts:127:25: Unexpected symbol
e: file:///home/dae/Work/VZ/Ljod/app/build.gradle.kts:127:36: Unexpected symbol
e: file:///home/dae/Work/VZ/Ljod/app/build.gradle.kts:128:5: Unexpected symbol
e: file:///home/dae/Work/VZ/Ljod/app/build.gradle.kts:128:19: Unexpected symbol
e: file:///home/dae/Work/VZ/Ljod/app/build.gradle.kts:128:20: Unexpected symbol
e: file:///home/dae/Work/VZ/Ljod/app/build.gradle.kts:128:24: Unexpected symbol
e: file:///home/dae/Work/VZ/Ljod/app/build.gradle.kts:128:25: Unexpected symbol
e: file:///home/dae/Work/VZ/Ljod/app/build.gradle.kts:128:33: Unexpected symbol
e: file:///home/dae/Work/VZ/Ljod/app/build.gradle.kts:128:34: Unexpected symbol
e: file:///home/dae/Work/VZ/Ljod/app/build.gradle.kts:128:41: Unexpected symbol
e: file:///home/dae/Work/VZ/Ljod/app/build.gradle.kts:131:5: Unexpected symbol
e: file:///home/dae/Work/VZ/Ljod/app/build.gradle.kts:131:19: Unexpected symbol
e: file:///home/dae/Work/VZ/Ljod/app/build.gradle.kts:131:20: Unexpected symbol
e: file:///home/dae/Work/VZ/Ljod/app/build.gradle.kts:131:24: Unexpected symbol
e: file:///home/dae/Work/VZ/Ljod/app/build.gradle.kts:131:25: Unexpected symbol
e: file:///home/dae/Work/VZ/Ljod/app/build.gradle.kts:131:34: Unexpected symbol
e: file:///home/dae/Work/VZ/Ljod/app/build.gradle.kts:131:35: Unexpected symbol
e: file:///home/dae/Work/VZ/Ljod/app/build.gradle.kts:131:46: Unexpected symbol
e: file:///home/dae/Work/VZ/Ljod/app/build.gradle.kts:132:5: Unexpected symbol
e: file:///home/dae/Work/VZ/Ljod/app/build.gradle.kts:132:19: Unexpected symbol
e: file:///home/dae/Work/VZ/Ljod/app/build.gradle.kts:132:20: Unexpected symbol
e: file:///home/dae/Work/VZ/Ljod/app/build.gradle.kts:132:24: Unexpected symbol
e: file:///home/dae/Work/VZ/Ljod/app/build.gradle.kts:132:25: Unexpected symbol
e: file:///home/dae/Work/VZ/Ljod/app/build.gradle.kts:132:34: Unexpected symbol
e: file:///home/dae/Work/VZ/Ljod/app/build.gradle.kts:133:5: Unexpected symbol
e: file:///home/dae/Work/VZ/Ljod/app/build.gradle.kts:133:19: Unexpected symbol
e: file:///home/dae/Work/VZ/Ljod/app/build.gradle.kts:133:20: Unexpected symbol
e: file:///home/dae/Work/VZ/Ljod/app/build.gradle.kts:133:24: Unexpected symbol
e: file:///home/dae/Work/VZ/Ljod/app/build.gradle.kts:133:25: Unexpected symbol
e: file:///home/dae/Work/VZ/Ljod/app/build.gradle.kts:133:31: Unexpected symbol
e: file:///home/dae/Work/VZ/Ljod/app/build.gradle.kts:134:5: Unexpected symbol
e: file:///home/dae/Work/VZ/Ljod/app/build.gradle.kts:134:19: Unexpected symbol
e: file:///home/dae/Work/VZ/Ljod/app/build.gradle.kts:134:20: Unexpected symbol
e: file:///home/dae/Work/VZ/Ljod/app/build.gradle.kts:134:24: Unexpected symbol
e: file:///home/dae/Work/VZ/Ljod/app/build.gradle.kts:134:25: Unexpected symbol
e: file:///home/dae/Work/VZ/Ljod/app/build.gradle.kts:134:31: Unexpected symbol
e: file:///home/dae/Work/VZ/Ljod/app/build.gradle.kts:134:32: Unexpected symbol
e: file:///home/dae/Work/VZ/Ljod/app/build.gradle.kts:134:41: Unexpected symbol
e: file:///home/dae/Work/VZ/Ljod/app/build.gradle.kts:137:5: Unexpected symbol
e: file:///home/dae/Work/VZ/Ljod/app/build.gradle.kts:137:26: Unexpected symbol
e: file:///home/dae/Work/VZ/Ljod/app/build.gradle.kts:137:27: Unexpected symbol
e: file:///home/dae/Work/VZ/Ljod/app/build.gradle.kts:137:31: Unexpected symbol
e: file:///home/dae/Work/VZ/Ljod/app/build.gradle.kts:137:32: Unexpected symbol
e: file:///home/dae/Work/VZ/Ljod/app/build.gradle.kts:137:39: Unexpected symbol
e: file:///home/dae/Work/VZ/Ljod/app/build.gradle.kts:138:1: Unexpected symbol

FAILURE: Build failed with an exception.

* Where:
Build file '/home/dae/Work/VZ/Ljod/app/build.gradle.kts' line: 69

* What went wrong:
Script compilation errors:

  Line 069: }
            ^ Unexpected symbol

  Line 071: dependencies {
            ^ Unexpected symbol

  Line 071: dependencies {
                         ^ Unexpected symbol

  Line 073:     val composeBom = platform(libs.compose.bom)
                ^ Unexpected symbol

  Line 073:     val composeBom = platform(libs.compose.bom)
                    ^ Unexpected symbol

  Line 073:     val composeBom = platform(libs.compose.bom)
                               ^ Unexpected symbol

  Line 073:     val composeBom = platform(libs.compose.bom)
                                 ^ Unexpected symbol

  Line 073:     val composeBom = platform(libs.compose.bom)
                                         ^ Unexpected symbol

  Line 073:     val composeBom = platform(libs.compose.bom)
                                          ^ Unexpected symbol

  Line 073:     val composeBom = platform(libs.compose.bom)
                                              ^ Unexpected symbol

  Line 073:     val composeBom = platform(libs.compose.bom)
                                               ^ Unexpected symbol

  Line 073:     val composeBom = platform(libs.compose.bom)
                                                      ^ Unexpected symbol

  Line 073:     val composeBom = platform(libs.compose.bom)
                                                       ^ Unexpected symbol

  Line 073:     val composeBom = platform(libs.compose.bom)
                                                          ^ Unexpected symbol

  Line 074:     implementation(composeBom)
                ^ Unexpected symbol

  Line 074:     implementation(composeBom)
                              ^ Unexpected symbol

  Line 074:     implementation(composeBom)
                               ^ Unexpected symbol

  Line 074:     implementation(composeBom)
                                         ^ Unexpected symbol

  Line 075:     implementation(libs.compose.ui)
                ^ Unexpected symbol

  Line 075:     implementation(libs.compose.ui)
                              ^ Unexpected symbol

  Line 075:     implementation(libs.compose.ui)
                               ^ Unexpected symbol

  Line 075:     implementation(libs.compose.ui)
                                   ^ Unexpected symbol

  Line 075:     implementation(libs.compose.ui)
                                    ^ Unexpected symbol

  Line 075:     implementation(libs.compose.ui)
                                           ^ Unexpected symbol

  Line 075:     implementation(libs.compose.ui)
                                            ^ Unexpected symbol

  Line 075:     implementation(libs.compose.ui)
                                              ^ Unexpected symbol

  Line 076:     implementation(libs.compose.ui.graphics)
                ^ Unexpected symbol

  Line 076:     implementation(libs.compose.ui.graphics)
                              ^ Unexpected symbol

  Line 076:     implementation(libs.compose.ui.graphics)
                               ^ Unexpected symbol

  Line 076:     implementation(libs.compose.ui.graphics)
                                   ^ Unexpected symbol

  Line 076:     implementation(libs.compose.ui.graphics)
                                    ^ Unexpected symbol

  Line 076:     implementation(libs.compose.ui.graphics)
                                           ^ Unexpected symbol

  Line 076:     implementation(libs.compose.ui.graphics)
                                            ^ Unexpected symbol

  Line 076:     implementation(libs.compose.ui.graphics)
                                              ^ Unexpected symbol

  Line 076:     implementation(libs.compose.ui.graphics)
                                               ^ Unexpected symbol

  Line 076:     implementation(libs.compose.ui.graphics)
                                                       ^ Unexpected symbol

  Line 077:     implementation(libs.compose.material3)
                ^ Unexpected symbol

  Line 077:     implementation(libs.compose.material3)
                              ^ Unexpected symbol

  Line 077:     implementation(libs.compose.material3)
                               ^ Unexpected symbol

  Line 077:     implementation(libs.compose.material3)
                                   ^ Unexpected symbol

  Line 077:     implementation(libs.compose.material3)
                                    ^ Unexpected symbol

  Line 077:     implementation(libs.compose.material3)
                                           ^ Unexpected symbol

  Line 077:     implementation(libs.compose.material3)
                                            ^ Unexpected symbol

  Line 077:     implementation(libs.compose.material3)
                                                     ^ Unexpected symbol

  Line 078:     implementation(libs.compose.material.icons)
                ^ Unexpected symbol

  Line 078:     implementation(libs.compose.material.icons)
                              ^ Unexpected symbol

  Line 078:     implementation(libs.compose.material.icons)
                               ^ Unexpected symbol

  Line 078:     implementation(libs.compose.material.icons)
                                   ^ Unexpected symbol

  Line 078:     implementation(libs.compose.material.icons)
                                    ^ Unexpected symbol

  Line 078:     implementation(libs.compose.material.icons)
                                           ^ Unexpected symbol

  Line 078:     implementation(libs.compose.material.icons)
                                            ^ Unexpected symbol

  Line 078:     implementation(libs.compose.material.icons)
                                                    ^ Unexpected symbol

  Line 078:     implementation(libs.compose.material.icons)
                                                     ^ Unexpected symbol

  Line 078:     implementation(libs.compose.material.icons)
                                                          ^ Unexpected symbol

  Line 079:     implementation(libs.compose.animation)
                ^ Unexpected symbol

  Line 079:     implementation(libs.compose.animation)
                              ^ Unexpected symbol

  Line 079:     implementation(libs.compose.animation)
                               ^ Unexpected symbol

  Line 079:     implementation(libs.compose.animation)
                                   ^ Unexpected symbol

  Line 079:     implementation(libs.compose.animation)
                                    ^ Unexpected symbol

  Line 079:     implementation(libs.compose.animation)
                                           ^ Unexpected symbol

  Line 079:     implementation(libs.compose.animation)
                                            ^ Unexpected symbol

  Line 079:     implementation(libs.compose.animation)
                                                     ^ Unexpected symbol

  Line 080:     implementation(libs.compose.foundation)
                ^ Unexpected symbol

  Line 080:     implementation(libs.compose.foundation)
                              ^ Unexpected symbol

  Line 080:     implementation(libs.compose.foundation)
                               ^ Unexpected symbol

  Line 080:     implementation(libs.compose.foundation)
                                   ^ Unexpected symbol

  Line 080:     implementation(libs.compose.foundation)
                                    ^ Unexpected symbol

  Line 080:     implementation(libs.compose.foundation)
                                           ^ Unexpected symbol

  Line 080:     implementation(libs.compose.foundation)
                                            ^ Unexpected symbol

  Line 080:     implementation(libs.compose.foundation)
                                                      ^ Unexpected symbol

  Line 081:     debugImplementation(libs.compose.ui.tooling)
                ^ Unexpected symbol

  Line 081:     debugImplementation(libs.compose.ui.tooling)
                                   ^ Unexpected symbol

  Line 081:     debugImplementation(libs.compose.ui.tooling)
                                    ^ Unexpected symbol

  Line 081:     debugImplementation(libs.compose.ui.tooling)
                                        ^ Unexpected symbol

  Line 081:     debugImplementation(libs.compose.ui.tooling)
                                         ^ Unexpected symbol

  Line 081:     debugImplementation(libs.compose.ui.tooling)
                                                ^ Unexpected symbol

  Line 081:     debugImplementation(libs.compose.ui.tooling)
                                                 ^ Unexpected symbol

  Line 081:     debugImplementation(libs.compose.ui.tooling)
                                                   ^ Unexpected symbol

  Line 081:     debugImplementation(libs.compose.ui.tooling)
                                                    ^ Unexpected symbol

  Line 081:     debugImplementation(libs.compose.ui.tooling)
                                                           ^ Unexpected symbol

  Line 084:     implementation(libs.core.ktx)
                ^ Unexpected symbol

  Line 084:     implementation(libs.core.ktx)
                              ^ Unexpected symbol

  Line 084:     implementation(libs.core.ktx)
                               ^ Unexpected symbol

  Line 084:     implementation(libs.core.ktx)
                                   ^ Unexpected symbol

  Line 084:     implementation(libs.core.ktx)
                                    ^ Unexpected symbol

  Line 084:     implementation(libs.core.ktx)
                                        ^ Unexpected symbol

  Line 084:     implementation(libs.core.ktx)
                                         ^ Unexpected symbol

  Line 084:     implementation(libs.core.ktx)
                                            ^ Unexpected symbol

  Line 085:     implementation(libs.activity.compose)
                ^ Unexpected symbol

  Line 085:     implementation(libs.activity.compose)
                              ^ Unexpected symbol

  Line 085:     implementation(libs.activity.compose)
                               ^ Unexpected symbol

  Line 085:     implementation(libs.activity.compose)
                                   ^ Unexpected symbol

  Line 085:     implementation(libs.activity.compose)
                                    ^ Unexpected symbol

  Line 085:     implementation(libs.activity.compose)
                                            ^ Unexpected symbol

  Line 085:     implementation(libs.activity.compose)
                                             ^ Unexpected symbol

  Line 085:     implementation(libs.activity.compose)
                                                    ^ Unexpected symbol

  Line 086:     implementation(libs.lifecycle.runtime)
                ^ Unexpected symbol

  Line 086:     implementation(libs.lifecycle.runtime)
                              ^ Unexpected symbol

  Line 086:     implementation(libs.lifecycle.runtime)
                               ^ Unexpected symbol

  Line 086:     implementation(libs.lifecycle.runtime)
                                   ^ Unexpected symbol

  Line 086:     implementation(libs.lifecycle.runtime)
                                    ^ Unexpected symbol

  Line 086:     implementation(libs.lifecycle.runtime)
                                             ^ Unexpected symbol

  Line 086:     implementation(libs.lifecycle.runtime)
                                              ^ Unexpected symbol

  Line 086:     implementation(libs.lifecycle.runtime)
                                                     ^ Unexpected symbol

  Line 087:     implementation(libs.lifecycle.viewmodel)
                ^ Unexpected symbol

  Line 087:     implementation(libs.lifecycle.viewmodel)
                              ^ Unexpected symbol

  Line 087:     implementation(libs.lifecycle.viewmodel)
                               ^ Unexpected symbol

  Line 087:     implementation(libs.lifecycle.viewmodel)
                                   ^ Unexpected symbol

  Line 087:     implementation(libs.lifecycle.viewmodel)
                                    ^ Unexpected symbol

  Line 087:     implementation(libs.lifecycle.viewmodel)
                                             ^ Unexpected symbol

  Line 087:     implementation(libs.lifecycle.viewmodel)
                                              ^ Unexpected symbol

  Line 087:     implementation(libs.lifecycle.viewmodel)
                                                       ^ Unexpected symbol

  Line 090:     implementation(libs.media3.exoplayer)
                ^ Unexpected symbol

  Line 090:     implementation(libs.media3.exoplayer)
                              ^ Unexpected symbol

  Line 090:     implementation(libs.media3.exoplayer)
                               ^ Unexpected symbol

  Line 090:     implementation(libs.media3.exoplayer)
                                   ^ Unexpected symbol

  Line 090:     implementation(libs.media3.exoplayer)
                                    ^ Unexpected symbol

  Line 090:     implementation(libs.media3.exoplayer)
                                          ^ Unexpected symbol

  Line 090:     implementation(libs.media3.exoplayer)
                                           ^ Unexpected symbol

  Line 090:     implementation(libs.media3.exoplayer)
                                                    ^ Unexpected symbol

  Line 091:     implementation(libs.media3.session)
                ^ Unexpected symbol

  Line 091:     implementation(libs.media3.session)
                              ^ Unexpected symbol

  Line 091:     implementation(libs.media3.session)
                               ^ Unexpected symbol

  Line 091:     implementation(libs.media3.session)
                                   ^ Unexpected symbol

  Line 091:     implementation(libs.media3.session)
                                    ^ Unexpected symbol

  Line 091:     implementation(libs.media3.session)
                                          ^ Unexpected symbol

  Line 091:     implementation(libs.media3.session)
                                           ^ Unexpected symbol

  Line 091:     implementation(libs.media3.session)
                                                  ^ Unexpected symbol

  Line 092:     implementation(libs.media3.common)
                ^ Unexpected symbol

  Line 092:     implementation(libs.media3.common)
                              ^ Unexpected symbol

  Line 092:     implementation(libs.media3.common)
                               ^ Unexpected symbol

  Line 092:     implementation(libs.media3.common)
                                   ^ Unexpected symbol

  Line 092:     implementation(libs.media3.common)
                                    ^ Unexpected symbol

  Line 092:     implementation(libs.media3.common)
                                          ^ Unexpected symbol

  Line 092:     implementation(libs.media3.common)
                                           ^ Unexpected symbol

  Line 092:     implementation(libs.media3.common)
                                                 ^ Unexpected symbol

  Line 095:     implementation(libs.hilt.android)
                ^ Unexpected symbol

  Line 095:     implementation(libs.hilt.android)
                              ^ Unexpected symbol

  Line 095:     implementation(libs.hilt.android)
                               ^ Unexpected symbol

  Line 095:     implementation(libs.hilt.android)
                                   ^ Unexpected symbol

  Line 095:     implementation(libs.hilt.android)
                                    ^ Unexpected symbol

  Line 095:     implementation(libs.hilt.android)
                                        ^ Unexpected symbol

  Line 095:     implementation(libs.hilt.android)
                                         ^ Unexpected symbol

  Line 095:     implementation(libs.hilt.android)
                                                ^ Unexpected symbol

  Line 096:     ksp(libs.hilt.compiler)
                ^ Unexpected symbol

  Line 096:     ksp(libs.hilt.compiler)
                   ^ Unexpected symbol

  Line 096:     ksp(libs.hilt.compiler)
                    ^ Unexpected symbol

  Line 096:     ksp(libs.hilt.compiler)
                        ^ Unexpected symbol

  Line 096:     ksp(libs.hilt.compiler)
                         ^ Unexpected symbol

  Line 096:     ksp(libs.hilt.compiler)
                             ^ Unexpected symbol

  Line 096:     ksp(libs.hilt.compiler)
                              ^ Unexpected symbol

  Line 096:     ksp(libs.hilt.compiler)
                                      ^ Unexpected symbol

  Line 097:     implementation(libs.hilt.navigation)
                ^ Unexpected symbol

  Line 097:     implementation(libs.hilt.navigation)
                              ^ Unexpected symbol

  Line 097:     implementation(libs.hilt.navigation)
                               ^ Unexpected symbol

  Line 097:     implementation(libs.hilt.navigation)
                                   ^ Unexpected symbol

  Line 097:     implementation(libs.hilt.navigation)
                                    ^ Unexpected symbol

  Line 097:     implementation(libs.hilt.navigation)
                                        ^ Unexpected symbol

  Line 097:     implementation(libs.hilt.navigation)
                                         ^ Unexpected symbol

  Line 097:     implementation(libs.hilt.navigation)
                                                   ^ Unexpected symbol

  Line 100:     implementation(libs.room.runtime)
                ^ Unexpected symbol

  Line 100:     implementation(libs.room.runtime)
                              ^ Unexpected symbol

  Line 100:     implementation(libs.room.runtime)
                               ^ Unexpected symbol

  Line 100:     implementation(libs.room.runtime)
                                   ^ Unexpected symbol

  Line 100:     implementation(libs.room.runtime)
                                    ^ Unexpected symbol

  Line 100:     implementation(libs.room.runtime)
                                        ^ Unexpected symbol

  Line 100:     implementation(libs.room.runtime)
                                         ^ Unexpected symbol

  Line 100:     implementation(libs.room.runtime)
                                                ^ Unexpected symbol

  Line 101:     implementation(libs.room.ktx)
                ^ Unexpected symbol

  Line 101:     implementation(libs.room.ktx)
                              ^ Unexpected symbol

  Line 101:     implementation(libs.room.ktx)
                               ^ Unexpected symbol

  Line 101:     implementation(libs.room.ktx)
                                   ^ Unexpected symbol

  Line 101:     implementation(libs.room.ktx)
                                    ^ Unexpected symbol

  Line 101:     implementation(libs.room.ktx)
                                        ^ Unexpected symbol

  Line 101:     implementation(libs.room.ktx)
                                         ^ Unexpected symbol

  Line 101:     implementation(libs.room.ktx)
                                            ^ Unexpected symbol

  Line 102:     ksp(libs.room.compiler)
                ^ Unexpected symbol

  Line 102:     ksp(libs.room.compiler)
                   ^ Unexpected symbol

  Line 102:     ksp(libs.room.compiler)
                    ^ Unexpected symbol

  Line 102:     ksp(libs.room.compiler)
                        ^ Unexpected symbol

  Line 102:     ksp(libs.room.compiler)
                         ^ Unexpected symbol

  Line 102:     ksp(libs.room.compiler)
                             ^ Unexpected symbol

  Line 102:     ksp(libs.room.compiler)
                              ^ Unexpected symbol

  Line 102:     ksp(libs.room.compiler)
                                      ^ Unexpected symbol

  Line 103:     implementation(libs.datastore.preferences)
                ^ Unexpected symbol

  Line 103:     implementation(libs.datastore.preferences)
                              ^ Unexpected symbol

  Line 103:     implementation(libs.datastore.preferences)
                               ^ Unexpected symbol

  Line 103:     implementation(libs.datastore.preferences)
                                   ^ Unexpected symbol

  Line 103:     implementation(libs.datastore.preferences)
                                    ^ Unexpected symbol

  Line 103:     implementation(libs.datastore.preferences)
                                             ^ Unexpected symbol

  Line 103:     implementation(libs.datastore.preferences)
                                              ^ Unexpected symbol

  Line 103:     implementation(libs.datastore.preferences)
                                                         ^ Unexpected symbol

  Line 106:     implementation(libs.timber)
                ^ Unexpected symbol

  Line 106:     implementation(libs.timber)
                              ^ Unexpected symbol

  Line 106:     implementation(libs.timber)
                               ^ Unexpected symbol

  Line 106:     implementation(libs.timber)
                                   ^ Unexpected symbol

  Line 106:     implementation(libs.timber)
                                    ^ Unexpected symbol

  Line 106:     implementation(libs.timber)
                                          ^ Unexpected symbol

  Line 109:     implementation(libs.kotlinx.serialization.json)
                ^ Unexpected symbol

  Line 109:     implementation(libs.kotlinx.serialization.json)
                              ^ Unexpected symbol

  Line 109:     implementation(libs.kotlinx.serialization.json)
                               ^ Unexpected symbol

  Line 109:     implementation(libs.kotlinx.serialization.json)
                                   ^ Unexpected symbol

  Line 109:     implementation(libs.kotlinx.serialization.json)
                                    ^ Unexpected symbol

  Line 109:     implementation(libs.kotlinx.serialization.json)
                                           ^ Unexpected symbol

  Line 109:     implementation(libs.kotlinx.serialization.json)
                                            ^ Unexpected symbol

  Line 109:     implementation(libs.kotlinx.serialization.json)
                                                         ^ Unexpected symbol

  Line 109:     implementation(libs.kotlinx.serialization.json)
                                                          ^ Unexpected symbol

  Line 109:     implementation(libs.kotlinx.serialization.json)
                                                              ^ Unexpected symbol

  Line 110:     implementation(libs.kotlinx.coroutines)
                ^ Unexpected symbol

  Line 110:     implementation(libs.kotlinx.coroutines)
                              ^ Unexpected symbol

  Line 110:     implementation(libs.kotlinx.coroutines)
                               ^ Unexpected symbol

  Line 110:     implementation(libs.kotlinx.coroutines)
                                   ^ Unexpected symbol

  Line 110:     implementation(libs.kotlinx.coroutines)
                                    ^ Unexpected symbol

  Line 110:     implementation(libs.kotlinx.coroutines)
                                           ^ Unexpected symbol

  Line 110:     implementation(libs.kotlinx.coroutines)
                                            ^ Unexpected symbol

  Line 110:     implementation(libs.kotlinx.coroutines)
                                                      ^ Unexpected symbol

  Line 113:     implementation(libs.coil.compose)
                ^ Unexpected symbol

  Line 113:     implementation(libs.coil.compose)
                              ^ Unexpected symbol

  Line 113:     implementation(libs.coil.compose)
                               ^ Unexpected symbol

  Line 113:     implementation(libs.coil.compose)
                                   ^ Unexpected symbol

  Line 113:     implementation(libs.coil.compose)
                                    ^ Unexpected symbol

  Line 113:     implementation(libs.coil.compose)
                                        ^ Unexpected symbol

  Line 113:     implementation(libs.coil.compose)
                                         ^ Unexpected symbol

  Line 113:     implementation(libs.coil.compose)
                                                ^ Unexpected symbol

  Line 114:     implementation(libs.coil.network.okhttp)
                ^ Unexpected symbol

  Line 114:     implementation(libs.coil.network.okhttp)
                              ^ Unexpected symbol

  Line 114:     implementation(libs.coil.network.okhttp)
                               ^ Unexpected symbol

  Line 114:     implementation(libs.coil.network.okhttp)
                                   ^ Unexpected symbol

  Line 114:     implementation(libs.coil.network.okhttp)
                                    ^ Unexpected symbol

  Line 114:     implementation(libs.coil.network.okhttp)
                                        ^ Unexpected symbol

  Line 114:     implementation(libs.coil.network.okhttp)
                                         ^ Unexpected symbol

  Line 114:     implementation(libs.coil.network.okhttp)
                                                ^ Unexpected symbol

  Line 114:     implementation(libs.coil.network.okhttp)
                                                 ^ Unexpected symbol

  Line 114:     implementation(libs.coil.network.okhttp)
                                                       ^ Unexpected symbol

  Line 117:     implementation(libs.okhttp)
                ^ Unexpected symbol

  Line 117:     implementation(libs.okhttp)
                              ^ Unexpected symbol

  Line 117:     implementation(libs.okhttp)
                               ^ Unexpected symbol

  Line 117:     implementation(libs.okhttp)
                                   ^ Unexpected symbol

  Line 117:     implementation(libs.okhttp)
                                    ^ Unexpected symbol

  Line 117:     implementation(libs.okhttp)
                                          ^ Unexpected symbol

  Line 118:     implementation(libs.okhttp.logging)
                ^ Unexpected symbol

  Line 118:     implementation(libs.okhttp.logging)
                              ^ Unexpected symbol

  Line 118:     implementation(libs.okhttp.logging)
                               ^ Unexpected symbol

  Line 118:     implementation(libs.okhttp.logging)
                                   ^ Unexpected symbol

  Line 118:     implementation(libs.okhttp.logging)
                                    ^ Unexpected symbol

  Line 118:     implementation(libs.okhttp.logging)
                                          ^ Unexpected symbol

  Line 118:     implementation(libs.okhttp.logging)
                                           ^ Unexpected symbol

  Line 118:     implementation(libs.okhttp.logging)
                                                  ^ Unexpected symbol

  Line 119:     implementation(libs.retrofit)
                ^ Unexpected symbol

  Line 119:     implementation(libs.retrofit)
                              ^ Unexpected symbol

  Line 119:     implementation(libs.retrofit)
                               ^ Unexpected symbol

  Line 119:     implementation(libs.retrofit)
                                   ^ Unexpected symbol

  Line 119:     implementation(libs.retrofit)
                                    ^ Unexpected symbol

  Line 119:     implementation(libs.retrofit)
                                            ^ Unexpected symbol

  Line 120:     implementation(libs.retrofit.kotlinx)
                ^ Unexpected symbol

  Line 120:     implementation(libs.retrofit.kotlinx)
                              ^ Unexpected symbol

  Line 120:     implementation(libs.retrofit.kotlinx)
                               ^ Unexpected symbol

  Line 120:     implementation(libs.retrofit.kotlinx)
                                   ^ Unexpected symbol

  Line 120:     implementation(libs.retrofit.kotlinx)
                                    ^ Unexpected symbol

  Line 120:     implementation(libs.retrofit.kotlinx)
                                            ^ Unexpected symbol

  Line 120:     implementation(libs.retrofit.kotlinx)
                                             ^ Unexpected symbol

  Line 120:     implementation(libs.retrofit.kotlinx)
                                                    ^ Unexpected symbol

  Line 123:     implementation(libs.biometric)
                ^ Unexpected symbol

  Line 123:     implementation(libs.biometric)
                              ^ Unexpected symbol

  Line 123:     implementation(libs.biometric)
                               ^ Unexpected symbol

  Line 123:     implementation(libs.biometric)
                                   ^ Unexpected symbol

  Line 123:     implementation(libs.biometric)
                                    ^ Unexpected symbol

  Line 123:     implementation(libs.biometric)
                                             ^ Unexpected symbol

  Line 124:     implementation(libs.security.crypto)
                ^ Unexpected symbol

  Line 124:     implementation(libs.security.crypto)
                              ^ Unexpected symbol

  Line 124:     implementation(libs.security.crypto)
                               ^ Unexpected symbol

  Line 124:     implementation(libs.security.crypto)
                                   ^ Unexpected symbol

  Line 124:     implementation(libs.security.crypto)
                                    ^ Unexpected symbol

  Line 124:     implementation(libs.security.crypto)
                                            ^ Unexpected symbol

  Line 124:     implementation(libs.security.crypto)
                                             ^ Unexpected symbol

  Line 124:     implementation(libs.security.crypto)
                                                   ^ Unexpected symbol

  Line 127:     implementation(libs.workmanager)
                ^ Unexpected symbol

  Line 127:     implementation(libs.workmanager)
                              ^ Unexpected symbol

  Line 127:     implementation(libs.workmanager)
                               ^ Unexpected symbol

  Line 127:     implementation(libs.workmanager)
                                   ^ Unexpected symbol

  Line 127:     implementation(libs.workmanager)
                                    ^ Unexpected symbol

  Line 127:     implementation(libs.workmanager)
                                               ^ Unexpected symbol

  Line 128:     implementation(libs.fragment.compose)
                ^ Unexpected symbol

  Line 128:     implementation(libs.fragment.compose)
                              ^ Unexpected symbol

  Line 128:     implementation(libs.fragment.compose)
                               ^ Unexpected symbol

  Line 128:     implementation(libs.fragment.compose)
                                   ^ Unexpected symbol

  Line 128:     implementation(libs.fragment.compose)
                                    ^ Unexpected symbol

  Line 128:     implementation(libs.fragment.compose)
                                            ^ Unexpected symbol

  Line 128:     implementation(libs.fragment.compose)
                                             ^ Unexpected symbol

  Line 128:     implementation(libs.fragment.compose)
                                                    ^ Unexpected symbol

  Line 131:     implementation(libs.datastore.preferences)
                ^ Unexpected symbol

  Line 131:     implementation(libs.datastore.preferences)
                              ^ Unexpected symbol

  Line 131:     implementation(libs.datastore.preferences)
                               ^ Unexpected symbol

  Line 131:     implementation(libs.datastore.preferences)
                                   ^ Unexpected symbol

  Line 131:     implementation(libs.datastore.preferences)
                                    ^ Unexpected symbol

  Line 131:     implementation(libs.datastore.preferences)
                                             ^ Unexpected symbol

  Line 131:     implementation(libs.datastore.preferences)
                                              ^ Unexpected symbol

  Line 131:     implementation(libs.datastore.preferences)
                                                         ^ Unexpected symbol

  Line 132:     implementation(libs.datastore)
                ^ Unexpected symbol

  Line 132:     implementation(libs.datastore)
                              ^ Unexpected symbol

  Line 132:     implementation(libs.datastore)
                               ^ Unexpected symbol

  Line 132:     implementation(libs.datastore)
                                   ^ Unexpected symbol

  Line 132:     implementation(libs.datastore)
                                    ^ Unexpected symbol

  Line 132:     implementation(libs.datastore)
                                             ^ Unexpected symbol

  Line 133:     implementation(libs.glance)
                ^ Unexpected symbol

  Line 133:     implementation(libs.glance)
                              ^ Unexpected symbol

  Line 133:     implementation(libs.glance)
                               ^ Unexpected symbol

  Line 133:     implementation(libs.glance)
                                   ^ Unexpected symbol

  Line 133:     implementation(libs.glance)
                                    ^ Unexpected symbol

  Line 133:     implementation(libs.glance)
                                          ^ Unexpected symbol

  Line 134:     implementation(libs.glance.material3)
                ^ Unexpected symbol

  Line 134:     implementation(libs.glance.material3)
                              ^ Unexpected symbol

  Line 134:     implementation(libs.glance.material3)
                               ^ Unexpected symbol

  Line 134:     implementation(libs.glance.material3)
                                   ^ Unexpected symbol

  Line 134:     implementation(libs.glance.material3)
                                    ^ Unexpected symbol

  Line 134:     implementation(libs.glance.material3)
                                          ^ Unexpected symbol

  Line 134:     implementation(libs.glance.material3)
                                           ^ Unexpected symbol

  Line 134:     implementation(libs.glance.material3)
                                                    ^ Unexpected symbol

  Line 137:     coreLibraryDesugaring(libs.desugar)
                ^ Unexpected symbol

  Line 137:     coreLibraryDesugaring(libs.desugar)
                                     ^ Unexpected symbol

  Line 137:     coreLibraryDesugaring(libs.desugar)
                                      ^ Unexpected symbol

  Line 137:     coreLibraryDesugaring(libs.desugar)
                                          ^ Unexpected symbol

  Line 137:     coreLibraryDesugaring(libs.desugar)
                                           ^ Unexpected symbol

  Line 137:     coreLibraryDesugaring(libs.desugar)
                                                  ^ Unexpected symbol

  Line 138: }
            ^ Unexpected symbol

325 errors

* Try:
> Run with --stacktrace option to get the stack trace.
> Run with --info or --debug option to get more log output.
> Run with --scan to get full insights from a Build Scan (powered by Develocity).
> Get more help at https://help.gradle.org.

BUILD FAILED in 1s
[INFO]           Could not resolve kotlin-stdlib using Maven: Cannot invoke "java.nio.file.Path.getFileSystem()" because "path" is null
[INFO]           Found kotlinc at /usr/bin/kotlinc
[INFO]           Successfully resolved kotlin-stdlib using Gradle to /home/dae/.gradle/caches/modules-2/files-2.1/org.jetbrains.kotlin/kotlin-stdlib/2.4.0/4e9f4b531dce5c7dee58ed2de9a8b9a763c8dc6c/kotlin-stdlib-2.4.0.jar
